maccum,f=,s=,[k=],[-assert_diffSize],[-assert_nullkey],[-assert_nullin],[-assert_nullout],[-nfn],[-nfno],[-x],[-q],[tmpPath=],[precision=]
marff2csv,[-assert_nullout],[-nfn],[-nfno],[-x],[-q],[tmpPath=]
mavg,f=,[k=],[-n],[-assert_diffSize],[-assert_nullkey],[-assert_nullin],[-assert_nullout],[-nfn],[-nfno],[-x],[-q],[tmpPath=],[precision=]
mbest,s=,[R=],[from=],[to=|size=],[k=],[u=],[-r],[-assert_diffSize],[-assert_nullkey],[-nfn],[-nfno],[-x],[-q],[tmpPath=]
mbucket,f=,n=,[-rng],[-r],[F=],[k=],[O=],[bufcount=],[-assert_diffSize],[-assert_nullkey],[-assert_nullout],[-nfn],[-nfno],[-x],[-q],[tmpPath=],[precision=]
mcat,[f=],[-skip_fnf],[-nostop|-skip|-force],[-stdin],[-assert_diffSize],[-assert_nullin],[-nfn],[-nfno],[-x],[-q],[tmpPath=]
mchgnum,f=,R=,[O=|-F],[v=],[-A],[-r],[-assert_diffSize],[-assert_nullin],[-assert_nullout],[-nfn],[-nfno],[-x],[-q],[tmpPath=]
mchgstr,c=,f=,[O=],[-A],[-F],[-sub],[-W],[-assert_diffSize],[-assert_nullin],[-assert_nullout],[-nfn],[-nfno],[-x],[-q],[tmpPath=]
mchkcsv,[a=],[-diag],[-r],[-assert_nullout],[-nfn],[-nfno],[-x],[-q],[tmpPath=]
mcombi,a=,f=,n=,[s=],[k=],[-p],[-dup],[-assert_diffSize],[-assert_nullin],[-nfn],[-nfno],[-x],[-q],[tmpPath=]
mcommon,k=,[K=],[u=],[-r],m=,[-assert_diffSize],[-assert_nullkey],[-nfn],[-nfno],[-x],[-q],[tmpPath=]
mcount,a=,[k=],[-assert_diffSize],[-assert_nullkey],[-nfn],[-nfno],[-x],[-q],[tmpPath=]
mcross,f=,s=,[a=],[k=],[v=],[n=],[-assert_diffSize],[-assert_nullkey],[-assert_nullin],[-assert_nullout],[-nfn],[-nfno],[-x],[-q],[tmpPath=]
m2cross,f=,s=|a=,[k=],[v=],[-assert_diffSize],[-assert_nullkey],[-assert_nullin],[-assert_nullout],[-nfn],[-nfno],[-x],[-q],[tmpPath=]
mcsv2arff,n=|d=|D=|s=,[T=],[-assert_nullin],[-nfn],[-nfno],[-x],[-q],[tmpPath=]
mcut,f=,[-r],[-nfni],[-assert_diffSize],[-assert_nullin],[-nfn],[-nfno],[-x],[-q],[tmpPath=]
mdelnull,f=,[k=],[u=],[-F],[-r],[-R],[bufcount=],[-assert_diffSize],[-assert_nullkey],[-nfn],[-nfno],[-x],[-q],[tmpPath=]
mdformat,c=,f=,[-A],[-assert_diffSize],[-assert_nullin],[-assert_nullout],[-nfn],[-nfno],[-x],[-q],[tmp-Path=]
mduprec,f=|n=,[-assert_diffSize],[-assert_nullin],[-nfn],[-nfno],[-x],[-q],[tmpPath=]
mfldname,f=|n=,[-nfni],[-assert_diffSize],[-nfn],[-nfno],[-x],[-q],[tmpPath=]
mfsort,f=,[-r],[-n],[-assert_diffSize],[-assert_nullin],[-nfn],[-nfno],[-x],[-q],[tmpPath=]
mhashavg,f=,[hs=],[k=],[-n],[-assert_diffSize],[-assert_nullkey],[-assert_nullin],[-assert_nullout],[-nfn],[-nfno],[-x],[-q],[tmpPath=],[precision=]
mhashsum,f=,[hs=],[k=],[-n],[-assert_diffSize],[-assert_nullkey],[-assert_nullin],[-assert_nullout],[-nfn],[-nfno],[-x],[-q],[tmpPath=],[precision=]
mjoin,k=,[f=],[K=],[-n],[-N],m=,[-assert_diffSize],[-assert_nullkey],[-assert_nullin],[-assert_nullout],[-nfn],[-nfno],[-x],[-q],[tmpPath=]
mkeybreak,k=,[s=],[a=],[-assert_diffSize],[-assert_nullkey],[-assert_nullout],[-nfn],[-nfno],[-x],[-q],[tmpPath=]
mmbucket,f=,n=,[F=],[k=],[O=],[-ms],[-r],[bufcount=],[-assert_diffSize],[-assert_nullkey],[-assert_nullin],[-assert_nullout],[-nfn],[-nfno],[-x],[-q],[tmpPath=]
mmvavg,[s=],[k=],[n=],f=,[t=],[-exp|-w],[alpha=],[skip=],[-assert_diffSize],[-assert_nullkey],[-assert_nullin],[-assert_nullout],[-nfn],[-nfno],[-x],[-q],[tmpPath=],[precision=]
mmvsim,[s=],[k=],f=,c=,a=,[t=],[skip=],-n,[-assert_diffSize],[-assert_nullkey],[-assert_nullin],[-assert_nullout],[-nfn],[-nfno],[-x],[-q],[tmpPath=],[precision=]
mmvstats,[s=],[k=],f=,[t=],c=,[skip=],-n,[-assert_diffSize],[-assert_nullkey],[-assert_nullin],[-assert_nullout],[-nfn],[-nfno],[-x],[-q],[tmpPath=],[precision=]
mnewnumber,a=,[I=],[S=],[l=],[-nfn],[-nfno],[-x],[-q],[tmpPath=]
mnewrand,a=,[max=],[min=],[S=],[l=],[-int],[-nfn],[-nfno],[-x],[-q],[tmpPath=]
mnewstr,a=,[v=],[l=],[-nfn],[-nfno],[-x],[-q],[tmpPath=]
mnjoin,k=,[f=],[K=],[-n],[-N],m=,[bufcount=],[-assert_diffSize],[-assert_nullkey],[-assert_nullin],[-assert_nullout],[-nfn],[-nfno],[-x],[-q],[tmpPath=]
mnormalize,c=,f=,[k=],[bufcount=],[-assert_diffSize],[-assert_nullkey],[-assert_nullin],[-assert_nullout],[-nfn],[-nfno],[-x],[-q],[tmpPath=],[precision=]
mnrcommon,[k=],R=,r=,[K=],[u=],[-r],m=,[-assert_diffSize],[-assert_nullkey],[-nfn],[-nfno],[-x],[-q],[tmpPath=]
mnrjoin,R=,r=,[k=],[K=],[f=],[-n],[-N],m=,[-assert_diffSize],[-assert_nullkey],[-assert_nullin],[-assert_nullout],[-nfn],[-nfno],[-x],[-q],[tmpPath=]
mnullto,f=,[v=|-p],[O=],[-A],[-assert_diffSize],[-nfn],[-nfno],[-x],[tmpPath=]
mnumber,a=,[e=],[I=],[k=],[s=],[S=],[-B],[-assert_diffSize],[-assert_nullkey],[-nfn],[-nfno],[-x],[-q],[tmpPath=]
mpadding,[k=],f=,[v=],[S=],[E=],[-n],[-assert_diffSize],[-assert_nullkey],[-assert_nullin],[-assert_nullout],[-nfn],[-nfno],[-x],[-q],[tmpPath=]
mpaste,[f=],-n,-N,m=,[-assert_diffSize],[-assert_nullin],[-assert_nullout],[-nfn],[-nfno],[-x],[-q],[tmp-Path=]
mproduct,[f=],m=,[bufcount=],[-assert_diffSize],[-assert_nullin],[-nfn],[-nfno],[-x],[-q],[tmpPath=]
mrand,[k=],a=,[max=],[min=],[S=],[-int],[-assert_diffSize],[-assert_nullkey],[-nfn],[-nfno],[-x],[-q],[tmpPath=]
mrjoin,r=,[k=],[K=],[R=],[f=],[-n],[-lo],[m=],[-assert_diffSize],[-assert_nullkey],[-assert_nullin],[-assert_nullout],[-nfn],[-nfno],[-x],[-q],[tmpPath=]
msed,c=,f=,v=,[-A],[-g],[-W],[-assert_diffSize],[-assert_nullin],[-assert_nullout],[-nfn],[-nfno],[-x],[-q],[tmpPath=]
msel,c=,[u=],[-r],[-assert_diffSize],[-nfn],[-nfno],[-x],[-q],[tmpPath=]
mselnum,f=,c=,[k=],[u=],[-F],[-r],[-R],[bufcount=],[-assert_diffSize],[-assert_nullkey],[-assert_nullin],[-nfn],[-nfno],[-x],[-q],[tmpPath=]
mselrand,c=|p=,[k=],[S=],[u=],[-B],[-assert_diffSize],[-assert_nullkey],[-nfn],[-nfno],[-x],[-q],[tmp-Path=]
mselstr,f=,v=,[k=],[u=],[-F],[-r],[-R],[-sub],[-head],[-tail],[-W],[bufcount=],[-assert_diffSize],[-assert_nullkey],[-assert_nullin],[-nfn],[-nfno],[-x],[-q],[tmpPath=]
msep,d=,[-p],[f=],[-assert_nullin],[-nfn],[-nfno],[-x],[-q],[tmpPath=]
msep2,k=,O=,a=,[-p],[-assert_nullkey],[-nfn],[-nfno],[-x],[-q],[tmpPath=]
msetstr,v=,a=,[-assert_diffSize],[-nfn],[-nfno],[-x],[-q],[tmpPath=]
mshare,f=,[k=],[-assert_diffSize],[-assert_nullkey],[-assert_nullin],[-assert_nullout],[-nfn],[-nfno],[-x],[-q],[tmpPath=]
mshuffle,n=|v=,d=,[f=],[-nfn],[-nfno],[-x],[-q],[tmpPath=]
msim,c=,f=,[a=],[k=],[n=],[-d],[bufcount=],[-assert_diffSize],[-assert_nullkey],[-assert_nullin],[-assert_nullout],[-nfn],[-nfno],[-x],[-q],[tmpPath=],[precision=]
mslide,f=,[s=],[k=],[t=],[-r],[-n],[-l],[-assert_diffSize],[-assert_nullkey],[-assert_nullin],[-assert_nullout],[-nfn],[-nfno],[-x],[-q],[tmpPath=]
msortf,f=,[pways=],[maxlines=],[blocks=],[threadCnt=],[-noflg],[-assert_diffSize],[-nfn],[-nfno],[-x],[-q],[tmpPath=]
msplit,f=,a=,[-r],[delim=],[-nfn],[-nfno],[-x],[-q],[tmpPath=]
mstats,c=,f=,[k=],[-n],[-assert_diffSize],[-assert_nullkey],[-assert_nullin],[-assert_nullout],[-nfn],[-nfno],[-x],[-q],[tmpPath=],[precision=]
msum,f=,[k=],[-n],[-assert_diffSize],[-assert_nullkey],[-assert_nullin],[-assert_nullout],[-nfn],[-nfno],[-x],[-q],[tmpPath=],[precision=]
msummary,c=,f=,[a=],[k=],[-n],[-assert_diffSize],[-assert_nullkey],[-assert_nullin],[-assert_nullout],[-nfn],[-nfno],[-x],[-q],[tmpPath=],[precision=]
mtab2csv,[d=],[-r],[-nfn],[-nfno],[-x],[-q],[tmpPath=]
mtee,[-nostdout],[-nfn],[-nfno],[-x],[-q],[tmpPath=]
mtonull,f=,v=,[-sub],[-W],[-assert_diffSize],[-assert_nullin],[-nfn],[-nfno],[-x],[-q],[tmpPath=]
mtra,f=,[s=],[k=],[delim=],[-r],[-assert_diffSize],[-assert_nullkey],[-assert_nullin],[-assert_nullout],[-nfn],[-nfno],[-x],[-q],[tmpPath=]
mtrafld,a=,[f=],[delim=],[delim2=],[-r],[-valOnly],[-assert_diffSize],[-assert_nullin],[-assert_nullout],[-nfn],[-nfno],[-x],[-q],[tmpPath=]
mtraflg,a=,f=,[delim=],[-r],[-assert_diffSize],[-assert_nullin],[-assert_nullout],[-nfn],[-nfno],[-x],[-q],[tmpPath=]
muniq,[k=],[-assert_diffSize],[-assert_nullkey],[-nfn],[-nfno],[-x],[-q],[tmpPath=]
mvcat,vf=,a=,[-A],[delim=],[-assert_diffSize],[-assert_nullin],[-assert_nullout],[-nfn],[-nfno],[-x],[-q],[tmpPath=]
mvcommon,vf=,[-A],K=,[-r],m=,[delim=],[-assert_diffSize],[-assert_nullin],[-assert_nullout],[-nfn],[-nfno],[-x],[-q],[tmpPath=]
mvcount,vf=,[delim=],[-assert_diffSize],[-assert_nullin],[-nfn],[-nfno],[-x],[-q],[tmpPath=]
mvdelim,vf=,v=,[-A],[delim=],[-assert_diffSize],[-assert_nullin],[-assert_nullout],[-nfn],[-nfno],[-x],[-q],[tmpPath=]
mvdelnull,vf=,[-A],[delim=],[-assert_diffSize],[-assert_nullin],[-assert_nullout],[-nfn],[-nfno],[-x],[-q],[tmpPath=]
mvjoin,vf=,[-A],K=,f=,[n=],m=,[delim=],[-assert_diffSize],[-assert_nullin],[-assert_nullout],[-nfn],[-nfno],[-x],[-q],[tmpPath=]
mvnullto,vf=,[v=|-p],[O=],[-A],[delim=],[-assert_diffSize],[-assert_nullin],[-assert_nullout],[-nfn],[-nfno],[-x],[-q],[tmpPath=]
mvreplace,vf=,K=,f=,[n=],m=,[-A],[delim=],[-assert_diffSize],[-assert_nullin],[-assert_nullout],[-nfn],[-nfno],[-x],[-q],[tmpPath=]
mvsort,vf=,[-A],[delim=],[-assert_diffSize],[-assert_nullin],[-assert_nullout],[-nfn],[-nfno],[-x],[-q],[tmp-Path=]
mvuniq,vf=,[-A],[-n],[delim=],[-assert_diffSize],[-assert_nullin],[-assert_nullout],[-nfn],[-nfno],[-x],[-q],[tmpPath=]
mwindow,wk=,t=,[k=],[-r],[-n],[-assert_diffSize],[-assert_nullkey],[-nfn],[-nfno],[-x],[-q],[tmp-Path=]
mxml2csv,k=,f=,[-nfn],[-nfno],[-x],[-q],[tmpPath=]
mcal,a=,c=,[-assert_diffSize],[-assert_nullkey],[-assert_nullin],[-assert_nullout],[-nfn],[-nfno],[-x],[-q],[tmpPath=],[precision=]
