number,killed_by,killer_name,killer_placement,killer_position_x,killer_position_y,map,match_id,time,victim_name,victim_placement,victim_position_x,victim_position_y
0,Grenade,KrazyPortuguese,5,657725.1,146275.2,MIRAMAR,2U4GBNA0YmnLSqvEycnTjo-KT000vfUnhSA2vfVhVPe1QBwCTNTBJ5B_1Ocel6nY,823,KrazyPortuguese,5,657725.1,146275.2
1,SCAR-L,nide2Bxiaojiejie,31,93091.37,722236.4,MIRAMAR,2U4GBNA0YmnLSqvEycnTjo-KT000vfUnhSA2vfVhVPe1QBwCTNTBJ5B_1Ocel6nY,194,X3evolution,33,92238.68,723375.1
2,S686,Ascholes,43,366921.4,421623.9,MIRAMAR,2U4GBNA0YmnLSqvEycnTjo-KT000vfUnhSA2vfVhVPe1QBwCTNTBJ5B_1Ocel6nY,103,CtrlZee,46,367304.5,421216.1
3,Down and Out,Weirdo7777,9,472014.2,313274.8,MIRAMAR,2U4GBNA0YmnLSqvEycnTjo-KT000vfUnhSA2vfVhVPe1QBwCTNTBJ5B_1Ocel6nY,1018,BlackDpre,13,476645.9,316758.4
4,M416,Solayuki1,9,473357.8,318340.5,MIRAMAR,2U4GBNA0YmnLSqvEycnTjo-KT000vfUnhSA2vfVhVPe1QBwCTNTBJ5B_1Ocel6nY,1018,Vjolt,13,473588.5,318418.8
5,Punch,xuezhiqian717,26,721944.4,359575.3,MIRAMAR,2U4GBNA0YmnLSqvEycnTjo-KT000vfUnhSA2vfVhVPe1QBwCTNTBJ5B_1Ocel6nY,123,PurplePenguin9,47,0,0
6,AKM,pdfjkkvjk,12,376333.8,317858.9,MIRAMAR,2U4GBNA0YmnLSqvEycnTjo-KT000vfUnhSA2vfVhVPe1QBwCTNTBJ5B_1Ocel6nY,886,JoeyJoeman,15,372808.3,297124.2
7,S686,xiaogao13,27,373125.3,433540.6,MIRAMAR,2U4GBNA0YmnLSqvEycnTjo-KT000vfUnhSA2vfVhVPe1QBwCTNTBJ5B_1Ocel6nY,137,BNOISE,38,373125.8,433608.8
8,S686,Jingchita,40,370990.6,424074.5,MIRAMAR,2U4GBNA0YmnLSqvEycnTjo-KT000vfUnhSA2vfVhVPe1QBwCTNTBJ5B_1Ocel6nY,89,OmGiTzPauly,47,370761.1,423662.1
9,AKM,Alexande-999,25,368799.3,420810.2,MIRAMAR,2U4GBNA0YmnLSqvEycnTjo-KT000vfUnhSA2vfVhVPe1QBwCTNTBJ5B_1Ocel6nY,117,Ascholes,43,368015,421322.6
10,Punch,NameLessisME,8,434351.8,278681.6,MIRAMAR,2U4GBNA0YmnLSqvEycnTjo-KT000vfUnhSA2vfVhVPe1QBwCTNTBJ5B_1Ocel6nY,165,Haten-Gu,28,434383.5,278608.1
11,P92,Daerljgodi,20,365983.6,439563.8,MIRAMAR,2U4GBNA0YmnLSqvEycnTjo-KT000vfUnhSA2vfVhVPe1QBwCTNTBJ5B_1Ocel6nY,111,BigBeefyy,38,366246.5,439890.6
12,S686,JoyFeng-,3,363435.6,423069.7,MIRAMAR,2U4GBNA0YmnLSqvEycnTjo-KT000vfUnhSA2vfVhVPe1QBwCTNTBJ5B_1Ocel6nY,406,WalrusInHeat,23,363666.7,423256.1
13,M416,NameLessisME,8,374980.3,293019.5,MIRAMAR,2U4GBNA0YmnLSqvEycnTjo-KT000vfUnhSA2vfVhVPe1QBwCTNTBJ5B_1Ocel6nY,883,Dinostoned,15,375053.3,293151.7
14,Down and Out,UrGrandFather,14,535680.8,368517.3,MIRAMAR,2U4GBNA0YmnLSqvEycnTjo-KT000vfUnhSA2vfVhVPe1QBwCTNTBJ5B_1Ocel6nY,751,Pis22,,533947.6,366812.6
15,Punch,xuezhiqian717,26,725042.3,361510.1,MIRAMAR,2U4GBNA0YmnLSqvEycnTjo-KT000vfUnhSA2vfVhVPe1QBwCTNTBJ5B_1Ocel6nY,139,patrickmoneyy,47,0,0
16,Win94,FantasticBoys,2,384599.4,437149.5,MIRAMAR,2U4GBNA0YmnLSqvEycnTjo-KT000vfUnhSA2vfVhVPe1QBwCTNTBJ5B_1Ocel6nY,127,ImSoPhamcy,42,383677.7,443822.2
17,M416,PPPIGFEET,26,363133.9,430829.4,MIRAMAR,2U4GBNA0YmnLSqvEycnTjo-KT000vfUnhSA2vfVhVPe1QBwCTNTBJ5B_1Ocel6nY,229,Northidaho,30,363109.9,430999.2
18,M16A4,EnGliSh22,5,582324.7,251006.2,MIRAMAR,2U4GBNA0YmnLSqvEycnTjo-KT000vfUnhSA2vfVhVPe1QBwCTNTBJ5B_1Ocel6nY,1181,BuckFutt22,11,584332.7,252824
19,S12K,Bookinga,44,371186.5,423791.3,MIRAMAR,2U4GBNA0YmnLSqvEycnTjo-KT000vfUnhSA2vfVhVPe1QBwCTNTBJ5B_1Ocel6nY,97,BergerBoi,47,371092.2,423650.7
20,Hit by Car,EnGliSh22,5,585668.6,255305.8,MIRAMAR,2U4GBNA0YmnLSqvEycnTjo-KT000vfUnhSA2vfVhVPe1QBwCTNTBJ5B_1Ocel6nY,1168,DjmikeC25,11,585531.9,254955.9
21,S686,AbelZz,40,369312.9,423919.6,MIRAMAR,2U4GBNA0YmnLSqvEycnTjo-KT000vfUnhSA2vfVhVPe1QBwCTNTBJ5B_1Ocel6nY,105,Bookinga,44,370673.2,423840.2
22,death.WeapSawnoff_C,WuGangFeng,27,367909.7,429321.3,MIRAMAR,2U4GBNA0YmnLSqvEycnTjo-KT000vfUnhSA2vfVhVPe1QBwCTNTBJ5B_1Ocel6nY,248,Thee_Milk_Man,23,367964.2,429490.9
23,Kar98k,DouYuTV-SeaL,1,537062.8,262886.5,MIRAMAR,2U4GBNA0YmnLSqvEycnTjo-KT000vfUnhSA2vfVhVPe1QBwCTNTBJ5B_1Ocel6nY,1339,ZachOnTitan,7,531516.6,261727.1
24,Kar98k,Summertime333,10,523742.6,358413.7,MIRAMAR,2U4GBNA0YmnLSqvEycnTjo-KT000vfUnhSA2vfVhVPe1QBwCTNTBJ5B_1Ocel6nY,935,UrGrandFather,14,539250.9,369010.5
25,M416,DouYuTV-SeaL,1,537040.3,262955.1,MIRAMAR,2U4GBNA0YmnLSqvEycnTjo-KT000vfUnhSA2vfVhVPe1QBwCTNTBJ5B_1Ocel6nY,1467,Reesman22,7,531858.7,259386.2
26,M16A4,zhuyi1993,29,432964.9,552600.4,MIRAMAR,2U4GBNA0YmnLSqvEycnTjo-KT000vfUnhSA2vfVhVPe1QBwCTNTBJ5B_1Ocel6nY,183,A_Araujo,34,433768.5,549469.6
27,Punch,nide2Bxiaojiejie,31,85697.73,711625.3,MIRAMAR,2U4GBNA0YmnLSqvEycnTjo-KT000vfUnhSA2vfVhVPe1QBwCTNTBJ5B_1Ocel6nY,158,KCannon98,33,85646.66,711693
28,Down and Out,WellSuited,35,380787.1,445621.9,MIRAMAR,2U4GBNA0YmnLSqvEycnTjo-KT000vfUnhSA2vfVhVPe1QBwCTNTBJ5B_1Ocel6nY,127,Ninjakirby,42,383263.8,444835.7
29,Kar98k,DouYuTV-SeaL,1,566307.3,267828,MIRAMAR,2U4GBNA0YmnLSqvEycnTjo-KT000vfUnhSA2vfVhVPe1QBwCTNTBJ5B_1Ocel6nY,1609,EnGliSh22,5,581870.3,262490.8
30,Tommy Gun,zhuyi1993,29,432354.2,552524.8,MIRAMAR,2U4GBNA0YmnLSqvEycnTjo-KT000vfUnhSA2vfVhVPe1QBwCTNTBJ5B_1Ocel6nY,175,HKR-iNexxT,34,432617.8,552224.6
31,SCAR-L,TONGLIANGZHI,10,533994.9,367667.9,MIRAMAR,2U4GBNA0YmnLSqvEycnTjo-KT000vfUnhSA2vfVhVPe1QBwCTNTBJ5B_1Ocel6nY,986,Piece_of_Sht,14,534734.3,366406.6
32,Down and Out,LowGe,3,367694.3,421260.3,MIRAMAR,2U4GBNA0YmnLSqvEycnTjo-KT000vfUnhSA2vfVhVPe1QBwCTNTBJ5B_1Ocel6nY,357,PPPIGFEET,26,363426,420061.2
33,S1897,Corleone_Wu,1,470378.2,363769.2,MIRAMAR,2U4GBNA0YmnLSqvEycnTjo-KT000vfUnhSA2vfVhVPe1QBwCTNTBJ5B_1Ocel6nY,368,china_lml520ad,24,469077.3,364668.5
34,AKM,g0f55,25,368738.8,417488.9,MIRAMAR,2U4GBNA0YmnLSqvEycnTjo-KT000vfUnhSA2vfVhVPe1QBwCTNTBJ5B_1Ocel6nY,357,jinze,26,368821.4,417726.5
35,Down and Out,TONGLIANGZHI,10,471184.8,359439.6,MIRAMAR,2U4GBNA0YmnLSqvEycnTjo-KT000vfUnhSA2vfVhVPe1QBwCTNTBJ5B_1Ocel6nY,644,Corleone_Wu,,470963.8,354800.2
36,Grenade,TONGLIANGZHI,10,471265.5,359205.4,MIRAMAR,2U4GBNA0YmnLSqvEycnTjo-KT000vfUnhSA2vfVhVPe1QBwCTNTBJ5B_1Ocel6nY,642,SAOZISHUIZHENDUO,,471033,354114.8
37,S686,NET_MANHDUNG2,1,366106.7,438907.3,MIRAMAR,2U4GBNA0YmnLSqvEycnTjo-KT000vfUnhSA2vfVhVPe1QBwCTNTBJ5B_1Ocel6nY,411,HandsomeBi,22,366301.9,438846.4
38,Bluezone,IdiotWHJ,6,557525.2,304430.7,MIRAMAR,2U4GBNA0YmnLSqvEycnTjo-KT000vfUnhSA2vfVhVPe1QBwCTNTBJ5B_1Ocel6nY,1518,FantasticBoys,2,551213.4,319105.2
39,Down and Out,AbelZz,40,369005.9,424291.5,MIRAMAR,2U4GBNA0YmnLSqvEycnTjo-KT000vfUnhSA2vfVhVPe1QBwCTNTBJ5B_1Ocel6nY,103,1000level,45,367875,424299.3
40,M16A4,NET_MANHDUNG2,1,365733.5,440216.9,MIRAMAR,2U4GBNA0YmnLSqvEycnTjo-KT000vfUnhSA2vfVhVPe1QBwCTNTBJ5B_1Ocel6nY,443,FreshMelonBalls,22,366082.4,440142.2
41,SCAR-L,Piece_of_Sht,14,535224.7,364994.1,MIRAMAR,2U4GBNA0YmnLSqvEycnTjo-KT000vfUnhSA2vfVhVPe1QBwCTNTBJ5B_1Ocel6nY,654,LuToRious,18,534702.3,364259.2
42,SCAR-L,UrGrandFather,14,534154.8,369219.3,MIRAMAR,2U4GBNA0YmnLSqvEycnTjo-KT000vfUnhSA2vfVhVPe1QBwCTNTBJ5B_1Ocel6nY,610,SuccMeOffSki,18,534507.9,365915
43,M416,LowGe,3,368297.1,421150.7,MIRAMAR,2U4GBNA0YmnLSqvEycnTjo-KT000vfUnhSA2vfVhVPe1QBwCTNTBJ5B_1Ocel6nY,361,g0f55,25,367489,416852.1
44,Bluezone,,,,,MIRAMAR,2U4GBNA0YmnLSqvEycnTjo-KT000vfUnhSA2vfVhVPe1QBwCTNTBJ5B_1Ocel6nY,879,xuezhiqian717,26,0,0
45,S686,Ascholes,43,367649.3,421192.5,MIRAMAR,2U4GBNA0YmnLSqvEycnTjo-KT000vfUnhSA2vfVhVPe1QBwCTNTBJ5B_1Ocel6nY,96,NorthernGriz,46,368288.5,421208.9
46,M416,DouYuTV-SeaL,1,567049.2,290710.9,MIRAMAR,2U4GBNA0YmnLSqvEycnTjo-KT000vfUnhSA2vfVhVPe1QBwCTNTBJ5B_1Ocel6nY,1966,TedHQW,2,564992.1,290137.1
47,M416,98888888kK,7,570506.3,300499.4,MIRAMAR,2U4GBNA0YmnLSqvEycnTjo-KT000vfUnhSA2vfVhVPe1QBwCTNTBJ5B_1Ocel6nY,1560,IdiotWHJ,6,562046.8,303647
48,Win94,WalrusInHeat,23,367829.1,429801.6,MIRAMAR,2U4GBNA0YmnLSqvEycnTjo-KT000vfUnhSA2vfVhVPe1QBwCTNTBJ5B_1Ocel6nY,211,Sugar_Booger423,32,369624.7,434335.9
49,Down and Out,JoyFeng-,3,366462.9,423587.8,MIRAMAR,2U4GBNA0YmnLSqvEycnTjo-KT000vfUnhSA2vfVhVPe1QBwCTNTBJ5B_1Ocel6nY,199,NoParkingHere,30,364521.4,424906.5
50,Down and Out,ImSoPhamcy,42,383678.6,444768.1,MIRAMAR,2U4GBNA0YmnLSqvEycnTjo-KT000vfUnhSA2vfVhVPe1QBwCTNTBJ5B_1Ocel6nY,144,heavychevyz7197,35,383871.9,444276.9
51,S686,LowGe,3,371549.9,423493.3,MIRAMAR,2U4GBNA0YmnLSqvEycnTjo-KT000vfUnhSA2vfVhVPe1QBwCTNTBJ5B_1Ocel6nY,103,SADEX,45,371355.5,423288.6
52,SCAR-L,FantasticBoys,2,526263.6,345763.2,MIRAMAR,2U4GBNA0YmnLSqvEycnTjo-KT000vfUnhSA2vfVhVPe1QBwCTNTBJ5B_1Ocel6nY,1244,Solayuki1,9,527243.9,346417.4
53,Punch,xuezhiqian717,26,725012.6,361189.7,MIRAMAR,2U4GBNA0YmnLSqvEycnTjo-KT000vfUnhSA2vfVhVPe1QBwCTNTBJ5B_1Ocel6nY,134,xXtentacionXx,47,0,0
54,AKM,Alexande-999,25,361569.7,419730,MIRAMAR,2U4GBNA0YmnLSqvEycnTjo-KT000vfUnhSA2vfVhVPe1QBwCTNTBJ5B_1Ocel6nY,167,Newblacen,36,361278.9,419166.9
55,Grenade,MeLeeXH,1,568047.1,288962.2,MIRAMAR,2U4GBNA0YmnLSqvEycnTjo-KT000vfUnhSA2vfVhVPe1QBwCTNTBJ5B_1Ocel6nY,1944,LowGe,3,567814.8,294379.8
56,Down and Out,TedHQW,2,559462.1,313402.6,MIRAMAR,2U4GBNA0YmnLSqvEycnTjo-KT000vfUnhSA2vfVhVPe1QBwCTNTBJ5B_1Ocel6nY,1539,Kroy2005,6,561293.3,306626.6
57,Grenade,nide2Bxiaojiejie,31,90925.14,722112.9,MIRAMAR,2U4GBNA0YmnLSqvEycnTjo-KT000vfUnhSA2vfVhVPe1QBwCTNTBJ5B_1Ocel6nY,215,nide2Bxiaojiejie,31,90925.14,722112.9
58,Micro UZI,NoParkingHere,30,366649.1,424968.1,MIRAMAR,2U4GBNA0YmnLSqvEycnTjo-KT000vfUnhSA2vfVhVPe1QBwCTNTBJ5B_1Ocel6nY,102,Dszs,44,366968.4,425042.9
59,M16A4,NET_MANHDUNG2,1,376429.3,434734.8,MIRAMAR,2U4GBNA0YmnLSqvEycnTjo-KT000vfUnhSA2vfVhVPe1QBwCTNTBJ5B_1Ocel6nY,131,Sichuanxlg,41,376344.8,434978.8
60,M16A4,TedHQW,2,524288.7,346538.5,MIRAMAR,2U4GBNA0YmnLSqvEycnTjo-KT000vfUnhSA2vfVhVPe1QBwCTNTBJ5B_1Ocel6nY,1244,Weirdo7777,9,526412.1,346504.1
61,S12K,Hcl211,8,438757.9,280729.9,MIRAMAR,2U4GBNA0YmnLSqvEycnTjo-KT000vfUnhSA2vfVhVPe1QBwCTNTBJ5B_1Ocel6nY,235,SBSB123,28,439254.2,280726.3
62,Down and Out,NameLessisME,8,375099.8,292415.2,MIRAMAR,2U4GBNA0YmnLSqvEycnTjo-KT000vfUnhSA2vfVhVPe1QBwCTNTBJ5B_1Ocel6nY,1010,Hcl211,8,375254.8,292389.7
63,S686,xiaogao13,27,373104.3,433791.3,MIRAMAR,2U4GBNA0YmnLSqvEycnTjo-KT000vfUnhSA2vfVhVPe1QBwCTNTBJ5B_1Ocel6nY,126,dinkeing,41,373038.9,433880.9
64,Tommy Gun,TedHQW,2,383953.1,444024.6,MIRAMAR,2U4GBNA0YmnLSqvEycnTjo-KT000vfUnhSA2vfVhVPe1QBwCTNTBJ5B_1Ocel6nY,170,WellSuited,35,383583.5,444753.6
65,M416,JoyFeng-,3,362688.8,434332.5,MIRAMAR,2U4GBNA0YmnLSqvEycnTjo-KT000vfUnhSA2vfVhVPe1QBwCTNTBJ5B_1Ocel6nY,552,NET_MANHDUNG2,,362263.2,434470.6
66,Punch,X3evolution,33,86343.59,708670.1,MIRAMAR,2U4GBNA0YmnLSqvEycnTjo-KT000vfUnhSA2vfVhVPe1QBwCTNTBJ5B_1Ocel6nY,125,34DTrueDamage,31,86358.76,708756.7
67,SCAR-L,IdiotWHJ,6,498826.8,308124.3,MIRAMAR,2U4GBNA0YmnLSqvEycnTjo-KT000vfUnhSA2vfVhVPe1QBwCTNTBJ5B_1Ocel6nY,1263,NameLessisME,8,501133.5,308250.4
68,P1911,Sugar_Booger423,32,372348.2,432944.2,MIRAMAR,2U4GBNA0YmnLSqvEycnTjo-KT000vfUnhSA2vfVhVPe1QBwCTNTBJ5B_1Ocel6nY,164,xiaogao13,27,372473.6,433406.3
69,Down and Out,JoyFeng-,3,362936.8,434318.4,MIRAMAR,2U4GBNA0YmnLSqvEycnTjo-KT000vfUnhSA2vfVhVPe1QBwCTNTBJ5B_1Ocel6nY,553,Games_414_TQ1,,362179.2,436248.2
70,AKM,Alexande-999,25,369184.6,421062.2,MIRAMAR,2U4GBNA0YmnLSqvEycnTjo-KT000vfUnhSA2vfVhVPe1QBwCTNTBJ5B_1Ocel6nY,113,MoNKeY203tG,43,368332,421274.5
71,Down and Out,FantasticBoys,2,524989.9,346106.9,MIRAMAR,2U4GBNA0YmnLSqvEycnTjo-KT000vfUnhSA2vfVhVPe1QBwCTNTBJ5B_1Ocel6nY,1201,TONGLIANGZHI,10,525671.5,345720.4
72,Down and Out,SAOZISHUIZHENDUO,1,473679.1,353759.8,MIRAMAR,2U4GBNA0YmnLSqvEycnTjo-KT000vfUnhSA2vfVhVPe1QBwCTNTBJ5B_1Ocel6nY,565,LittleMoustache,20,471807.5,356858.3
73,Down and Out,jinze,26,368875.8,417772.6,MIRAMAR,2U4GBNA0YmnLSqvEycnTjo-KT000vfUnhSA2vfVhVPe1QBwCTNTBJ5B_1Ocel6nY,361,Alexande-999,25,366831.8,416067.8
74,Tommy Gun,SAOZISHUIZHENDUO,1,471470.9,354985.2,MIRAMAR,2U4GBNA0YmnLSqvEycnTjo-KT000vfUnhSA2vfVhVPe1QBwCTNTBJ5B_1Ocel6nY,612,Daerljgodi,20,470767.8,356513.6
75,Down and Out,LowGe,3,371343.4,424315.8,MIRAMAR,2U4GBNA0YmnLSqvEycnTjo-KT000vfUnhSA2vfVhVPe1QBwCTNTBJ5B_1Ocel6nY,134,Jingchita,40,371384,423285.3
76,Bluezone,,,,,MIRAMAR,2U4GBNA0YmnLSqvEycnTjo-KT000vfUnhSA2vfVhVPe1QBwCTNTBJ5B_1Ocel6nY,1646,zd1994925,7,0,0
77,SCAR-L,Piece_of_Sht,14,535194.3,365380,MIRAMAR,2U4GBNA0YmnLSqvEycnTjo-KT000vfUnhSA2vfVhVPe1QBwCTNTBJ5B_1Ocel6nY,749,chenpan007,,533893.9,367672.1
78,Down and Out,,,,,MIRAMAR,2U4GBNA0YmnLSqvEycnTjo-KT000vfUnhSA2vfVhVPe1QBwCTNTBJ5B_1Ocel6nY,879,WOJIAOLIGUAPI,26,0,0
79,Win94,WalrusInHeat,23,367716.3,428741.8,MIRAMAR,2U4GBNA0YmnLSqvEycnTjo-KT000vfUnhSA2vfVhVPe1QBwCTNTBJ5B_1Ocel6nY,256,WuGangFeng,27,367762.2,428378.7
80,Win94,WalrusInHeat,23,369959.9,429490.2,MIRAMAR,2U4GBNA0YmnLSqvEycnTjo-KT000vfUnhSA2vfVhVPe1QBwCTNTBJ5B_1Ocel6nY,163,lzuizhengui0818,32,370580.2,433197.6
81,M416,LowGe,3,371510.2,424321.2,MIRAMAR,2U4GBNA0YmnLSqvEycnTjo-KT000vfUnhSA2vfVhVPe1QBwCTNTBJ5B_1Ocel6nY,134,AbelZz,40,367633.6,424287.7
82,SCAR-L,TONGLIANGZHI,10,432329.8,550157.1,MIRAMAR,2U4GBNA0YmnLSqvEycnTjo-KT000vfUnhSA2vfVhVPe1QBwCTNTBJ5B_1Ocel6nY,232,ZZTYSR,29,433296.1,550911.6
83,Down and Out,Summertime333,10,433042.9,549550.9,MIRAMAR,2U4GBNA0YmnLSqvEycnTjo-KT000vfUnhSA2vfVhVPe1QBwCTNTBJ5B_1Ocel6nY,232,zhuyi1993,29,433620.3,549917.4
84,M416,JoyFeng-,3,571932.8,299159.9,MIRAMAR,2U4GBNA0YmnLSqvEycnTjo-KT000vfUnhSA2vfVhVPe1QBwCTNTBJ5B_1Ocel6nY,1628,98888888kK,7,567754.1,290418.5
85,Down and Out,NoParkingHere,30,364521.4,424906.5,MIRAMAR,2U4GBNA0YmnLSqvEycnTjo-KT000vfUnhSA2vfVhVPe1QBwCTNTBJ5B_1Ocel6nY,167,Unity_Yi,36,362560.2,426152.6
86,SCAR-L,FantasticBoys,2,524538.4,345883.6,MIRAMAR,2U4GBNA0YmnLSqvEycnTjo-KT000vfUnhSA2vfVhVPe1QBwCTNTBJ5B_1Ocel6nY,1201,Summertime333,10,525804.8,345527
87,M416,DouYuTV-SeaL,1,566927.6,290606.1,MIRAMAR,2U4GBNA0YmnLSqvEycnTjo-KT000vfUnhSA2vfVhVPe1QBwCTNTBJ5B_1Ocel6nY,1905,JoyFeng-,3,568948.1,293965.7
88,SKS,Reesman22,7,421914.3,276550,MIRAMAR,2U4GBNA0YmnLSqvEycnTjo-KT000vfUnhSA2vfVhVPe1QBwCTNTBJ5B_1Ocel6nY,1083,pdfjkkvjk,12,408728.8,293670.3
89,Down and Out,Corleone_Wu,1,470438.2,363857.9,MIRAMAR,2U4GBNA0YmnLSqvEycnTjo-KT000vfUnhSA2vfVhVPe1QBwCTNTBJ5B_1Ocel6nY,368,Facktk,24,467847.4,363854.5
90,Mini 14,651651646,1,400426.8,280825.2,MIRAMAR,2U4GBNA0Yml3HEnAb5HSfMbBgZnnKeFS1Nyxgm5XowlAkEtb1WUYEdfEOe_bXvR0,234,minchusky,27,345627.3,289896.6
91,Punch,leizong725,5,161887.5,747933.5,MIRAMAR,2U4GBNA0Yml3HEnAb5HSfMbBgZnnKeFS1Nyxgm5XowlAkEtb1WUYEdfEOe_bXvR0,148,3ssteel,27,0,0
92,Down and Out,651651646,1,393598.3,289132.6,MIRAMAR,2U4GBNA0Yml3HEnAb5HSfMbBgZnnKeFS1Nyxgm5XowlAkEtb1WUYEdfEOe_bXvR0,235,NewStar_zsp,27,346469.4,273841.8
93,Mini 14,651651646,1,439798.3,277661.3,MIRAMAR,2U4GBNA0Yml3HEnAb5HSfMbBgZnnKeFS1Nyxgm5XowlAkEtb1WUYEdfEOe_bXvR0,467,LimeFlavoredMoon,4,440535.9,361644.9
94,Mk14,651651646,1,371308.4,345270.2,MIRAMAR,2U4GBNA0Yml3HEnAb5HSfMbBgZnnKeFS1Nyxgm5XowlAkEtb1WUYEdfEOe_bXvR0,1150,Stringkata,4,441172,277942.2
95,Mk14,651651646,1,369773.2,345845.1,MIRAMAR,2U4GBNA0Yml3HEnAb5HSfMbBgZnnKeFS1Nyxgm5XowlAkEtb1WUYEdfEOe_bXvR0,1144,ChapChap,4,441009.8,279617.3
96,Mk14,651651646,1,359157.2,347636.5,MIRAMAR,2U4GBNA0Yml3HEnAb5HSfMbBgZnnKeFS1Nyxgm5XowlAkEtb1WUYEdfEOe_bXvR0,1104,xc520jay,6,383750.6,443534.8
97,Down and Out,#unknown,24,437877.2,280759.4,MIRAMAR,2U4GBNA0Yml3HEnAb5HSfMbBgZnnKeFS1Nyxgm5XowlAkEtb1WUYEdfEOe_bXvR0,178,SylarBreak,23,438569.2,280818.5
98,S1897,yueliandiyi,1,435974.8,276332.6,MIRAMAR,2U4GBNA0Yml3HEnAb5HSfMbBgZnnKeFS1Nyxgm5XowlAkEtb1WUYEdfEOe_bXvR0,209,BestNup,22,436138.7,276787.3
99,SKS,QuY-BeO---,22,436131.1,280898.6,MIRAMAR,2U4GBNA0Yml3HEnAb5HSfMbBgZnnKeFS1Nyxgm5XowlAkEtb1WUYEdfEOe_bXvR0,84,foreverann,23,435692.5,280670.9
100,Down and Out,SuperViolent,12,434142.2,199237.8,MIRAMAR,2U4GBNA0Yml3HEnAb5HSfMbBgZnnKeFS1Nyxgm5XowlAkEtb1WUYEdfEOe_bXvR0,208,ReiYexia,27,433197.5,197663.3
101,Down and Out,651651646,1,367390.2,347038.8,MIRAMAR,2U4GBNA0Yml3HEnAb5HSfMbBgZnnKeFS1Nyxgm5XowlAkEtb1WUYEdfEOe_bXvR0,1135,Lancer_Sao,5,427673.1,352543.6
102,M16A4,SuperViolent,12,432922.6,196700.3,MIRAMAR,2U4GBNA0Yml3HEnAb5HSfMbBgZnnKeFS1Nyxgm5XowlAkEtb1WUYEdfEOe_bXvR0,133,#unknown,27,429166.3,178235
103,Down and Out,SuperViolent,12,411597.2,185951.4,MIRAMAR,2U4GBNA0Yml3HEnAb5HSfMbBgZnnKeFS1Nyxgm5XowlAkEtb1WUYEdfEOe_bXvR0,331,Rockaiccc,18,404446.3,193964
104,Down and Out,651651646,1,381075.3,280834.7,MIRAMAR,2U4GBNA0Yml3HEnAb5HSfMbBgZnnKeFS1Nyxgm5XowlAkEtb1WUYEdfEOe_bXvR0,780,#unknown,12,407802.8,246489
105,Down and Out,MrNhac,8,364596.8,432954.5,MIRAMAR,2U4GBNA0Yml3HEnAb5HSfMbBgZnnKeFS1Nyxgm5XowlAkEtb1WUYEdfEOe_bXvR0,884,ZhanShen-BaiWan,10,366670.6,424545.8
106,Kar98k,651651646,1,421409.5,284009,MIRAMAR,2U4GBNA0Yml3HEnAb5HSfMbBgZnnKeFS1Nyxgm5XowlAkEtb1WUYEdfEOe_bXvR0,651,GoldLee,12,363693.6,269831.2
107,Down and Out,Limbo_Yamato,8,370979.8,428151,MIRAMAR,2U4GBNA0Yml3HEnAb5HSfMbBgZnnKeFS1Nyxgm5XowlAkEtb1WUYEdfEOe_bXvR0,884,chinaanyi,10,361221.8,425819.3
108,Kar98k,651651646,1,434681.4,281067.1,MIRAMAR,2U4GBNA0Yml3HEnAb5HSfMbBgZnnKeFS1Nyxgm5XowlAkEtb1WUYEdfEOe_bXvR0,600,PiPiGoat,12,367543.2,249424.8
109,AKM,MrNhac,8,375674.3,444623.1,MIRAMAR,2U4GBNA0Yml3HEnAb5HSfMbBgZnnKeFS1Nyxgm5XowlAkEtb1WUYEdfEOe_bXvR0,527,xiao-MMM,14,365746.3,440418.2
110,Down and Out,SuperViolent,12,399952,179802,MIRAMAR,2U4GBNA0Yml3HEnAb5HSfMbBgZnnKeFS1Nyxgm5XowlAkEtb1WUYEdfEOe_bXvR0,331,#unknown,18,402157,188203.3
111,Win94,#unknown,11,315037.2,357087.6,MIRAMAR,2U4GBNA0Yml3HEnAb5HSfMbBgZnnKeFS1Nyxgm5XowlAkEtb1WUYEdfEOe_bXvR0,415,#unknown,11,315037.2,357087.6
112,Down and Out,#unknown,12,431792.8,184813.7,MIRAMAR,2U4GBNA0Yml3HEnAb5HSfMbBgZnnKeFS1Nyxgm5XowlAkEtb1WUYEdfEOe_bXvR0,133,#unknown,27,431640.2,185447
113,Win94,duongpc,8,376656.4,433869.2,MIRAMAR,2U4GBNA0Yml3HEnAb5HSfMbBgZnnKeFS1Nyxgm5XowlAkEtb1WUYEdfEOe_bXvR0,293,WDXYJ,19,378991.8,445584.5
114,AKM,SylarBreak,23,438738.1,280966.6,MIRAMAR,2U4GBNA0Yml3HEnAb5HSfMbBgZnnKeFS1Nyxgm5XowlAkEtb1WUYEdfEOe_bXvR0,121,MountainMo,20,439108.5,280929.3
115,Down and Out,651651646,1,398383.3,280131,MIRAMAR,2U4GBNA0Yml3HEnAb5HSfMbBgZnnKeFS1Nyxgm5XowlAkEtb1WUYEdfEOe_bXvR0,268,#unknown,20,432857.9,278070.8
116,Falling,,,,,MIRAMAR,2U4GBNA0Yml3HEnAb5HSfMbBgZnnKeFS1Nyxgm5XowlAkEtb1WUYEdfEOe_bXvR0,864,#unknown,11,308988.8,397375
117,AKM,#unknown,11,314694.8,357176.9,MIRAMAR,2U4GBNA0Yml3HEnAb5HSfMbBgZnnKeFS1Nyxgm5XowlAkEtb1WUYEdfEOe_bXvR0,618,#unknown,11,314933.5,357130.6
118,Win94,#unknown,11,314835.7,357184,MIRAMAR,2U4GBNA0Yml3HEnAb5HSfMbBgZnnKeFS1Nyxgm5XowlAkEtb1WUYEdfEOe_bXvR0,562,#unknown,11,314902.3,357083.8
119,Grenade,#unknown,3,510511.3,426254.8,MIRAMAR,2U4GBNA0Yml3HEnAb5HSfMbBgZnnKeFS1Nyxgm5XowlAkEtb1WUYEdfEOe_bXvR0,1197,#unknown,3,510892.3,426137
120,Grenade,#unknown,3,510511.3,426254.8,MIRAMAR,2U4GBNA0Yml3HEnAb5HSfMbBgZnnKeFS1Nyxgm5XowlAkEtb1WUYEdfEOe_bXvR0,1198,#unknown,3,510511.3,426254.8
121,M416,#unknown,20,436263.6,281389.4,MIRAMAR,2U4GBNA0Yml3HEnAb5HSfMbBgZnnKeFS1Nyxgm5XowlAkEtb1WUYEdfEOe_bXvR0,112,ANDWERCC,24,436283.3,281157
122,Mk14,651651646,1,349797.6,343848.1,MIRAMAR,2U4GBNA0Yml3HEnAb5HSfMbBgZnnKeFS1Nyxgm5XowlAkEtb1WUYEdfEOe_bXvR0,1054,Limbo_Yamato,8,370250.8,428695.5
123,Down and Out,651651646,1,349380.6,327626.6,MIRAMAR,2U4GBNA0Yml3HEnAb5HSfMbBgZnnKeFS1Nyxgm5XowlAkEtb1WUYEdfEOe_bXvR0,1021,H-Sii,8,366575.8,424470.9
124,S1897,PiPiGoat,12,423685.9,187566.7,MIRAMAR,2U4GBNA0Yml3HEnAb5HSfMbBgZnnKeFS1Nyxgm5XowlAkEtb1WUYEdfEOe_bXvR0,133,laoyumiPTQ,27,424296.1,187408.5
125,Down and Out,651651646,1,348903.1,332489.3,MIRAMAR,2U4GBNA0Yml3HEnAb5HSfMbBgZnnKeFS1Nyxgm5XowlAkEtb1WUYEdfEOe_bXvR0,1054,duongpc,8,370948.3,426918.9
126,SCAR-L,#unknown,12,408406.3,181823,MIRAMAR,2U4GBNA0Yml3HEnAb5HSfMbBgZnnKeFS1Nyxgm5XowlAkEtb1WUYEdfEOe_bXvR0,331,196pay,18,403565.2,194126.5
127,UMP9,a7-Gg,23,439117.9,279917.2,MIRAMAR,2U4GBNA0Yml3HEnAb5HSfMbBgZnnKeFS1Nyxgm5XowlAkEtb1WUYEdfEOe_bXvR0,112,Qingdaoizzz,25,439285.2,280126.5
128,Mini 14,651651646,1,356686.9,318206.2,MIRAMAR,2U4GBNA0Yml3HEnAb5HSfMbBgZnnKeFS1Nyxgm5XowlAkEtb1WUYEdfEOe_bXvR0,956,Kuang-Long,9,302778,388733.7
129,Kar98k,651651646,1,381091.5,280262.6,MIRAMAR,2U4GBNA0Yml3HEnAb5HSfMbBgZnnKeFS1Nyxgm5XowlAkEtb1WUYEdfEOe_bXvR0,780,SuperViolent,12,407818.1,249801.2
130,UMP9,ANDWERCC,24,435831.1,281338.4,MIRAMAR,2U4GBNA0Yml3HEnAb5HSfMbBgZnnKeFS1Nyxgm5XowlAkEtb1WUYEdfEOe_bXvR0,98,QuY-BeO---,22,435850.6,281199.5
131,Down and Out,651651646,1,369531.2,346066.6,MIRAMAR,2U4GBNA0Yml3HEnAb5HSfMbBgZnnKeFS1Nyxgm5XowlAkEtb1WUYEdfEOe_bXvR0,1150,Sojumoney,4,441372.2,278914.8
132,M416,#unknown,20,439105.6,281907.3,MIRAMAR,2U4GBNA0Yml3HEnAb5HSfMbBgZnnKeFS1Nyxgm5XowlAkEtb1WUYEdfEOe_bXvR0,143,LZ_110,25,437961.1,281811.8
133,S12K,lvmeng0816,17,428125,528350.6,MIRAMAR,2U4GBNA0Yml3HEnAb5HSfMbBgZnnKeFS1Nyxgm5XowlAkEtb1WUYEdfEOe_bXvR0,307,Dme2626,3,428281.9,528305.8
134,Down and Out,651651646,1,435051.1,277987.2,MIRAMAR,2U4GBNA0Yml3HEnAb5HSfMbBgZnnKeFS1Nyxgm5XowlAkEtb1WUYEdfEOe_bXvR0,392,ZETOUMAN,16,382624.2,294759.2
135,AKM,#unknown,20,433972.8,278884.8,MIRAMAR,2U4GBNA0Yml3HEnAb5HSfMbBgZnnKeFS1Nyxgm5XowlAkEtb1WUYEdfEOe_bXvR0,88,pocAKA,24,433841.8,278845.4
136,Mk14,651651646,1,408880.8,349960.4,MIRAMAR,2U4GBNA0Yml3HEnAb5HSfMbBgZnnKeFS1Nyxgm5XowlAkEtb1WUYEdfEOe_bXvR0,1229,gengxiansheng2,2,497402.4,338071.1
137,Mini 14,651651646,1,435055.3,278191.3,MIRAMAR,2U4GBNA0Yml3HEnAb5HSfMbBgZnnKeFS1Nyxgm5XowlAkEtb1WUYEdfEOe_bXvR0,379,1chijikuangmo4,16,387036.5,289082.6
138,M416,duongpc,8,361243.8,426482.8,MIRAMAR,2U4GBNA0Yml3HEnAb5HSfMbBgZnnKeFS1Nyxgm5XowlAkEtb1WUYEdfEOe_bXvR0,884,HuYa-BaiWan,10,360515.6,426484
139,Punch,Lance688,5,156519.9,748896.1,MIRAMAR,2U4GBNA0Yml3HEnAb5HSfMbBgZnnKeFS1Nyxgm5XowlAkEtb1WUYEdfEOe_bXvR0,131,#unknown,24,156584.9,748848.9
140,Mini 14,651651646,1,399748.9,280271.7,MIRAMAR,2U4GBNA0Yml3HEnAb5HSfMbBgZnnKeFS1Nyxgm5XowlAkEtb1WUYEdfEOe_bXvR0,268,#unknown,20,436077.3,277131.2
141,Down and Out,651651646,1,367694.1,347067.2,MIRAMAR,2U4GBNA0Yml3HEnAb5HSfMbBgZnnKeFS1Nyxgm5XowlAkEtb1WUYEdfEOe_bXvR0,1135,Lance688,5,428017.2,352709.7
142,M416,a7-Gg,23,438985.1,280929.2,MIRAMAR,2U4GBNA0Yml3HEnAb5HSfMbBgZnnKeFS1Nyxgm5XowlAkEtb1WUYEdfEOe_bXvR0,175,#unknown,24,438000.1,280768.4
143,Down and Out,#unknown,3,426597.6,527244.9,MIRAMAR,2U4GBNA0Yml3HEnAb5HSfMbBgZnnKeFS1Nyxgm5XowlAkEtb1WUYEdfEOe_bXvR0,337,lvmeng0816,17,427986.8,528003.4
144,Mini 14,651651646,1,399309.9,280001.3,MIRAMAR,2U4GBNA0Yml3HEnAb5HSfMbBgZnnKeFS1Nyxgm5XowlAkEtb1WUYEdfEOe_bXvR0,242,#unknown,16,364753.3,264299.8
145,Mini 14,651651646,1,357792.8,316386.8,MIRAMAR,2U4GBNA0Yml3HEnAb5HSfMbBgZnnKeFS1Nyxgm5XowlAkEtb1WUYEdfEOe_bXvR0,949,shanghun666,9,303033.2,388596.6
146,Mk14,651651646,1,349622.4,343851.6,MIRAMAR,2U4GBNA0Yml3HEnAb5HSfMbBgZnnKeFS1Nyxgm5XowlAkEtb1WUYEdfEOe_bXvR0,1057,zhoujiayii,7,306277.2,296357.3
147,Mk14,651651646,1,411564.1,350015.9,MIRAMAR,2U4GBNA0Yml3HEnAb5HSfMbBgZnnKeFS1Nyxgm5XowlAkEtb1WUYEdfEOe_bXvR0,1238,longhhfff,2,501248.5,335640.2
148,Mini 14,651651646,1,400426.8,280825.2,MIRAMAR,2U4GBNA0Yml3HEnAb5HSfMbBgZnnKeFS1Nyxgm5XowlAkEtb1WUYEdfEOe_bXvR0,235,zhazhahohoho,27,345621.2,289973.4
149,UMP9,huliruichiji,1,423457.1,284537.8,MIRAMAR,2U4GBNA0Yml3HEnAb5HSfMbBgZnnKeFS1Nyxgm5XowlAkEtb1WUYEdfEOe_bXvR0,102,LIULIANYEYE,25,423147.8,284534.5
150,M416,#unknown,20,436053.6,277356.8,MIRAMAR,2U4GBNA0Yml3HEnAb5HSfMbBgZnnKeFS1Nyxgm5XowlAkEtb1WUYEdfEOe_bXvR0,266,yueliandiyi,,435970.3,276158.9
151,AKM,#unknown,20,434207.5,278294.6,MIRAMAR,2U4GBNA0Yml3HEnAb5HSfMbBgZnnKeFS1Nyxgm5XowlAkEtb1WUYEdfEOe_bXvR0,214,ngao97,22,434767.5,276146.6
152,P18C,SuperViolent,12,435204.6,199399,MIRAMAR,2U4GBNA0Yml3HEnAb5HSfMbBgZnnKeFS1Nyxgm5XowlAkEtb1WUYEdfEOe_bXvR0,119,14587,27,434637.3,199349.3
153,Mk14,651651646,1,367865.8,346982.5,MIRAMAR,2U4GBNA0Yml3HEnAb5HSfMbBgZnnKeFS1Nyxgm5XowlAkEtb1WUYEdfEOe_bXvR0,1135,F4-DWW,5,427656.8,352313.9
154,Mini 14,651651646,1,368985,288802.7,MIRAMAR,2U4GBNA0Yml3HEnAb5HSfMbBgZnnKeFS1Nyxgm5XowlAkEtb1WUYEdfEOe_bXvR0,826,GUCHUNYU5,6,393933.7,384166.6
155,Grenade,#unknown,3,0,0,MIRAMAR,2U4GBNA0Yml3HEnAb5HSfMbBgZnnKeFS1Nyxgm5XowlAkEtb1WUYEdfEOe_bXvR0,1198,#unknown,3,510431.3,426255.4
156,Punch,leizong725,5,159401.3,748228.3,MIRAMAR,2U4GBNA0Yml3HEnAb5HSfMbBgZnnKeFS1Nyxgm5XowlAkEtb1WUYEdfEOe_bXvR0,129,piaoyulingfeng,27,0,0
157,Mini 14,651651646,1,439048.4,277051.5,MIRAMAR,2U4GBNA0Yml3HEnAb5HSfMbBgZnnKeFS1Nyxgm5XowlAkEtb1WUYEdfEOe_bXvR0,458,nainaigeshao,13,537675.6,265803.9
158,Down and Out,651651646,1,355255.8,320329,MIRAMAR,2U4GBNA0Yml3HEnAb5HSfMbBgZnnKeFS1Nyxgm5XowlAkEtb1WUYEdfEOe_bXvR0,1049,FengShao886,7,276280.3,336031.5
159,Down and Out,651651646,1,357862.1,316294.8,MIRAMAR,2U4GBNA0Yml3HEnAb5HSfMbBgZnnKeFS1Nyxgm5XowlAkEtb1WUYEdfEOe_bXvR0,954,YZ--baby,9,302725.9,388568.8
160,Mk14,651651646,1,349600.2,343715.6,MIRAMAR,2U4GBNA0Yml3HEnAb5HSfMbBgZnnKeFS1Nyxgm5XowlAkEtb1WUYEdfEOe_bXvR0,1053,MrNhac,8,366597.9,424757.6
161,Down and Out,651651646,1,367168.4,347017.9,MIRAMAR,2U4GBNA0Yml3HEnAb5HSfMbBgZnnKeFS1Nyxgm5XowlAkEtb1WUYEdfEOe_bXvR0,1135,leizong725,5,427997.6,352348
162,Mk14,651651646,1,409258.6,349923,MIRAMAR,2U4GBNA0Yml3HEnAb5HSfMbBgZnnKeFS1Nyxgm5XowlAkEtb1WUYEdfEOe_bXvR0,1231,Arthur_qingge,2,490124.9,345535.1
163,Down and Out,#unknown,20,436029.6,277425.6,MIRAMAR,2U4GBNA0Yml3HEnAb5HSfMbBgZnnKeFS1Nyxgm5XowlAkEtb1WUYEdfEOe_bXvR0,345,huliruichiji,,436222.8,276604.6
164,Machete,#unknown,3,416759.2,522495.8,MIRAMAR,2U4GBNA0Yml3HEnAb5HSfMbBgZnnKeFS1Nyxgm5XowlAkEtb1WUYEdfEOe_bXvR0,291,dj443,17,415468.6,519844.3
165,Punch,leizong725,5,159575.7,746905.2,MIRAMAR,2U4GBNA0Yml3HEnAb5HSfMbBgZnnKeFS1Nyxgm5XowlAkEtb1WUYEdfEOe_bXvR0,135,Elephant_0516,27,0,0
166,Mini 14,651651646,1,368923.2,291673.5,MIRAMAR,2U4GBNA0Yml3HEnAb5HSfMbBgZnnKeFS1Nyxgm5XowlAkEtb1WUYEdfEOe_bXvR0,839,god-xiaotao,6,391800.4,381703
167,Mk14,651651646,1,427982.3,352783.3,MIRAMAR,2U4GBNA0Yml3HEnAb5HSfMbBgZnnKeFS1Nyxgm5XowlAkEtb1WUYEdfEOe_bXvR0,1287,CHniawansui,2,497025.2,338898.2
168,Down and Out,Dme2626,3,427755.1,530466.1,MIRAMAR,2U4GBNA0Yml3HEnAb5HSfMbBgZnnKeFS1Nyxgm5XowlAkEtb1WUYEdfEOe_bXvR0,327,TAKEN585,17,427327.5,524542.2
169,Mini 14,651651646,1,438326.3,276866.6,MIRAMAR,2U4GBNA0Yml3HEnAb5HSfMbBgZnnKeFS1Nyxgm5XowlAkEtb1WUYEdfEOe_bXvR0,440,EXT--reme,27,400964.7,244159.8
170,SKS,#unknown,3,427291.3,528331.9,MIRAMAR,2U4GBNA0Yml3HEnAb5HSfMbBgZnnKeFS1Nyxgm5XowlAkEtb1WUYEdfEOe_bXvR0,337,SOYIZEI888,17,425796,525071.3
171,Mini 14,651651646,1,354696.2,320681.8,MIRAMAR,2U4GBNA0Yml3HEnAb5HSfMbBgZnnKeFS1Nyxgm5XowlAkEtb1WUYEdfEOe_bXvR0,968,#unknown,7,278331.2,337158.8
172,Mini 14,651651646,1,439048.4,277051.5,MIRAMAR,2U4GBNA0Yml3HEnAb5HSfMbBgZnnKeFS1Nyxgm5XowlAkEtb1WUYEdfEOe_bXvR0,459,Zxiaoji,13,537582.9,265643.9
173,Mini 14,651651646,1,356611.6,318301.3,MIRAMAR,2U4GBNA0Yml3HEnAb5HSfMbBgZnnKeFS1Nyxgm5XowlAkEtb1WUYEdfEOe_bXvR0,957,JDchouchang,9,302657.2,388297.8
174,Win94,651651646,1,435051.1,277987.2,MIRAMAR,2U4GBNA0Yml3HEnAb5HSfMbBgZnnKeFS1Nyxgm5XowlAkEtb1WUYEdfEOe_bXvR0,392,DOUDOU--BONG,16,386367.4,288031.6
175,Grenade,Guitar18,13,534755.5,263761,MIRAMAR,2U4GBNA0Yml3HEnAb5HSfMbBgZnnKeFS1Nyxgm5XowlAkEtb1WUYEdfEOe_bXvR0,593,Guitar18,13,534755.5,263761
176,Tommy Gun,Limbo_Yamato,8,371871.3,443656.2,MIRAMAR,2U4GBNA0Yml3HEnAb5HSfMbBgZnnKeFS1Nyxgm5XowlAkEtb1WUYEdfEOe_bXvR0,288,Wzy_wzzzzzzz,19,369983.8,443110.5
177,M416,#unknown,20,439052.2,280409.6,MIRAMAR,2U4GBNA0Yml3HEnAb5HSfMbBgZnnKeFS1Nyxgm5XowlAkEtb1WUYEdfEOe_bXvR0,178,a7-Gg,23,438749.1,280713.5
178,P1911,GGGGhuang,1,438874.5,277042,MIRAMAR,2U4GBNA0Yml3HEnAb5HSfMbBgZnnKeFS1Nyxgm5XowlAkEtb1WUYEdfEOe_bXvR0,109,#unknown,20,438972.5,277455.3
179,Down and Out,Malcolm_x,9,496989.8,312569.7,ERANGEL,2U4GBNA0YmnRe95wOy7kuweIkuZo5Roa0WjNZsgboi2gzzznOC6Y8whI5V4TH5Qm,1035,Relugar,22,497385.4,331528.2
180,M16A4,Malcolm_x,9,496989.8,312569.7,ERANGEL,2U4GBNA0YmnRe95wOy7kuweIkuZo5Roa0WjNZsgboi2gzzznOC6Y8whI5V4TH5Qm,1035,LiPoBattery,22,497819.4,331981.3
181,AKM,G_Berg,7,460416.7,414748.8,ERANGEL,2U4GBNA0YmnRe95wOy7kuweIkuZo5Roa0WjNZsgboi2gzzznOC6Y8whI5V4TH5Qm,1422,cornsour,16,459817.9,414426.3
182,AKM,Lukesnake17,20,488034.1,347220.3,ERANGEL,2U4GBNA0YmnRe95wOy7kuweIkuZo5Roa0WjNZsgboi2gzzznOC6Y8whI5V4TH5Qm,1210,Homebrw,9,487444.2,347651
183,SKS,AlooGobi,2,501062.9,425078.6,ERANGEL,2U4GBNA0YmnRe95wOy7kuweIkuZo5Roa0WjNZsgboi2gzzznOC6Y8whI5V4TH5Qm,1818,Powfa,3,493043.4,434458.1
184,M416,Powfa,3,495501.2,429826.2,ERANGEL,2U4GBNA0YmnRe95wOy7kuweIkuZo5Roa0WjNZsgboi2gzzznOC6Y8whI5V4TH5Qm,1766,kittykat6,6,495755.7,438322
185,Down and Out,Snowzcone,44,466173.1,642295.2,ERANGEL,2U4GBNA0YmnRe95wOy7kuweIkuZo5Roa0WjNZsgboi2gzzznOC6Y8whI5V4TH5Qm,92,GoochSlapper69,49,466214.9,641051.5
186,M416,DevilBlood35,1,512029.6,450259.2,ERANGEL,2U4GBNA0YmnRe95wOy7kuweIkuZo5Roa0WjNZsgboi2gzzznOC6Y8whI5V4TH5Qm,1579,Malcolm_x,9,509867.3,437920.8
187,Down and Out,,,,,ERANGEL,2U4GBNA0YmnRe95wOy7kuweIkuZo5Roa0WjNZsgboi2gzzznOC6Y8whI5V4TH5Qm,1646,Naksam,8,475198.1,426731.2
188,S1897,MaelstromPhoenix,14,446553.8,621515.8,ERANGEL,2U4GBNA0YmnRe95wOy7kuweIkuZo5Roa0WjNZsgboi2gzzznOC6Y8whI5V4TH5Qm,105,df434,46,446698.3,621034.1
189,M416,AlooGobi,2,503140.7,433313.3,ERANGEL,2U4GBNA0YmnRe95wOy7kuweIkuZo5Roa0WjNZsgboi2gzzznOC6Y8whI5V4TH5Qm,1881,drphildidurmom,3,498006.2,437488.8
190,AKM,SinisterJake,17,608792,479479.8,ERANGEL,2U4GBNA0YmnRe95wOy7kuweIkuZo5Roa0WjNZsgboi2gzzznOC6Y8whI5V4TH5Qm,405,hunter8888,32,608422.8,478874.8
191,P92,Homebrw,9,354734.6,397039.7,ERANGEL,2U4GBNA0YmnRe95wOy7kuweIkuZo5Roa0WjNZsgboi2gzzznOC6Y8whI5V4TH5Qm,279,redevilzz,38,353669.1,397544.6
192,Falling,KnightOfGwyn,1,381840.7,424408.4,ERANGEL,2U4GBNA0YmnRe95wOy7kuweIkuZo5Roa0WjNZsgboi2gzzznOC6Y8whI5V4TH5Qm,719,KnightOfGwyn,,381840.7,424408.4
193,Micro UZI,NoMersee,26,337859.9,160601.2,ERANGEL,2U4GBNA0YmnRe95wOy7kuweIkuZo5Roa0WjNZsgboi2gzzznOC6Y8whI5V4TH5Qm,166,k3mple,42,339345.6,160269.6
194,SCAR-L,Price,4,425943.7,425374.7,ERANGEL,2U4GBNA0YmnRe95wOy7kuweIkuZo5Roa0WjNZsgboi2gzzznOC6Y8whI5V4TH5Qm,1427,SubliminalKi11,15,420891.6,432304.6
195,SKS,Malcolm_x,9,483222.9,345753.8,ERANGEL,2U4GBNA0YmnRe95wOy7kuweIkuZo5Roa0WjNZsgboi2gzzznOC6Y8whI5V4TH5Qm,1320,PapaWink,5,462537.2,333383.4
196,SCAR-L,Price,4,426267.9,425472.6,ERANGEL,2U4GBNA0YmnRe95wOy7kuweIkuZo5Roa0WjNZsgboi2gzzznOC6Y8whI5V4TH5Qm,1423,RyanJames92192,15,417302.6,431821.8
197,M416,biubiu_RNG,43,451052.9,629640.1,ERANGEL,2U4GBNA0YmnRe95wOy7kuweIkuZo5Roa0WjNZsgboi2gzzznOC6Y8whI5V4TH5Qm,158,Sergiu_1988,37,450792.1,629575.1
198,SCAR-L,DruggyWitHoes,14,443493.3,625540.4,ERANGEL,2U4GBNA0YmnRe95wOy7kuweIkuZo5Roa0WjNZsgboi2gzzznOC6Y8whI5V4TH5Qm,358,ImHideOnBush,35,443663.6,624165.9
199,Down and Out,DevilBlood35,1,549587.6,594442.8,ERANGEL,2U4GBNA0YmnRe95wOy7kuweIkuZo5Roa0WjNZsgboi2gzzznOC6Y8whI5V4TH5Qm,463,Post-0_0-Malone,31,552512.1,594664.4
200,Tommy Gun,danielH0529,35,431516.6,636198.3,ERANGEL,2U4GBNA0YmnRe95wOy7kuweIkuZo5Roa0WjNZsgboi2gzzznOC6Y8whI5V4TH5Qm,89,LIVINTHEPUGLIFE,48,433497.2,635122.9
201,Grenade,danielH0529,35,443659.8,623592.1,ERANGEL,2U4GBNA0YmnRe95wOy7kuweIkuZo5Roa0WjNZsgboi2gzzznOC6Y8whI5V4TH5Qm,354,MaelstromPhoenix,14,444418.6,624538.6
202,AKM,XxSWAGFISHxX,16,459874.5,415081.1,ERANGEL,2U4GBNA0YmnRe95wOy7kuweIkuZo5Roa0WjNZsgboi2gzzznOC6Y8whI5V4TH5Qm,1359,SinisterJake,17,454229.3,425443.1
203,M16A4,T4GY0URE1T,10,418100.5,384076.3,ERANGEL,2U4GBNA0YmnRe95wOy7kuweIkuZo5Roa0WjNZsgboi2gzzznOC6Y8whI5V4TH5Qm,1326,Hemp_Cone,17,418285.2,390129.1
204,Bluezone,,,,,ERANGEL,2U4GBNA0YmnRe95wOy7kuweIkuZo5Roa0WjNZsgboi2gzzznOC6Y8whI5V4TH5Qm,1646,Daggerbooze,8,468805,430984.8
205,Punch,MitsuhaSakura,41,464406.3,640754.9,ERANGEL,2U4GBNA0YmnRe95wOy7kuweIkuZo5Roa0WjNZsgboi2gzzznOC6Y8whI5V4TH5Qm,92,PutMeInOpTic,49,464351.3,640805.6
206,SCAR-L,Price,4,448660.3,446969.6,ERANGEL,2U4GBNA0YmnRe95wOy7kuweIkuZo5Roa0WjNZsgboi2gzzznOC6Y8whI5V4TH5Qm,1514,Diezel420,10,449527.3,418707.9
207,M416,DevilBlood35,1,510092.7,437654.8,ERANGEL,2U4GBNA0YmnRe95wOy7kuweIkuZo5Roa0WjNZsgboi2gzzznOC6Y8whI5V4TH5Qm,1802,Price,4,505057.9,442163.2
208,AKM,SinisterJake,17,549784.7,455996.3,ERANGEL,2U4GBNA0YmnRe95wOy7kuweIkuZo5Roa0WjNZsgboi2gzzznOC6Y8whI5V4TH5Qm,794,ALEKSERZ,25,548009.1,455568.8
209,Bluezone,,,,,ERANGEL,2U4GBNA0YmnRe95wOy7kuweIkuZo5Roa0WjNZsgboi2gzzznOC6Y8whI5V4TH5Qm,1788,Wildo,4,498605.2,442824.2
210,Down and Out,UnknownJester,1,380997.1,424004.4,ERANGEL,2U4GBNA0YmnRe95wOy7kuweIkuZo5Roa0WjNZsgboi2gzzznOC6Y8whI5V4TH5Qm,721,UnknownJester,,380997.1,424004.4
211,SCAR-L,Price,4,442933.5,439911.3,ERANGEL,2U4GBNA0YmnRe95wOy7kuweIkuZo5Roa0WjNZsgboi2gzzznOC6Y8whI5V4TH5Qm,1471,DruggyWitHoes,14,450018.6,456286.8
212,Mini 14,B0nD0k,37,446881.4,629891.8,ERANGEL,2U4GBNA0YmnRe95wOy7kuweIkuZo5Roa0WjNZsgboi2gzzznOC6Y8whI5V4TH5Qm,89,2Sick,43,446780.2,629792.2
213,Down and Out,Joki123321,36,414960.3,293064,ERANGEL,2U4GBNA0YmnRe95wOy7kuweIkuZo5Roa0WjNZsgboi2gzzznOC6Y8whI5V4TH5Qm,221,mdzzcnmlgb,40,414813.2,293085.9
214,AKM,drphildidurmom,3,467323.7,369631.3,ERANGEL,2U4GBNA0YmnRe95wOy7kuweIkuZo5Roa0WjNZsgboi2gzzznOC6Y8whI5V4TH5Qm,1100,Extazy_,21,469079.2,369980
215,M16A4,ClaudeAuditore,19,373596.3,169088.4,ERANGEL,2U4GBNA0YmnRe95wOy7kuweIkuZo5Roa0WjNZsgboi2gzzznOC6Y8whI5V4TH5Qm,723,NoMersee,26,369566.1,167941.1
216,Down and Out,ClaudeAuditore,19,374024.1,168617.3,ERANGEL,2U4GBNA0YmnRe95wOy7kuweIkuZo5Roa0WjNZsgboi2gzzznOC6Y8whI5V4TH5Qm,723,TSGxGRAVE,26,369965.7,168535.6
217,Micro UZI,NoMersee,26,337938.6,172028.9,ERANGEL,2U4GBNA0YmnRe95wOy7kuweIkuZo5Roa0WjNZsgboi2gzzznOC6Y8whI5V4TH5Qm,230,SavageMonkey,39,336816.6,173889
218,M416,DevilBlood35,1,504913.5,441667.2,ERANGEL,2U4GBNA0YmnRe95wOy7kuweIkuZo5Roa0WjNZsgboi2gzzznOC6Y8whI5V4TH5Qm,1885,AlooGobi,2,503132.6,433288.4
219,S12K,asfqwfqvw,47,432168.4,636683.8,ERANGEL,2U4GBNA0YmnRe95wOy7kuweIkuZo5Roa0WjNZsgboi2gzzznOC6Y8whI5V4TH5Qm,104,TYMOSO,48,432251.5,636724.3
220,SKS,AlooGobi,2,445105.6,350414.8,ERANGEL,2U4GBNA0YmnRe95wOy7kuweIkuZo5Roa0WjNZsgboi2gzzznOC6Y8whI5V4TH5Qm,1288,ClaudeAuditore,19,447817.6,343075.6
221,Down and Out,Powfa,3,466951.2,369526.6,ERANGEL,2U4GBNA0YmnRe95wOy7kuweIkuZo5Roa0WjNZsgboi2gzzznOC6Y8whI5V4TH5Qm,1100,Sayonara_47,21,468927.8,369856.6
222,S12K,SavageMonkey,39,342712.8,173653.6,ERANGEL,2U4GBNA0YmnRe95wOy7kuweIkuZo5Roa0WjNZsgboi2gzzznOC6Y8whI5V4TH5Qm,136,DPainlive,42,342536.6,173721
223,Bluezone,,,,,ERANGEL,2U4GBNA0YmnRe95wOy7kuweIkuZo5Roa0WjNZsgboi2gzzznOC6Y8whI5V4TH5Qm,1867,Spacemode,2,503327.2,426248.7
224,UMP9,G_Berg,7,410583.5,300929.2,ERANGEL,2U4GBNA0YmnRe95wOy7kuweIkuZo5Roa0WjNZsgboi2gzzznOC6Y8whI5V4TH5Qm,302,Thanatos4,36,411233.6,301051
225,SCAR-L,berty69,7,460054.8,415165.3,ERANGEL,2U4GBNA0YmnRe95wOy7kuweIkuZo5Roa0WjNZsgboi2gzzznOC6Y8whI5V4TH5Qm,1421,XxSWAGFISHxX,16,459861.2,415005
226,Punch,Mr-chen2,28,420025,642216,ERANGEL,2U4GBNA0YmnRe95wOy7kuweIkuZo5Roa0WjNZsgboi2gzzznOC6Y8whI5V4TH5Qm,124,coanm,24,420101.6,642250.4
227,AKM,drphildidurmom,3,491049.8,423913.3,ERANGEL,2U4GBNA0YmnRe95wOy7kuweIkuZo5Roa0WjNZsgboi2gzzznOC6Y8whI5V4TH5Qm,1707,berty69,7,486227.1,422630.3
228,Punch,ClaudeAuditore,19,364248.1,130731,ERANGEL,2U4GBNA0YmnRe95wOy7kuweIkuZo5Roa0WjNZsgboi2gzzznOC6Y8whI5V4TH5Qm,120,CountySiX,38,0,0
229,Bluezone,,,,,ERANGEL,2U4GBNA0YmnRe95wOy7kuweIkuZo5Roa0WjNZsgboi2gzzznOC6Y8whI5V4TH5Qm,1363,BJByoukiboy,40,0,0
230,Down and Out,NoMersee,26,337554.9,160691.9,ERANGEL,2U4GBNA0YmnRe95wOy7kuweIkuZo5Roa0WjNZsgboi2gzzznOC6Y8whI5V4TH5Qm,230,YoungYamulke,39,337866.8,173064
231,UMP9,berty69,7,410245.8,302226.6,ERANGEL,2U4GBNA0YmnRe95wOy7kuweIkuZo5Roa0WjNZsgboi2gzzznOC6Y8whI5V4TH5Qm,320,Joki123321,36,410241.8,300585.8
232,Bluezone,,,,,ERANGEL,2U4GBNA0YmnRe95wOy7kuweIkuZo5Roa0WjNZsgboi2gzzznOC6Y8whI5V4TH5Qm,1770,EggoCraigo,5,491863.5,436404.9
233,M416,danielH0529,35,444022.6,630713.9,ERANGEL,2U4GBNA0YmnRe95wOy7kuweIkuZo5Roa0WjNZsgboi2gzzznOC6Y8whI5V4TH5Qm,305,B0nD0k,37,444324.2,626080.7
234,Sickle,Sun-aiyou,35,362384.9,519014.8,ERANGEL,2U4GBNA0YmnRe95wOy7kuweIkuZo5Roa0WjNZsgboi2gzzznOC6Y8whI5V4TH5Qm,323,ZaneTheCaneYT,35,0,0
235,UMP9,Powfa,3,494339.5,179141.3,ERANGEL,2U4GBNA0YmnRe95wOy7kuweIkuZo5Roa0WjNZsgboi2gzzznOC6Y8whI5V4TH5Qm,592,JoeyDGAS,29,494303.5,179715.1
236,AKM,DevilBlood35,1,550328.1,593490.4,ERANGEL,2U4GBNA0YmnRe95wOy7kuweIkuZo5Roa0WjNZsgboi2gzzznOC6Y8whI5V4TH5Qm,463,Small_Shaq,31,552685.8,589054.6
237,AKM,Relugar,22,574787.9,381992.4,ERANGEL,2U4GBNA0YmnRe95wOy7kuweIkuZo5Roa0WjNZsgboi2gzzznOC6Y8whI5V4TH5Qm,184,peisinidimaye,25,573797.7,382727.6
238,SCAR-L,UGAT,41,456399.2,627075.1,ERANGEL,2U4GBNA0YmnRe95wOy7kuweIkuZo5Roa0WjNZsgboi2gzzznOC6Y8whI5V4TH5Qm,89,SoapLi233,50,456790.2,627332
239,Bluezone,Naksam,8,474212,426607,ERANGEL,2U4GBNA0YmnRe95wOy7kuweIkuZo5Roa0WjNZsgboi2gzzznOC6Y8whI5V4TH5Qm,1643,G_Berg,7,463202,417882.1
240,Mini 14,G_Berg,7,459813.2,415137.4,ERANGEL,2U4GBNA0YmnRe95wOy7kuweIkuZo5Roa0WjNZsgboi2gzzznOC6Y8whI5V4TH5Qm,1578,T4GY0URE1T,10,458454.4,422289.8
241,Mini 14,mrsparkles,46,449266.6,621581.3,ERANGEL,2U4GBNA0YmnRe95wOy7kuweIkuZo5Roa0WjNZsgboi2gzzznOC6Y8whI5V4TH5Qm,82,woshinibabahoho,50,448709.4,621835.1
242,SKS,danielH0529,35,433063.9,637233.8,ERANGEL,2U4GBNA0YmnRe95wOy7kuweIkuZo5Roa0WjNZsgboi2gzzznOC6Y8whI5V4TH5Qm,114,asfqwfqvw,47,432978,637126.6
243,Bluezone,,,,,ERANGEL,2U4GBNA0YmnRe95wOy7kuweIkuZo5Roa0WjNZsgboi2gzzznOC6Y8whI5V4TH5Qm,1489,13947492640,13,470272.3,360425
244,SKS,D1zhihenDidao,33,468564.2,639331.8,ERANGEL,2U4GBNA0YmnRe95wOy7kuweIkuZo5Roa0WjNZsgboi2gzzznOC6Y8whI5V4TH5Qm,211,UGAT,41,468404.1,641190.4
245,SKS,FY-yang,33,468047.2,640120.6,ERANGEL,2U4GBNA0YmnRe95wOy7kuweIkuZo5Roa0WjNZsgboi2gzzznOC6Y8whI5V4TH5Qm,200,MitsuhaSakura,41,468374.8,639715.6
246,M416,Malcolm_x,9,489135.5,346849.5,ERANGEL,2U4GBNA0YmnRe95wOy7kuweIkuZo5Roa0WjNZsgboi2gzzznOC6Y8whI5V4TH5Qm,1235,FCC2711,20,489348.5,348098.7
247,S1897,MaelstromPhoenix,14,447412.9,621057.6,ERANGEL,2U4GBNA0YmnRe95wOy7kuweIkuZo5Roa0WjNZsgboi2gzzznOC6Y8whI5V4TH5Qm,120,mrsparkles,46,447168.1,620978.4
248,Down and Out,,,,,ERANGEL,2U4GBNA0YmnRe95wOy7kuweIkuZo5Roa0WjNZsgboi2gzzznOC6Y8whI5V4TH5Qm,1489,Sam-sss,13,471400.7,366823.9
249,Down and Out,caonimagebi10,23,548701.9,529386.6,ERANGEL,2U4GBNA0YmnRe95wOy7kuweIkuZo5Roa0WjNZsgboi2gzzznOC6Y8whI5V4TH5Qm,993,EzTiifler,,552302.2,535668.4
250,UMP9,Powfa,3,495277.5,179049.8,ERANGEL,2U4GBNA0YmnRe95wOy7kuweIkuZo5Roa0WjNZsgboi2gzzznOC6Y8whI5V4TH5Qm,597,jusSomeguy,29,494846.7,179123.1
251,Down and Out,Spacemode,2,503325.1,404547,ERANGEL,2U4GBNA0YmnRe95wOy7kuweIkuZo5Roa0WjNZsgboi2gzzznOC6Y8whI5V4TH5Qm,1495,zqszhaha,11,503817.7,406440.2
252,Down and Out,Powfa,3,495429.8,429625.1,ERANGEL,2U4GBNA0YmnRe95wOy7kuweIkuZo5Roa0WjNZsgboi2gzzznOC6Y8whI5V4TH5Qm,1766,xLadyBanex,6,495505.2,436603.5
253,Down and Out,Wildo,4,366621.8,406317.6,ERANGEL,2U4GBNA0YmnRe95wOy7kuweIkuZo5Roa0WjNZsgboi2gzzznOC6Y8whI5V4TH5Qm,400,LALACHEN,34,366067.5,405829.2
254,AKM,SinisterJake,17,607308.2,476229.1,ERANGEL,2U4GBNA0YmnRe95wOy7kuweIkuZo5Roa0WjNZsgboi2gzzznOC6Y8whI5V4TH5Qm,447,Onepc006,32,607243.6,476312.8
255,Punch,RXYXYX,24,420143.2,643506.4,ERANGEL,2U4GBNA0YmnRe95wOy7kuweIkuZo5Roa0WjNZsgboi2gzzznOC6Y8whI5V4TH5Qm,160,Mr-chen2,28,420165.8,643602.9
256,SCAR-L,DruggyWitHoes,14,443584.2,625467.9,ERANGEL,2U4GBNA0YmnRe95wOy7kuweIkuZo5Roa0WjNZsgboi2gzzznOC6Y8whI5V4TH5Qm,357,danielH0529,35,443665.2,624530.9
257,SCAR-L,UGAT,41,457741.7,631491.8,ERANGEL,2U4GBNA0YmnRe95wOy7kuweIkuZo5Roa0WjNZsgboi2gzzznOC6Y8whI5V4TH5Qm,107,temyuan,45,457598.9,631505
258,Micro UZI,Joki123321,36,414011.6,292571.7,ERANGEL,2U4GBNA0YmnRe95wOy7kuweIkuZo5Roa0WjNZsgboi2gzzznOC6Y8whI5V4TH5Qm,221,582337887,40,414502.8,292381.7
259,Mini 14,B0nD0k,37,450753.3,629314.8,ERANGEL,2U4GBNA0YmnRe95wOy7kuweIkuZo5Roa0WjNZsgboi2gzzznOC6Y8whI5V4TH5Qm,163,biubiu_RNG,43,450970.2,629563.2
260,Down and Out,DruggyWitHoes,14,444372.9,627542.3,ERANGEL,2U4GBNA0YmnRe95wOy7kuweIkuZo5Roa0WjNZsgboi2gzzznOC6Y8whI5V4TH5Qm,435,FY-yang,33,444453.6,627905.8
261,M416,DruggyWitHoes,14,444300.2,627619.8,ERANGEL,2U4GBNA0YmnRe95wOy7kuweIkuZo5Roa0WjNZsgboi2gzzznOC6Y8whI5V4TH5Qm,435,D1zhihenDidao,33,444729.3,627888.4
262,Groza,DevilBlood35,1,551779.9,538686.6,ERANGEL,2U4GBNA0YmnRe95wOy7kuweIkuZo5Roa0WjNZsgboi2gzzznOC6Y8whI5V4TH5Qm,816,yanninggege,23,551105.9,539826.2
263,M16A4,huan769452,18,328985.3,550958.7,ERANGEL,2U4GBNA0YmnRe95wOy7kuweIkuZo5Roa0WjNZsgboi2gzzznOC6Y8whI5V4TH5Qm,804,RXYXYX,24,332653,551011.2
264,Hit by Car,DevilBlood35,1,549225.7,529940.1,ERANGEL,2U4GBNA0YmnRe95wOy7kuweIkuZo5Roa0WjNZsgboi2gzzznOC6Y8whI5V4TH5Qm,1010,caonimagebi10,23,548910.6,529525.1
265,Mini 14,PapaWink,5,462599.1,333673.5,ERANGEL,2U4GBNA0YmnRe95wOy7kuweIkuZo5Roa0WjNZsgboi2gzzznOC6Y8whI5V4TH5Qm,1310,Yamete-Itai,19,448814.5,345601.1
266,M416,DruggyWitHoes,14,386561.5,467653.2,ERANGEL,2U4GBNA0YmnRe95wOy7kuweIkuZo5Roa0WjNZsgboi2gzzznOC6Y8whI5V4TH5Qm,1244,africanmonk,18,386301.1,468526.6
267,AKM,Spacemode,2,503369.1,406133.5,ERANGEL,2U4GBNA0YmnRe95wOy7kuweIkuZo5Roa0WjNZsgboi2gzzznOC6Y8whI5V4TH5Qm,1495,miniqiana,11,504002.3,406584.3
268,M16A4,T4GY0URE1T,10,451501.6,419758.9,ERANGEL,2U4GBNA0YmnRe95wOy7kuweIkuZo5Roa0WjNZsgboi2gzzznOC6Y8whI5V4TH5Qm,1490,Kiyooo-,40,451843.5,421350.9
269,AKM,MitsuhaSakura,41,469007.8,639468.7,ERANGEL,2U4GBNA0YmnRe95wOy7kuweIkuZo5Roa0WjNZsgboi2gzzznOC6Y8whI5V4TH5Qm,155,Snowzcone,44,470070.9,639671.6
270,M16A4,Malcolm_x,9,366072.5,396322.2,ERANGEL,2U4GBNA0YmnRe95wOy7kuweIkuZo5Roa0WjNZsgboi2gzzznOC6Y8whI5V4TH5Qm,584,Sun-aiyou,35,361963.2,385481.1
271,M416,DruggyWitHoes,14,443678.6,604119.5,ERANGEL,2U4GBNA0YmnRe95wOy7kuweIkuZo5Roa0WjNZsgboi2gzzznOC6Y8whI5V4TH5Qm,655,2.21111E+11,28,443697.5,604310.7
272,M416,Malcolm_x,9,488238.5,345538.2,ERANGEL,2U4GBNA0YmnRe95wOy7kuweIkuZo5Roa0WjNZsgboi2gzzznOC6Y8whI5V4TH5Qm,1245,Lukesnake17,20,487685.4,345350.2
273,Bluezone,,,,,ERANGEL,2U4GBNA0YmnRe95wOy7kuweIkuZo5Roa0WjNZsgboi2gzzznOC6Y8whI5V4TH5Qm,1326,huan769452,18,385709.2,469951.1
274,AKM,Wildo,4,366553.6,406316.7,ERANGEL,2U4GBNA0YmnRe95wOy7kuweIkuZo5Roa0WjNZsgboi2gzzznOC6Y8whI5V4TH5Qm,400,lsjishen,34,365941.7,405723.8
275,Tommy Gun,ImHideOnBush,35,432258.7,636266.3,ERANGEL,2U4GBNA0YmnRe95wOy7kuweIkuZo5Roa0WjNZsgboi2gzzznOC6Y8whI5V4TH5Qm,119,BOOMSSI1,47,432315.1,636210.4
276,SKS,DevilBlood35,1,431201.6,628654.8,ERANGEL,2U4GBNA0YmnRe95wOy7kuweIkuZo5Roa0WjNZsgboi2gzzznOC6Y8whI5V4TH5Qm,140,wsjianren,45,431504.2,628448.4
277,SCAR-L,ZWNIMAMMP,21,400862.5,353162.9,ERANGEL,2U4GBNA0YmlxiifTmjHuCGJhLNLL-lhlH9TQh47o-9IZVJIlJDQJmYN2YbSU2_Bx,194,BodyShotNinja,27,400893.3,352896.6
278,M416,dsfsd7j,20,431361.3,628569.8,ERANGEL,2U4GBNA0YmlxiifTmjHuCGJhLNLL-lhlH9TQh47o-9IZVJIlJDQJmYN2YbSU2_Bx,214,Bedsheets,24,436129.1,636154.3
279,Punch,chinesenanboone,15,496721.8,235798.9,ERANGEL,2U4GBNA0YmlxiifTmjHuCGJhLNLL-lhlH9TQh47o-9IZVJIlJDQJmYN2YbSU2_Bx,258,S0urdeizel,12,496594.5,235726.9
280,M416,wry5173,7,406349.6,411222.5,ERANGEL,2U4GBNA0YmlxiifTmjHuCGJhLNLL-lhlH9TQh47o-9IZVJIlJDQJmYN2YbSU2_Bx,853,Laambi,12,404151.9,408068.4
281,Down and Out,wry5173,7,444229,337226.1,ERANGEL,2U4GBNA0YmlxiifTmjHuCGJhLNLL-lhlH9TQh47o-9IZVJIlJDQJmYN2YbSU2_Bx,532,KenKen_Mantau,16,454728.9,334217.7
282,Down and Out,wry5173,7,446048.8,337778.1,ERANGEL,2U4GBNA0YmlxiifTmjHuCGJhLNLL-lhlH9TQh47o-9IZVJIlJDQJmYN2YbSU2_Bx,361,Micahboss,22,443817.6,338567.4
283,M16A4,JK911323,3,188062.5,507912.5,ERANGEL,2U4GBNA0YmlxiifTmjHuCGJhLNLL-lhlH9TQh47o-9IZVJIlJDQJmYN2YbSU2_Bx,1751,mAkOeD101278__,5,184096.2,510781.9
284,SCAR-L,Illmy0111,1,180234.1,512721.8,ERANGEL,2U4GBNA0YmlxiifTmjHuCGJhLNLL-lhlH9TQh47o-9IZVJIlJDQJmYN2YbSU2_Bx,1854,Driftings,2,181216.5,513549.2
285,M16A4,wry5173,7,457688.9,337837.6,ERANGEL,2U4GBNA0YmlxiifTmjHuCGJhLNLL-lhlH9TQh47o-9IZVJIlJDQJmYN2YbSU2_Bx,565,bukl4u,16,460000.9,333463.2
286,Crossbow,wry5173,7,445870.5,330802.2,ERANGEL,2U4GBNA0YmlxiifTmjHuCGJhLNLL-lhlH9TQh47o-9IZVJIlJDQJmYN2YbSU2_Bx,381,N1b3A,8,448331.8,332843.2
287,Mini 14,A-2119-A,6,215359.5,553207.9,ERANGEL,2U4GBNA0YmlxiifTmjHuCGJhLNLL-lhlH9TQh47o-9IZVJIlJDQJmYN2YbSU2_Bx,1492,eugggggggg,7,194877.3,562765.9
288,M416,YowyyCpone,2,385301.6,567027.4,ERANGEL,2U4GBNA0YmlxiifTmjHuCGJhLNLL-lhlH9TQh47o-9IZVJIlJDQJmYN2YbSU2_Bx,991,Huya90548zhiAi,11,384652.9,567247.6
289,UMP9,chinenoone,1,376216.5,129248.7,ERANGEL,2U4GBNA0YmlxiifTmjHuCGJhLNLL-lhlH9TQh47o-9IZVJIlJDQJmYN2YbSU2_Bx,470,zhenjunchen,14,375970.2,129644.5
290,M16A4,DRAKON4IK,5,203752.6,284254.6,ERANGEL,2U4GBNA0YmlxiifTmjHuCGJhLNLL-lhlH9TQh47o-9IZVJIlJDQJmYN2YbSU2_Bx,168,WAHAHAYAA,27,209067.4,282898.4
291,Down and Out,wry5173,7,411635.9,412670.9,ERANGEL,2U4GBNA0YmlxiifTmjHuCGJhLNLL-lhlH9TQh47o-9IZVJIlJDQJmYN2YbSU2_Bx,853,milkshakeNL,12,403457.8,405768.9
292,AKM,mAkOeD101278__,5,163366.6,281607.1,ERANGEL,2U4GBNA0YmlxiifTmjHuCGJhLNLL-lhlH9TQh47o-9IZVJIlJDQJmYN2YbSU2_Bx,487,Elisen,17,163119.2,281999.2
293,M16A4,wry5173,7,447520.2,336217,ERANGEL,2U4GBNA0YmlxiifTmjHuCGJhLNLL-lhlH9TQh47o-9IZVJIlJDQJmYN2YbSU2_Bx,361,ProtoSpider,22,445849.1,330770.1
294,Down and Out,Phestra,10,369090.9,412333.6,ERANGEL,2U4GBNA0YmlxiifTmjHuCGJhLNLL-lhlH9TQh47o-9IZVJIlJDQJmYN2YbSU2_Bx,465,young_xue,18,364873.3,420331.7
295,AKM,wry5173,7,445178.2,337286.6,ERANGEL,2U4GBNA0YmlxiifTmjHuCGJhLNLL-lhlH9TQh47o-9IZVJIlJDQJmYN2YbSU2_Bx,507,anoosfeesting,16,449462.9,336773.7
296,Down and Out,eugggggggg,7,201104.5,563778.8,ERANGEL,2U4GBNA0YmlxiifTmjHuCGJhLNLL-lhlH9TQh47o-9IZVJIlJDQJmYN2YbSU2_Bx,1473,SheCravesBBC,8,187377.3,583835.9
297,M416,dsfsd7j,20,435169.5,633015,ERANGEL,2U4GBNA0YmlxiifTmjHuCGJhLNLL-lhlH9TQh47o-9IZVJIlJDQJmYN2YbSU2_Bx,249,WEWILLFIGHT,24,435001.3,634733.8
298,Drown,YowyyCpone,2,350164.7,563769.1,ERANGEL,2U4GBNA0YmlxiifTmjHuCGJhLNLL-lhlH9TQh47o-9IZVJIlJDQJmYN2YbSU2_Bx,924,Douyu2206576,11,378094.8,555252.7
299,Down and Out,wry5173,7,411652.6,412654.3,ERANGEL,2U4GBNA0YmlxiifTmjHuCGJhLNLL-lhlH9TQh47o-9IZVJIlJDQJmYN2YbSU2_Bx,853,PettyWut,12,405217.4,404613
300,M416,CSNQJ66666,27,392030.9,348820.6,ERANGEL,2U4GBNA0YmlxiifTmjHuCGJhLNLL-lhlH9TQh47o-9IZVJIlJDQJmYN2YbSU2_Bx,362,ZWNIMAMMP,21,393445.1,348191.9
301,Vector,Fat_didi,11,446066.8,637303.4,ERANGEL,2U4GBNA0YmlxiifTmjHuCGJhLNLL-lhlH9TQh47o-9IZVJIlJDQJmYN2YbSU2_Bx,407,gongchenglaoerge,20,446226.6,637818.9
302,Kar98k,Illmy0111,1,212004,486172.5,ERANGEL,2U4GBNA0YmlxiifTmjHuCGJhLNLL-lhlH9TQh47o-9IZVJIlJDQJmYN2YbSU2_Bx,1391,Fuc-n-Fick,10,215569.8,496083.8
303,SCAR-L,Illmy0111,1,208175.7,484363.9,ERANGEL,2U4GBNA0YmlxiifTmjHuCGJhLNLL-lhlH9TQh47o-9IZVJIlJDQJmYN2YbSU2_Bx,1359,Phestra,10,211738.1,487643
304,Kar98k,YowyyCpone,2,171708.4,537506.4,ERANGEL,2U4GBNA0YmlxiifTmjHuCGJhLNLL-lhlH9TQh47o-9IZVJIlJDQJmYN2YbSU2_Bx,1546,DRAKON4IK,5,151591.2,533191.1
305,SCAR-L,Illmy0111,1,205854.2,483794.8,ERANGEL,2U4GBNA0YmlxiifTmjHuCGJhLNLL-lhlH9TQh47o-9IZVJIlJDQJmYN2YbSU2_Bx,1335,gmyx,10,211883.5,486663.9
306,P92,BodyShotNinja,27,399910.2,352053.1,ERANGEL,2U4GBNA0YmlxiifTmjHuCGJhLNLL-lhlH9TQh47o-9IZVJIlJDQJmYN2YbSU2_Bx,178,PangGaGa,21,399402.6,352241.3
307,SCAR-L,eugggggggg,7,200747.6,564251.6,ERANGEL,2U4GBNA0YmlxiifTmjHuCGJhLNLL-lhlH9TQh47o-9IZVJIlJDQJmYN2YbSU2_Bx,1473,Letho123,8,184619.3,575422.9
308,P92,ZWNIMAMMP,21,395266.3,356006.8,ERANGEL,2U4GBNA0YmlxiifTmjHuCGJhLNLL-lhlH9TQh47o-9IZVJIlJDQJmYN2YbSU2_Bx,146,SensitiveBoss,27,0,0
309,Down and Out,Illmy0111,1,371390.8,120866.2,ERANGEL,2U4GBNA0YmlxiifTmjHuCGJhLNLL-lhlH9TQh47o-9IZVJIlJDQJmYN2YbSU2_Bx,527,Kai_baba,14,383424.3,125382.3
310,S1897,Huya90548zhiAi,11,451634.6,620791.3,ERANGEL,2U4GBNA0YmlxiifTmjHuCGJhLNLL-lhlH9TQh47o-9IZVJIlJDQJmYN2YbSU2_Bx,125,phrenkee,,451743.5,620436
311,Down and Out,Douyu2206576,11,441377.1,637118.3,ERANGEL,2U4GBNA0YmlxiifTmjHuCGJhLNLL-lhlH9TQh47o-9IZVJIlJDQJmYN2YbSU2_Bx,406,fuxufa0527,20,445349.9,628148.3
312,S1897,mAkOeD101278__,5,200355.7,289064.9,ERANGEL,2U4GBNA0YmlxiifTmjHuCGJhLNLL-lhlH9TQh47o-9IZVJIlJDQJmYN2YbSU2_Bx,98,funkhu,27,200188,289180
313,Down and Out,DDA337,7,194593.7,560395.7,ERANGEL,2U4GBNA0YmlxiifTmjHuCGJhLNLL-lhlH9TQh47o-9IZVJIlJDQJmYN2YbSU2_Bx,1473,Kingrens2,8,192399.1,574199.6
314,Down and Out,chinenoone,1,207266.5,488794.5,ERANGEL,2U4GBNA0YmlxiifTmjHuCGJhLNLL-lhlH9TQh47o-9IZVJIlJDQJmYN2YbSU2_Bx,1366,NineHours,10,218105.4,491482.2
315,S1897,gongchenglaoerge,20,428840.8,635220.6,ERANGEL,2U4GBNA0YmlxiifTmjHuCGJhLNLL-lhlH9TQh47o-9IZVJIlJDQJmYN2YbSU2_Bx,154,Carved,26,428925.6,635483.8
316,SCAR-L,Fuc-n-Fick,10,364119.6,390225.8,ERANGEL,2U4GBNA0YmlxiifTmjHuCGJhLNLL-lhlH9TQh47o-9IZVJIlJDQJmYN2YbSU2_Bx,796,CSNQJ66666,27,362046.2,387805.6
317,Mini 14,A-2119-A,6,217553.8,556392.6,ERANGEL,2U4GBNA0YmlxiifTmjHuCGJhLNLL-lhlH9TQh47o-9IZVJIlJDQJmYN2YbSU2_Bx,1461,DDA337,7,194821.5,562623
318,Mini 14,A-2119-A,6,217809.8,556798,ERANGEL,2U4GBNA0YmlxiifTmjHuCGJhLNLL-lhlH9TQh47o-9IZVJIlJDQJmYN2YbSU2_Bx,1452,Mamba7c,7,194507.5,560544.4
319,Punch,Mamba7c,7,359634.5,679228.6,ERANGEL,2U4GBNA0YmlxiifTmjHuCGJhLNLL-lhlH9TQh47o-9IZVJIlJDQJmYN2YbSU2_Bx,233,DICKENN,28,0,0
320,Down and Out,YowyyCpone,2,387132,569560.4,ERANGEL,2U4GBNA0YmlxiifTmjHuCGJhLNLL-lhlH9TQh47o-9IZVJIlJDQJmYN2YbSU2_Bx,991,Fat_didi,11,384290.9,562952.8
321,SCAR-L,chinenoone,1,181059.2,512024.1,ERANGEL,2U4GBNA0YmlxiifTmjHuCGJhLNLL-lhlH9TQh47o-9IZVJIlJDQJmYN2YbSU2_Bx,1851,MyName_,3,185055.3,510854.7
322,Down and Out,Mamba7c,7,358746.3,679743.6,ERANGEL,2U4GBNA0YmlxiifTmjHuCGJhLNLL-lhlH9TQh47o-9IZVJIlJDQJmYN2YbSU2_Bx,257,lovewjl,28,358757.6,679823.4
323,S1897,gongchenglaoerge,20,428861.4,635250.6,ERANGEL,2U4GBNA0YmlxiifTmjHuCGJhLNLL-lhlH9TQh47o-9IZVJIlJDQJmYN2YbSU2_Bx,153,LMEN,26,429062,635771.8
324,M16A4,1985Lee,19,0,0,ERANGEL,2U4GBNA0YmlxiifTmjHuCGJhLNLL-lhlH9TQh47o-9IZVJIlJDQJmYN2YbSU2_Bx,385,lolwanjia-2,17,167874.5,283770
325,Down and Out,YowyyCpone,2,171406.7,537952.6,ERANGEL,2U4GBNA0YmlxiifTmjHuCGJhLNLL-lhlH9TQh47o-9IZVJIlJDQJmYN2YbSU2_Bx,1507,Rastaman152rus,5,162455,549724.9
326,M416,YowyyCpone,2,164970,540006.1,ERANGEL,2U4GBNA0YmlxiifTmjHuCGJhLNLL-lhlH9TQh47o-9IZVJIlJDQJmYN2YbSU2_Bx,1587,A-2119-A,6,185856.2,542890.7
327,S12K,Fuc-n-Fick,10,364785.9,417538.5,ERANGEL,2U4GBNA0YmlxiifTmjHuCGJhLNLL-lhlH9TQh47o-9IZVJIlJDQJmYN2YbSU2_Bx,471,Superman_Zn,18,365002.5,417429.4
328,SCAR-L,DRAKON4IK,5,180335.2,279615.9,ERANGEL,2U4GBNA0YmlxiifTmjHuCGJhLNLL-lhlH9TQh47o-9IZVJIlJDQJmYN2YbSU2_Bx,438,xiaolei0711,19,169564.7,277851.7
329,Bluezone,,,,,ERANGEL,2U4GBNA0YmlxiifTmjHuCGJhLNLL-lhlH9TQh47o-9IZVJIlJDQJmYN2YbSU2_Bx,1767,lXlFan,2,162292.2,513805.1
330,AKM,NineHours,10,364339.2,417049.9,ERANGEL,2U4GBNA0YmlxiifTmjHuCGJhLNLL-lhlH9TQh47o-9IZVJIlJDQJmYN2YbSU2_Bx,461,LH_A1ICE,18,364939.6,417482.8
331,M416,SZL_1,19,166625.4,282603.1,ERANGEL,2U4GBNA0YmlxiifTmjHuCGJhLNLL-lhlH9TQh47o-9IZVJIlJDQJmYN2YbSU2_Bx,380,lolwanjia-1,17,166644.9,282270.1
332,Bluezone,Axin_1123,4,158506.8,528566.3,ERANGEL,2U4GBNA0YmlxiifTmjHuCGJhLNLL-lhlH9TQh47o-9IZVJIlJDQJmYN2YbSU2_Bx,1633,TANkISTSEREGA111,5,153188.2,538142.8
333,M416,dsfsd7j,20,431429.5,628674.8,ERANGEL,2U4GBNA0YmlxiifTmjHuCGJhLNLL-lhlH9TQh47o-9IZVJIlJDQJmYN2YbSU2_Bx,176,isaac1465,24,435004.3,634573.6
334,Down and Out,YowyyCpone,2,386219.9,568581.3,ERANGEL,2U4GBNA0YmlxiifTmjHuCGJhLNLL-lhlH9TQh47o-9IZVJIlJDQJmYN2YbSU2_Bx,991,Hipmanone,11,382559.8,558620.8
335,M416,Kingrens2,8,197959.6,568978.6,ERANGEL,2U4GBNA0YmlxiifTmjHuCGJhLNLL-lhlH9TQh47o-9IZVJIlJDQJmYN2YbSU2_Bx,1413,RyeguyTheDeacon,9,191177.3,575396.9
336,Down and Out,Illmy0111,1,371398.6,120845.3,ERANGEL,2U4GBNA0YmlxiifTmjHuCGJhLNLL-lhlH9TQh47o-9IZVJIlJDQJmYN2YbSU2_Bx,533,BoomSk1k,14,378131.9,122423.5
337,Mini 14,NineHours,10,355267.8,409912.5,ERANGEL,2U4GBNA0YmlxiifTmjHuCGJhLNLL-lhlH9TQh47o-9IZVJIlJDQJmYN2YbSU2_Bx,254,sjw0973,9,355893.3,410187.2
338,Down and Out,wry5173,7,442303.9,331003.2,ERANGEL,2U4GBNA0YmlxiifTmjHuCGJhLNLL-lhlH9TQh47o-9IZVJIlJDQJmYN2YbSU2_Bx,361,OCBOO,22,446267.3,333217.5
339,M416,dsfsd7j,20,431364.1,628679.6,ERANGEL,2U4GBNA0YmlxiifTmjHuCGJhLNLL-lhlH9TQh47o-9IZVJIlJDQJmYN2YbSU2_Bx,218,Geometry1,26,434996.8,636837.3
340,Down and Out,CSNQJ66666,27,394485.3,348299.8,ERANGEL,2U4GBNA0YmlxiifTmjHuCGJhLNLL-lhlH9TQh47o-9IZVJIlJDQJmYN2YbSU2_Bx,362,axushushu,21,394704.6,348107.2
341,Down and Out,CSNQJ66666,27,391993.8,348772.1,ERANGEL,2U4GBNA0YmlxiifTmjHuCGJhLNLL-lhlH9TQh47o-9IZVJIlJDQJmYN2YbSU2_Bx,362,szl2000,21,393876.7,347575.1
342,Bluezone,,,,,ERANGEL,2U4GBNA0YmlxiifTmjHuCGJhLNLL-lhlH9TQh47o-9IZVJIlJDQJmYN2YbSU2_Bx,1769,JK911323,3,186551.2,508124.9
343,M16A4,TANkISTSEREGA111,5,202380.2,289282.7,ERANGEL,2U4GBNA0YmlxiifTmjHuCGJhLNLL-lhlH9TQh47o-9IZVJIlJDQJmYN2YbSU2_Bx,130,weigelailongni,27,203087.9,286482.2
344,Down and Out,lolwanjia-1,17,166663,282189.1,ERANGEL,2U4GBNA0YmlxiifTmjHuCGJhLNLL-lhlH9TQh47o-9IZVJIlJDQJmYN2YbSU2_Bx,378,1985Lee,19,169893,281657.7
345,Tommy Gun,Phestra,10,356163.8,405460.2,ERANGEL,2U4GBNA0YmlxiifTmjHuCGJhLNLL-lhlH9TQh47o-9IZVJIlJDQJmYN2YbSU2_Bx,215,bigbittysuka,9,356307.3,405241.3
346,M416,axushushu,21,394799,349022.6,ERANGEL,2U4GBNA0YmlxiifTmjHuCGJhLNLL-lhlH9TQh47o-9IZVJIlJDQJmYN2YbSU2_Bx,300,zlf896813,27,395311.4,348828.3
347,Vector,Douyu2206576,11,444580.1,637022.9,ERANGEL,2U4GBNA0YmlxiifTmjHuCGJhLNLL-lhlH9TQh47o-9IZVJIlJDQJmYN2YbSU2_Bx,402,dsfsd7j,20,444862.5,637073.4
348,Down and Out,DRAKON4IK,5,180304.9,279694.8,ERANGEL,2U4GBNA0YmlxiifTmjHuCGJhLNLL-lhlH9TQh47o-9IZVJIlJDQJmYN2YbSU2_Bx,438,SZL_1,19,164629,282689
349,Down and Out,Mamba7c,7,359623.1,679456.6,ERANGEL,2U4GBNA0YmlxiifTmjHuCGJhLNLL-lhlH9TQh47o-9IZVJIlJDQJmYN2YbSU2_Bx,234,ZSCCC,28,359635.3,679536.3
350,SCAR-L,TANkISTSEREGA111,5,152561.5,537606.2,ERANGEL,2U4GBNA0YmlxiifTmjHuCGJhLNLL-lhlH9TQh47o-9IZVJIlJDQJmYN2YbSU2_Bx,1575,IBELIVEICANFLY,4,151671,535835
351,S1897,LMEN,26,430544,635055,ERANGEL,2U4GBNA0YmlxiifTmjHuCGJhLNLL-lhlH9TQh47o-9IZVJIlJDQJmYN2YbSU2_Bx,126,NaoWao666,,430490.4,635127.1
352,Bluezone,,,,,ERANGEL,2U4GBNA0YmlxiifTmjHuCGJhLNLL-lhlH9TQh47o-9IZVJIlJDQJmYN2YbSU2_Bx,1650,YowyyCpone,2,165597.2,539061.9
353,SCAR-L,Illmy0111,1,180217.4,512659.6,ERANGEL,2U4GBNA0YmlxiifTmjHuCGJhLNLL-lhlH9TQh47o-9IZVJIlJDQJmYN2YbSU2_Bx,1851,carry-china,3,185013.4,511932.9
354,Down and Out,Mamba7c,7,359267.8,678516.9,ERANGEL,2U4GBNA0YmlxiifTmjHuCGJhLNLL-lhlH9TQh47o-9IZVJIlJDQJmYN2YbSU2_Bx,234,BBTGG,28,359189.2,678531.4
355,Micro UZI,S0urdeizel,12,493174.5,231377.8,ERANGEL,2U4GBNA0YmlxiifTmjHuCGJhLNLL-lhlH9TQh47o-9IZVJIlJDQJmYN2YbSU2_Bx,211,eatfoods,15,493075.9,231039.2
356,Down and Out,Mamba7c,7,358038.8,678281.8,ERANGEL,2U4GBNA0YmlxiifTmjHuCGJhLNLL-lhlH9TQh47o-9IZVJIlJDQJmYN2YbSU2_Bx,257,Rosebushs,28,357963.4,678255.9
357,Punch,Mamba7c,7,358315.4,680380.4,ERANGEL,2U4GBNA0YmlxiifTmjHuCGJhLNLL-lhlH9TQh47o-9IZVJIlJDQJmYN2YbSU2_Bx,256,UUUbaby,28,0,0
358,Falling,,,,,ERANGEL,2U4GBNA0YmlxiifTmjHuCGJhLNLL-lhlH9TQh47o-9IZVJIlJDQJmYN2YbSU2_Bx,632,chinesenanboone,15,559618.9,263769.8
359,Down and Out,Illmy0111,1,174635.6,510872.2,ERANGEL,2U4GBNA0YmlxiifTmjHuCGJhLNLL-lhlH9TQh47o-9IZVJIlJDQJmYN2YbSU2_Bx,1640,fairyGIGI,2,166706.2,538946.3
360,UMP9,PettyWut,12,521150.5,244316.4,ERANGEL,2U4GBNA0YmlxiifTmjHuCGJhLNLL-lhlH9TQh47o-9IZVJIlJDQJmYN2YbSU2_Bx,492,killing_K2,15,520546.9,244015.2
361,S686,PettyWut,12,523197.9,238563.2,ERANGEL,2U4GBNA0YmlxiifTmjHuCGJhLNLL-lhlH9TQh47o-9IZVJIlJDQJmYN2YbSU2_Bx,568,killing_K8,15,524833.2,238301.2
362,Down and Out,WEWILLFIGHT,24,436086.6,635964.1,ERANGEL,2U4GBNA0YmlxiifTmjHuCGJhLNLL-lhlH9TQh47o-9IZVJIlJDQJmYN2YbSU2_Bx,218,JGAC,26,435493.9,635485.9
363,M416,YowyyCpone,2,378248.3,568577.5,ERANGEL,2U4GBNA0YmlxiifTmjHuCGJhLNLL-lhlH9TQh47o-9IZVJIlJDQJmYN2YbSU2_Bx,1168,wry5173,7,373687,572041.8
364,SCAR-L,chinenoone,1,376440.5,128957.5,ERANGEL,2U4GBNA0YmlxiifTmjHuCGJhLNLL-lhlH9TQh47o-9IZVJIlJDQJmYN2YbSU2_Bx,643,xineryang77,14,376396.9,130562.3
365,Down and Out,Bedsheets,24,431941.1,625146,ERANGEL,2U4GBNA0YmlxiifTmjHuCGJhLNLL-lhlH9TQh47o-9IZVJIlJDQJmYN2YbSU2_Bx,127,lienen,,430173.6,626490.4
366,Bluezone,YowyyCpone,2,164994.2,540431.6,ERANGEL,2U4GBNA0YmlxiifTmjHuCGJhLNLL-lhlH9TQh47o-9IZVJIlJDQJmYN2YbSU2_Bx,1618,zhangyang2000,4,150262.2,527447.7
367,Down and Out,chinenoone,1,166328.4,511703.3,ERANGEL,2U4GBNA0YmlxiifTmjHuCGJhLNLL-lhlH9TQh47o-9IZVJIlJDQJmYN2YbSU2_Bx,1672,Aa-999,4,156321.4,530584.1
368,Bluezone,,,,,ERANGEL,2U4GBNA0YmlxiifTmjHuCGJhLNLL-lhlH9TQh47o-9IZVJIlJDQJmYN2YbSU2_Bx,1760,Axin_1123,4,173455,526853.1
369,Bluezone,,,,,ERANGEL,2U4GBNA0YmmLlZbT02zMNt2JlWQ2eYFKRG02TGemIK1RM2eWZoZ5_MZmkLiA6Xuu,1490,ChouNiZaDi233,9,327086.9,382422.1
370,M16A4,VeCtOrsssss,31,409244.3,287166.9,ERANGEL,2U4GBNA0YmmLlZbT02zMNt2JlWQ2eYFKRG02TGemIK1RM2eWZoZ5_MZmkLiA6Xuu,197,namoostick,44,409644.9,287159.9
371,P1911,China_Cool,43,357054.9,399925.5,ERANGEL,2U4GBNA0YmmLlZbT02zMNt2JlWQ2eYFKRG02TGemIK1RM2eWZoZ5_MZmkLiA6Xuu,177,GaryZhang8,46,357910.1,399028.2
372,AKM,Hicin,26,389574.6,289679.7,ERANGEL,2U4GBNA0YmmLlZbT02zMNt2JlWQ2eYFKRG02TGemIK1RM2eWZoZ5_MZmkLiA6Xuu,249,SE7EN0301,35,391384.2,286871.5
373,Bluezone,,,,,ERANGEL,2U4GBNA0YmmLlZbT02zMNt2JlWQ2eYFKRG02TGemIK1RM2eWZoZ5_MZmkLiA6Xuu,1648,NekoVanilla886,6,366513,325295.3
374,AKM,LiKuangRan,15,387202,118964.9,ERANGEL,2U4GBNA0YmmLlZbT02zMNt2JlWQ2eYFKRG02TGemIK1RM2eWZoZ5_MZmkLiA6Xuu,133,LuAnAn,40,386767.8,118908
375,Kar98k,Xuyuan88,1,367444.5,284770,ERANGEL,2U4GBNA0YmmLlZbT02zMNt2JlWQ2eYFKRG02TGemIK1RM2eWZoZ5_MZmkLiA6Xuu,1589,SuperPigBing,8,391152.2,284914.3
376,M416,snake2222,19,316247.9,398328.5,ERANGEL,2U4GBNA0YmmLlZbT02zMNt2JlWQ2eYFKRG02TGemIK1RM2eWZoZ5_MZmkLiA6Xuu,933,woyoudaJB-,20,318469.3,397932.3
377,AKM,Gilles-de-KING,9,361280,395966.5,ERANGEL,2U4GBNA0YmmLlZbT02zMNt2JlWQ2eYFKRG02TGemIK1RM2eWZoZ5_MZmkLiA6Xuu,198,China_Cool,43,355992.9,400738.8
378,Down and Out,snake2222,19,177681.4,291548.9,ERANGEL,2U4GBNA0YmmLlZbT02zMNt2JlWQ2eYFKRG02TGemIK1RM2eWZoZ5_MZmkLiA6Xuu,664,Zloy_Hybacuk,30,172134.8,301210.2
379,Down and Out,zuoqi4281,33,425016.1,326853,ERANGEL,2U4GBNA0YmmLlZbT02zMNt2JlWQ2eYFKRG02TGemIK1RM2eWZoZ5_MZmkLiA6Xuu,123,Roc72,49,424995.2,326771.8
380,Down and Out,China_Cool,43,357743.8,400154.3,ERANGEL,2U4GBNA0YmmLlZbT02zMNt2JlWQ2eYFKRG02TGemIK1RM2eWZoZ5_MZmkLiA6Xuu,177,Molikio,46,355534.6,397442.6
381,Punch,Eilasbander,45,413098.2,480923.5,ERANGEL,2U4GBNA0YmmLlZbT02zMNt2JlWQ2eYFKRG02TGemIK1RM2eWZoZ5_MZmkLiA6Xuu,147,hedianzkI,39,413202.1,480855.4
382,SCAR-L,jk365,12,350041.6,323362.8,ERANGEL,2U4GBNA0YmmLlZbT02zMNt2JlWQ2eYFKRG02TGemIK1RM2eWZoZ5_MZmkLiA6Xuu,1446,qxiaoye521p,6,348837.6,323362.7
383,M416,xvwangming,26,410912.2,283203.7,ERANGEL,2U4GBNA0YmmLlZbT02zMNt2JlWQ2eYFKRG02TGemIK1RM2eWZoZ5_MZmkLiA6Xuu,636,JerichoAI,31,413205.6,283415.5
384,SCAR-L,DelevinC,3,380625.5,354195.4,ERANGEL,2U4GBNA0YmmLlZbT02zMNt2JlWQ2eYFKRG02TGemIK1RM2eWZoZ5_MZmkLiA6Xuu,916,JumpKing1,22,377609.1,353836.8
385,M416,keaibao-biubiu,14,567132.3,124390.3,ERANGEL,2U4GBNA0YmmLlZbT02zMNt2JlWQ2eYFKRG02TGemIK1RM2eWZoZ5_MZmkLiA6Xuu,730,LSY__14,27,565848.3,125248.7
386,M416,snake2222,19,175221.3,298249.6,ERANGEL,2U4GBNA0YmmLlZbT02zMNt2JlWQ2eYFKRG02TGemIK1RM2eWZoZ5_MZmkLiA6Xuu,664,STR_1,30,172282.1,302652.2
387,M416,keaibao-biubiu,14,571363.4,123447.3,ERANGEL,2U4GBNA0YmmLlZbT02zMNt2JlWQ2eYFKRG02TGemIK1RM2eWZoZ5_MZmkLiA6Xuu,709,SoLucky-,27,570748.3,123079.3
388,SCAR-L,Babo-ABC,2,401494.4,307756,ERANGEL,2U4GBNA0YmmLlZbT02zMNt2JlWQ2eYFKRG02TGemIK1RM2eWZoZ5_MZmkLiA6Xuu,1646,Sell-Trucycle,7,400981.8,308460.4
389,S1897,zuoqi4281,33,422712.3,324695.5,ERANGEL,2U4GBNA0YmmLlZbT02zMNt2JlWQ2eYFKRG02TGemIK1RM2eWZoZ5_MZmkLiA6Xuu,123,SquareMxc,49,420940.4,325559.5
390,M416,Ursdad666,2,396369.4,302401.2,ERANGEL,2U4GBNA0YmmLlZbT02zMNt2JlWQ2eYFKRG02TGemIK1RM2eWZoZ5_MZmkLiA6Xuu,1779,Joker1997av,4,396778.7,307651.5
391,AKM,VSUPciwei,1,396662.7,307742.9,ERANGEL,2U4GBNA0YmmLlZbT02zMNt2JlWQ2eYFKRG02TGemIK1RM2eWZoZ5_MZmkLiA6Xuu,1864,Babo-ABC,2,396531.8,304991.7
392,Down and Out,jk365,12,266173.1,394708.3,ERANGEL,2U4GBNA0YmmLlZbT02zMNt2JlWQ2eYFKRG02TGemIK1RM2eWZoZ5_MZmkLiA6Xuu,801,XiaoBa4,24,260202.9,403538.8
393,Down and Out,Ursdad666,2,401101.9,308105.3,ERANGEL,2U4GBNA0YmmLlZbT02zMNt2JlWQ2eYFKRG02TGemIK1RM2eWZoZ5_MZmkLiA6Xuu,1646,Arturira,7,402656.6,312101.4
394,Vector,Joker1997av,4,317818.6,424610.2,ERANGEL,2U4GBNA0YmmLlZbT02zMNt2JlWQ2eYFKRG02TGemIK1RM2eWZoZ5_MZmkLiA6Xuu,1121,AJlewka,17,318807.1,427323.3
395,Bluezone,,,,,ERANGEL,2U4GBNA0YmmLlZbT02zMNt2JlWQ2eYFKRG02TGemIK1RM2eWZoZ5_MZmkLiA6Xuu,1489,Gilles-de-KING,9,327552,382895.5
396,M416,JIUXIE-NB,18,423640.8,712687.2,ERANGEL,2U4GBNA0YmmLlZbT02zMNt2JlWQ2eYFKRG02TGemIK1RM2eWZoZ5_MZmkLiA6Xuu,404,laosijidongji,49,0,0
397,M16A4,qingqingyu121,10,371776.6,379649.1,ERANGEL,2U4GBNA0YmmLlZbT02zMNt2JlWQ2eYFKRG02TGemIK1RM2eWZoZ5_MZmkLiA6Xuu,1413,Clearlove43968,13,372097.9,369849.8
398,M416,xvwangming,26,410828.8,282605.8,ERANGEL,2U4GBNA0YmmLlZbT02zMNt2JlWQ2eYFKRG02TGemIK1RM2eWZoZ5_MZmkLiA6Xuu,631,VeCtOrsssss,31,410945.9,285591.4
399,UMP9,L-55555,23,373563.2,412768.9,ERANGEL,2U4GBNA0YmmLlZbT02zMNt2JlWQ2eYFKRG02TGemIK1RM2eWZoZ5_MZmkLiA6Xuu,179,EririSpencer8,38,373937.1,412840.4
400,Micro UZI,Zhangfenglei,23,372557.9,414116.8,ERANGEL,2U4GBNA0YmmLlZbT02zMNt2JlWQ2eYFKRG02TGemIK1RM2eWZoZ5_MZmkLiA6Xuu,243,hvcgjvcgjckj,38,374657.4,411817.4
401,Down and Out,NekoVanilla886,6,347356.9,322544,ERANGEL,2U4GBNA0YmmLlZbT02zMNt2JlWQ2eYFKRG02TGemIK1RM2eWZoZ5_MZmkLiA6Xuu,1448,lyp001,12,347304.3,324048.9
402,Down and Out,jijiluanfei,20,220812.9,394244.3,ERANGEL,2U4GBNA0YmmLlZbT02zMNt2JlWQ2eYFKRG02TGemIK1RM2eWZoZ5_MZmkLiA6Xuu,199,Tendernessfbjwu,42,218929.1,394874.3
403,Micro UZI,Leo-manRrui0701-,25,390255.6,348322.5,ERANGEL,2U4GBNA0YmmLlZbT02zMNt2JlWQ2eYFKRG02TGemIK1RM2eWZoZ5_MZmkLiA6Xuu,168,linluoxc,47,391233.2,348213.6
404,S686,jijiluanfei,20,219291.8,394878.4,ERANGEL,2U4GBNA0YmmLlZbT02zMNt2JlWQ2eYFKRG02TGemIK1RM2eWZoZ5_MZmkLiA6Xuu,199,Galaxyqwe,42,219367.2,394220.5
405,SCAR-L,jk365,12,265969.4,395234.1,ERANGEL,2U4GBNA0YmmLlZbT02zMNt2JlWQ2eYFKRG02TGemIK1RM2eWZoZ5_MZmkLiA6Xuu,801,C_cos,24,259676.4,404611.8
406,M416,NekoVanilla886,6,346211.8,324785.1,ERANGEL,2U4GBNA0YmmLlZbT02zMNt2JlWQ2eYFKRG02TGemIK1RM2eWZoZ5_MZmkLiA6Xuu,1448,jk365,12,350172.6,323255.6
407,AKM,VSUPciwei,1,387145.7,313930.2,ERANGEL,2U4GBNA0YmmLlZbT02zMNt2JlWQ2eYFKRG02TGemIK1RM2eWZoZ5_MZmkLiA6Xuu,1792,DelevinC,3,388729.8,313930
408,AKM,LiKuangRan,15,386888.6,115383.1,ERANGEL,2U4GBNA0YmmLlZbT02zMNt2JlWQ2eYFKRG02TGemIK1RM2eWZoZ5_MZmkLiA6Xuu,219,Snail-z,40,387569.1,116193.1
409,P1911,5hpptkill,43,354842.7,403287.4,ERANGEL,2U4GBNA0YmmLlZbT02zMNt2JlWQ2eYFKRG02TGemIK1RM2eWZoZ5_MZmkLiA6Xuu,102,CNIG-4785,13,355217.3,403000.3
410,M16A4,VeCtOrsssss,31,413902.2,286196.8,ERANGEL,2U4GBNA0YmmLlZbT02zMNt2JlWQ2eYFKRG02TGemIK1RM2eWZoZ5_MZmkLiA6Xuu,523,Hicin,26,415103.1,285655.4
411,P92,CPjj,39,414033,480648.3,ERANGEL,2U4GBNA0YmmLlZbT02zMNt2JlWQ2eYFKRG02TGemIK1RM2eWZoZ5_MZmkLiA6Xuu,187,Eilasbander,45,413960.1,480517.6
412,S686,DelevinC,3,515478.6,499725.1,ERANGEL,2U4GBNA0YmmLlZbT02zMNt2JlWQ2eYFKRG02TGemIK1RM2eWZoZ5_MZmkLiA6Xuu,289,QingChao1314,34,515358.8,498854.2
413,Vector,ChouNiZaDi233,9,347171.2,399543.8,ERANGEL,2U4GBNA0YmmLlZbT02zMNt2JlWQ2eYFKRG02TGemIK1RM2eWZoZ5_MZmkLiA6Xuu,821,Zhangfenglei,23,345095.6,406844.4
414,AKM,Xuyuan88,1,384718.9,315072.9,ERANGEL,2U4GBNA0YmmLlZbT02zMNt2JlWQ2eYFKRG02TGemIK1RM2eWZoZ5_MZmkLiA6Xuu,1776,bjy520,3,385597.5,315398.9
415,Grenade,DelevinC,3,381382.3,354231.7,ERANGEL,2U4GBNA0YmmLlZbT02zMNt2JlWQ2eYFKRG02TGemIK1RM2eWZoZ5_MZmkLiA6Xuu,913,CoCooZ1,22,377555.7,353934.9
416,Down and Out,BeiJin40L,11,324966,398185.1,ERANGEL,2U4GBNA0YmmLlZbT02zMNt2JlWQ2eYFKRG02TGemIK1RM2eWZoZ5_MZmkLiA6Xuu,994,snake2222,19,318349,398114.1
417,Bluezone,,,,,ERANGEL,2U4GBNA0YmmLlZbT02zMNt2JlWQ2eYFKRG02TGemIK1RM2eWZoZ5_MZmkLiA6Xuu,1489,qingqingyu121,10,370542.3,361269
418,Down and Out,,,,,ERANGEL,2U4GBNA0YmmLlZbT02zMNt2JlWQ2eYFKRG02TGemIK1RM2eWZoZ5_MZmkLiA6Xuu,1532,ATAOYY,4,370514.5,361314.9
419,M416,ChouNiZaDi233,9,326836.6,387132.1,ERANGEL,2U4GBNA0YmmLlZbT02zMNt2JlWQ2eYFKRG02TGemIK1RM2eWZoZ5_MZmkLiA6Xuu,1456,BeiJin40L,11,329273.1,392000.6
420,Grenade,Gilles-de-KING,9,327110.1,390644.2,ERANGEL,2U4GBNA0YmmLlZbT02zMNt2JlWQ2eYFKRG02TGemIK1RM2eWZoZ5_MZmkLiA6Xuu,1336,love-521,11,322627.3,392758.9
421,AKM,YangLin233333,21,423913.9,326107.8,ERANGEL,2U4GBNA0YmmLlZbT02zMNt2JlWQ2eYFKRG02TGemIK1RM2eWZoZ5_MZmkLiA6Xuu,310,mcdodonald,33,420920.8,324385.6
422,AKM,Wanderer23333,21,422166.8,327937.6,ERANGEL,2U4GBNA0YmmLlZbT02zMNt2JlWQ2eYFKRG02TGemIK1RM2eWZoZ5_MZmkLiA6Xuu,268,zuoqi4281,33,421928.9,328134.9
423,Grenade,xvwangming,26,412525.5,271518.9,ERANGEL,2U4GBNA0YmmLlZbT02zMNt2JlWQ2eYFKRG02TGemIK1RM2eWZoZ5_MZmkLiA6Xuu,738,xvwangming,26,412525.5,271518.9
424,Micro UZI,Leo-manRrui0701-,25,390723.9,348794.1,ERANGEL,2U4GBNA0YmmLlZbT02zMNt2JlWQ2eYFKRG02TGemIK1RM2eWZoZ5_MZmkLiA6Xuu,161,dongdawushui,47,391029.4,348881.5
425,Grenade,CPjj,39,415035.6,481148.6,ERANGEL,2U4GBNA0YmmLlZbT02zMNt2JlWQ2eYFKRG02TGemIK1RM2eWZoZ5_MZmkLiA6Xuu,234,CPjj,39,415035.6,481148.6
426,Down and Out,Joker1997av,4,368504.3,366268.8,ERANGEL,2U4GBNA0YmmLlZbT02zMNt2JlWQ2eYFKRG02TGemIK1RM2eWZoZ5_MZmkLiA6Xuu,1489,ZHU4694059,10,371633.6,362190.7
427,Vector,Joker1997av,4,316668.2,425243.8,ERANGEL,2U4GBNA0YmmLlZbT02zMNt2JlWQ2eYFKRG02TGemIK1RM2eWZoZ5_MZmkLiA6Xuu,718,Fangege01000,28,317145.2,426129.9
428,M16A4,ATAOYY,4,316340.9,425444.3,ERANGEL,2U4GBNA0YmmLlZbT02zMNt2JlWQ2eYFKRG02TGemIK1RM2eWZoZ5_MZmkLiA6Xuu,1071,Dno_Gaming,17,317165.3,426002.5
429,S686,qingqingyu121,10,450557.9,628897.1,ERANGEL,2U4GBNA0YmmLlZbT02zMNt2JlWQ2eYFKRG02TGemIK1RM2eWZoZ5_MZmkLiA6Xuu,208,LYB517,37,450691.7,628900.1
430,S12K,Wanderer23333,21,418760.3,327511.5,ERANGEL,2U4GBNA0YmmLlZbT02zMNt2JlWQ2eYFKRG02TGemIK1RM2eWZoZ5_MZmkLiA6Xuu,770,TheScarletFlower,25,417498.9,326726.4
431,AKM,Gilles-de-KING,9,361247.8,395928.5,ERANGEL,2U4GBNA0YmmLlZbT02zMNt2JlWQ2eYFKRG02TGemIK1RM2eWZoZ5_MZmkLiA6Xuu,191,5hpptkill,43,356090.6,400734.8
432,SCAR-L,Xuyuan88,1,373345.6,307404.6,ERANGEL,2U4GBNA0YmmLlZbT02zMNt2JlWQ2eYFKRG02TGemIK1RM2eWZoZ5_MZmkLiA6Xuu,1657,752903469,5,367335.9,315011.2
433,Down and Out,VSUPciwei,1,396289.3,308352.7,ERANGEL,2U4GBNA0YmmLlZbT02zMNt2JlWQ2eYFKRG02TGemIK1RM2eWZoZ5_MZmkLiA6Xuu,1864,Ursdad666,2,394014.9,303887.9
434,Grenade,Xuyuan88,1,373480.8,275249,ERANGEL,2U4GBNA0YmmLlZbT02zMNt2JlWQ2eYFKRG02TGemIK1RM2eWZoZ5_MZmkLiA6Xuu,1299,keaibao-biubiu,14,378345.1,273602.9
435,UMP9,NekoVanilla886,6,316897.3,320387.7,ERANGEL,2U4GBNA0YmmLlZbT02zMNt2JlWQ2eYFKRG02TGemIK1RM2eWZoZ5_MZmkLiA6Xuu,615,Liusc1994,29,318164.5,323154.6
436,Down and Out,chijibingd,19,315645.8,400676.1,ERANGEL,2U4GBNA0YmmLlZbT02zMNt2JlWQ2eYFKRG02TGemIK1RM2eWZoZ5_MZmkLiA6Xuu,933,jijiluanfei,20,318136.6,400377.8
437,S686,qxiaoye521p,6,320924.9,325903,ERANGEL,2U4GBNA0YmmLlZbT02zMNt2JlWQ2eYFKRG02TGemIK1RM2eWZoZ5_MZmkLiA6Xuu,676,Abby1998,29,321279,325545.1
438,SCAR-L,BeiJin40L,11,324947.8,398263.7,ERANGEL,2U4GBNA0YmmLlZbT02zMNt2JlWQ2eYFKRG02TGemIK1RM2eWZoZ5_MZmkLiA6Xuu,994,chijibingd,19,318212.7,397706.7
439,Falling,,,,,ERANGEL,2U4GBNA0YmmLlZbT02zMNt2JlWQ2eYFKRG02TGemIK1RM2eWZoZ5_MZmkLiA6Xuu,931,Wanderer23333,21,434417.8,339997.6
440,S686,qingqingyu121,10,446823.9,628970.8,ERANGEL,2U4GBNA0YmmLlZbT02zMNt2JlWQ2eYFKRG02TGemIK1RM2eWZoZ5_MZmkLiA6Xuu,246,LoveooHjw,37,446989.8,629061
441,M16A4,Sell-Trucycle,7,390013.3,344174.8,ERANGEL,2U4GBNA0YmmLlZbT02zMNt2JlWQ2eYFKRG02TGemIK1RM2eWZoZ5_MZmkLiA6Xuu,1260,LiKuangRan,15,389397.1,344857.3
442,Tommy Gun,752903469,5,334747.8,172195.1,ERANGEL,2U4GBNA0YmmLlZbT02zMNt2JlWQ2eYFKRG02TGemIK1RM2eWZoZ5_MZmkLiA6Xuu,246,ZHENGHAIO,36,334682.9,171748.2
443,Down and Out,bjy520,3,515439.6,498767,ERANGEL,2U4GBNA0YmmLlZbT02zMNt2JlWQ2eYFKRG02TGemIK1RM2eWZoZ5_MZmkLiA6Xuu,289,xingqiu56,34,515442.4,499347.3
444,Vector,Joker1997av,4,317150.2,426082.4,ERANGEL,2U4GBNA0YmmLlZbT02zMNt2JlWQ2eYFKRG02TGemIK1RM2eWZoZ5_MZmkLiA6Xuu,1184,HYC---come,49,316154.2,425468.8
445,S12K,Wanderer23333,21,419011.3,328593.6,ERANGEL,2U4GBNA0YmmLlZbT02zMNt2JlWQ2eYFKRG02TGemIK1RM2eWZoZ5_MZmkLiA6Xuu,762,Leo-manRrui0701-,25,418930,328264.4
446,AKM,TheScarletFlower,25,417469.2,330103.3,ERANGEL,2U4GBNA0YmmLlZbT02zMNt2JlWQ2eYFKRG02TGemIK1RM2eWZoZ5_MZmkLiA6Xuu,665,YangLin233333,21,417447,329788.1
447,P92,CPjj,39,414722.9,480566.1,ERANGEL,2U4GBNA0YmmLlZbT02zMNt2JlWQ2eYFKRG02TGemIK1RM2eWZoZ5_MZmkLiA6Xuu,196,Agreas-,45,414632.8,480358.7
448,Crossbow,VeCtOrsssss,31,410400,283853.6,ERANGEL,2U4GBNA0YmmLlZbT02zMNt2JlWQ2eYFKRG02TGemIK1RM2eWZoZ5_MZmkLiA6Xuu,150,nonhuuf,44,410409.9,283768.7
449,S1897,LSY__14,27,566124.1,125508.9,ERANGEL,2U4GBNA0YmmLlZbT02zMNt2JlWQ2eYFKRG02TGemIK1RM2eWZoZ5_MZmkLiA6Xuu,723,ChiangChih-hang,14,567265.8,124472.3
450,M416,SuperPigBing,8,393638.4,339905.8,ERANGEL,2U4GBNA0YmmLlZbT02zMNt2JlWQ2eYFKRG02TGemIK1RM2eWZoZ5_MZmkLiA6Xuu,1105,HuduNB,18,391186.3,336716
451,SKS,Dno_Gaming,17,340115.5,550422.9,ERANGEL,2U4GBNA0YmmLlZbT02zMNt2JlWQ2eYFKRG02TGemIK1RM2eWZoZ5_MZmkLiA6Xuu,699,JIUXIE-NB,18,341094.4,553623.2
452,S686,ZHENGHAIO,36,336797.3,171051.2,ERANGEL,2U4GBNA0YmmLlZbT02zMNt2JlWQ2eYFKRG02TGemIK1RM2eWZoZ5_MZmkLiA6Xuu,203,foxdream1012,41,336512.7,170856.9
453,M416,JIUXIE-NB,18,423694.8,712692.4,ERANGEL,2U4GBNA0YmmLlZbT02zMNt2JlWQ2eYFKRG02TGemIK1RM2eWZoZ5_MZmkLiA6Xuu,394,Kirameku__Yoshio,49,0,0
454,M416,752903469,5,332538.8,170562.8,ERANGEL,2U4GBNA0YmmLlZbT02zMNt2JlWQ2eYFKRG02TGemIK1RM2eWZoZ5_MZmkLiA6Xuu,237,yanyunraozhirou,36,336608.9,170904.4
455,SCAR-L,DelevinC,3,374061.2,362154.1,ERANGEL,2U4GBNA0YmmLlZbT02zMNt2JlWQ2eYFKRG02TGemIK1RM2eWZoZ5_MZmkLiA6Xuu,1193,jinhz2046,15,389218.5,343111.6
456,Down and Out,ChouNiZaDi233,9,347009,399412.8,ERANGEL,2U4GBNA0YmmLlZbT02zMNt2JlWQ2eYFKRG02TGemIK1RM2eWZoZ5_MZmkLiA6Xuu,821,L-55555,23,342481.2,402831.8
457,SKS,yanyunraozhirou,36,337425.9,171268.6,ERANGEL,2U4GBNA0YmmLlZbT02zMNt2JlWQ2eYFKRG02TGemIK1RM2eWZoZ5_MZmkLiA6Xuu,205,Dion_ion,41,336587.5,171296.5
458,Bluezone,,,,,ERANGEL,2U4GBNA0YmmLlZbT02zMNt2JlWQ2eYFKRG02TGemIK1RM2eWZoZ5_MZmkLiA6Xuu,1628,YBgiane,8,393428.8,289432.3
459,R1895,AJlewka,17,357906.2,519403,ERANGEL,2U4GBNA0YmmLlZbT02zMNt2JlWQ2eYFKRG02TGemIK1RM2eWZoZ5_MZmkLiA6Xuu,150,zmx123789,48,357666.3,518996.7
460,Tommy Gun,lyp001,12,301293.1,503920.6,ERANGEL,2U4GBNA0YmmLlZbT02zMNt2JlWQ2eYFKRG02TGemIK1RM2eWZoZ5_MZmkLiA6Xuu,168,dapeng132,48,302478.7,504448.5
461,M416,yanyunraozhirou,36,339453,164013.8,ERANGEL,2U4GBNA0YmmLlZbT02zMNt2JlWQ2eYFKRG02TGemIK1RM2eWZoZ5_MZmkLiA6Xuu,96,wangxiao0946,5,339942.1,163887.2
462,AKM,xvwangming,26,392153.6,286311.3,ERANGEL,2U4GBNA0YmmLlZbT02zMNt2JlWQ2eYFKRG02TGemIK1RM2eWZoZ5_MZmkLiA6Xuu,278,LibraHH,35,393994.9,286163.3
463,P92,Adlerx,51,391919.3,235406.2,ERANGEL,2U4GBNA0YmlixJ6lhgS6xB2tqdo7SEhoYyHlVu18akkAzLToAhG5PWG043VgsrJm,425,Sventy21,59,392289.6,235706.1
464,AKM,CocaCola01,4,347226.7,142356.4,ERANGEL,2U4GBNA0YmlixJ6lhgS6xB2tqdo7SEhoYyHlVu18akkAzLToAhG5PWG043VgsrJm,1477,PNW_Franco17,9,345692.8,141435.4
465,P18C,jprodigy,85,421634,324678.9,ERANGEL,2U4GBNA0YmlixJ6lhgS6xB2tqdo7SEhoYyHlVu18akkAzLToAhG5PWG043VgsrJm,126,Eagyl,86,421077.3,324661.9
466,Bluezone,,,,,ERANGEL,2U4GBNA0YmlixJ6lhgS6xB2tqdo7SEhoYyHlVu18akkAzLToAhG5PWG043VgsrJm,830,Illudian,69,0,0
467,UMP9,MLBBear,30,420148.7,324679.9,ERANGEL,2U4GBNA0YmlixJ6lhgS6xB2tqdo7SEhoYyHlVu18akkAzLToAhG5PWG043VgsrJm,263,Hastela,71,420297.3,326671.7
468,S686,JackieCOC,5,350512.6,403584,ERANGEL,2U4GBNA0YmlixJ6lhgS6xB2tqdo7SEhoYyHlVu18akkAzLToAhG5PWG043VgsrJm,187,Satch,79,350609.2,403244.2
469,Kar98k,HORI2MIONE,17,198664.1,237887.7,ERANGEL,2U4GBNA0YmlixJ6lhgS6xB2tqdo7SEhoYyHlVu18akkAzLToAhG5PWG043VgsrJm,924,anonymous999,48,0,0
470,AKM,CocaCola01,4,370007.6,170078.4,ERANGEL,2U4GBNA0YmlixJ6lhgS6xB2tqdo7SEhoYyHlVu18akkAzLToAhG5PWG043VgsrJm,1359,onebadplayer,11,371297,168383.7
471,M16A4,LORD_JTR,29,217333.5,386930.9,ERANGEL,2U4GBNA0YmlixJ6lhgS6xB2tqdo7SEhoYyHlVu18akkAzLToAhG5PWG043VgsrJm,773,hyh981118,44,215621.4,391763.2
472,Punch,Arnoxiong,3,234714.5,474444.6,ERANGEL,2U4GBNA0YmlixJ6lhgS6xB2tqdo7SEhoYyHlVu18akkAzLToAhG5PWG043VgsrJm,94,lilpumpisdaddy,91,234655.7,474301.2
473,AKM,CocaCola01,4,357546.8,246166.7,ERANGEL,2U4GBNA0YmlixJ6lhgS6xB2tqdo7SEhoYyHlVu18akkAzLToAhG5PWG043VgsrJm,1080,xiaopei214,24,357253.6,245785.9
474,M416,sdjdd,1,277820.6,181814.6,ERANGEL,2U4GBNA0YmlixJ6lhgS6xB2tqdo7SEhoYyHlVu18akkAzLToAhG5PWG043VgsrJm,1273,HORI2MIONE,17,277729.9,182195
475,Micro UZI,FPDDT,19,312061.1,309554.4,ERANGEL,2U4GBNA0YmlixJ6lhgS6xB2tqdo7SEhoYyHlVu18akkAzLToAhG5PWG043VgsrJm,833,cincout,37,312825.6,308982.2
476,Micro UZI,xiaopei214,24,353378.5,318622.9,ERANGEL,2U4GBNA0YmlixJ6lhgS6xB2tqdo7SEhoYyHlVu18akkAzLToAhG5PWG043VgsrJm,232,WhtLtg,87,0,0
477,Kar98k,sdjdd,1,348392.5,121524.5,ERANGEL,2U4GBNA0YmlixJ6lhgS6xB2tqdo7SEhoYyHlVu18akkAzLToAhG5PWG043VgsrJm,1636,QcnnAoneQ,7,346781.6,129334.6
478,Kar98k,SayWelcome,15,388931.1,172113.9,ERANGEL,2U4GBNA0YmlixJ6lhgS6xB2tqdo7SEhoYyHlVu18akkAzLToAhG5PWG043VgsrJm,937,MLBBear,30,395028.1,169433.7
479,SCAR-L,Arnoxiong,3,350295.3,208808,ERANGEL,2U4GBNA0YmlixJ6lhgS6xB2tqdo7SEhoYyHlVu18akkAzLToAhG5PWG043VgsrJm,1305,LJCxhh,14,351670.6,208352.2
480,UMP9,CocaCola01,4,362574.1,212171.2,ERANGEL,2U4GBNA0YmlixJ6lhgS6xB2tqdo7SEhoYyHlVu18akkAzLToAhG5PWG043VgsrJm,712,Adlerx,51,361140.2,216043.1
481,SKS,Mnj153,8,213011.6,339573.1,ERANGEL,2U4GBNA0YmlixJ6lhgS6xB2tqdo7SEhoYyHlVu18akkAzLToAhG5PWG043VgsrJm,649,d0ct0r_comunista,55,214487.5,339324.9
482,UMP9,MLBBear,30,420289.4,326486.7,ERANGEL,2U4GBNA0YmlixJ6lhgS6xB2tqdo7SEhoYyHlVu18akkAzLToAhG5PWG043VgsrJm,125,YeCho,88,420219.3,326930.7
483,Micro UZI,JackieCOC,5,354025.6,406654.9,ERANGEL,2U4GBNA0YmlixJ6lhgS6xB2tqdo7SEhoYyHlVu18akkAzLToAhG5PWG043VgsrJm,215,masami-_-,76,353412,407891.8
484,Micro UZI,M1R2,54,374162.7,358975.3,ERANGEL,2U4GBNA0YmlixJ6lhgS6xB2tqdo7SEhoYyHlVu18akkAzLToAhG5PWG043VgsrJm,338,xxfffffff,63,374368.8,359027.1
485,SKS,ChaoNengxiaoshu,22,265282.1,389462.3,ERANGEL,2U4GBNA0YmlixJ6lhgS6xB2tqdo7SEhoYyHlVu18akkAzLToAhG5PWG043VgsrJm,752,GOGingmimi,46,268370.8,389173.9
486,Bluezone,,,,,ERANGEL,2U4GBNA0YmlixJ6lhgS6xB2tqdo7SEhoYyHlVu18akkAzLToAhG5PWG043VgsrJm,1768,JackieCOC,5,375642.7,119501.2
487,Falling,KiiQIU,25,299208.6,546106.5,ERANGEL,2U4GBNA0YmlixJ6lhgS6xB2tqdo7SEhoYyHlVu18akkAzLToAhG5PWG043VgsrJm,460,VinPong,57,299107.7,546526.6
488,S1897,cincout,37,222144.8,396664.6,ERANGEL,2U4GBNA0YmlixJ6lhgS6xB2tqdo7SEhoYyHlVu18akkAzLToAhG5PWG043VgsrJm,148,ARIZZY,81,221817.2,396584.8
489,Micro UZI,YeCho,88,420605.8,326314.2,ERANGEL,2U4GBNA0YmlixJ6lhgS6xB2tqdo7SEhoYyHlVu18akkAzLToAhG5PWG043VgsrJm,109,MIUI6,90,420778.9,326710.1
490,AKM,Timor001,26,396302.9,308738.7,ERANGEL,2U4GBNA0YmlixJ6lhgS6xB2tqdo7SEhoYyHlVu18akkAzLToAhG5PWG043VgsrJm,840,dengboyu76,35,398414.8,308418.2
491,Mini 14,onebadplayer,11,368899.9,168752.8,ERANGEL,2U4GBNA0YmlixJ6lhgS6xB2tqdo7SEhoYyHlVu18akkAzLToAhG5PWG043VgsrJm,1301,SayWelcome,15,370058.7,170025.1
492,Bluezone,,,,,ERANGEL,2U4GBNA0YmlixJ6lhgS6xB2tqdo7SEhoYyHlVu18akkAzLToAhG5PWG043VgsrJm,827,JINGRU,40,111230.4,478790.1
493,Micro UZI,Energy-Jx,73,422495.8,324706.4,ERANGEL,2U4GBNA0YmlixJ6lhgS6xB2tqdo7SEhoYyHlVu18akkAzLToAhG5PWG043VgsrJm,126,jprodigy,85,421795,324705.9
494,Mini 14,lbt_1,55,167730.2,615627.8,ERANGEL,2U4GBNA0YmlixJ6lhgS6xB2tqdo7SEhoYyHlVu18akkAzLToAhG5PWG043VgsrJm,354,lyqADC,60,166752,617085.6
495,Bluezone,,,,,ERANGEL,2U4GBNA0YmlixJ6lhgS6xB2tqdo7SEhoYyHlVu18akkAzLToAhG5PWG043VgsrJm,1336,Timor001,26,0,0
496,Hit by Car,SayWelcome,15,345067.9,146794,ERANGEL,2U4GBNA0YmlixJ6lhgS6xB2tqdo7SEhoYyHlVu18akkAzLToAhG5PWG043VgsrJm,800,siliymaui125,42,345518.8,146570.3
497,Falling,dsadwada,27,426700.8,217050.3,ERANGEL,2U4GBNA0YmlixJ6lhgS6xB2tqdo7SEhoYyHlVu18akkAzLToAhG5PWG043VgsrJm,1021,dsadwada,27,426700.8,217050.3
498,M16A4,AtomicBrunette,47,296314.6,302359.5,ERANGEL,2U4GBNA0YmlixJ6lhgS6xB2tqdo7SEhoYyHlVu18akkAzLToAhG5PWG043VgsrJm,297,DzzzZZZZP,66,295531.2,304050.2
499,AKM,TB_dong,21,367417.5,264989.5,ERANGEL,2U4GBNA0YmlixJ6lhgS6xB2tqdo7SEhoYyHlVu18akkAzLToAhG5PWG043VgsrJm,869,dduhgvb,32,368316.4,259026.8