No.,date,game_size,match_id,match_mode,party_size,player_assists,player_dbno,player_dist_ride,player_dist_walk,player_dmg,player_kills,player_name,player_survive_time,team_id,team_placement
0,2017-11-26T20:59:40+0000,37,2U4GBNA0YmnNZYkzjkfgN4ev-hXSrak_BSey_YEG6kIuDG9fxFrrePqnqiM39pJO,tpp,2,0,1,2870.724,1784.84778,117,1,SnuffIes,1106.32,4,18
1,2017-11-26T20:59:40+0000,37,2U4GBNA0YmnNZYkzjkfgN4ev-hXSrak_BSey_YEG6kIuDG9fxFrrePqnqiM39pJO,tpp,2,0,1,2938.40723,1756.07971,127,1,Ozon3r,1106.315,4,18
2,2017-11-26T20:59:40+0000,37,2U4GBNA0YmnNZYkzjkfgN4ev-hXSrak_BSey_YEG6kIuDG9fxFrrePqnqiM39pJO,tpp,2,0,0,0,224.157562,67,0,bovize,235.558,5,33
3,2017-11-26T20:59:40+0000,37,2U4GBNA0YmnNZYkzjkfgN4ev-hXSrak_BSey_YEG6kIuDG9fxFrrePqnqiM39pJO,tpp,2,0,0,0,92.93515,0,0,sbahn87,197.553,5,33
4,2017-11-26T20:59:40+0000,37,2U4GBNA0YmnNZYkzjkfgN4ev-hXSrak_BSey_YEG6kIuDG9fxFrrePqnqiM39pJO,tpp,2,0,0,2619.07739,2510.447,175,2,GeminiZZZ,1537.495,14,11
5,2017-11-26T20:59:40+0000,37,2U4GBNA0YmnNZYkzjkfgN4ev-hXSrak_BSey_YEG6kIuDG9fxFrrePqnqiM39pJO,tpp,2,0,0,2896.3125,2167.93213,65,0,AlexWho6,1537.5,14,11
6,2017-11-26T20:59:40+0000,37,2U4GBNA0YmnNZYkzjkfgN4ev-hXSrak_BSey_YEG6kIuDG9fxFrrePqnqiM39pJO,tpp,2,0,0,0,3118.58032,0,0,R1dd1ck913,1264.792,15,17
7,2017-11-26T20:59:40+0000,37,2U4GBNA0YmnNZYkzjkfgN4ev-hXSrak_BSey_YEG6kIuDG9fxFrrePqnqiM39pJO,tpp,2,0,0,0,3237.202,0,0,Emmylou89,1264.795,15,17
8,2017-11-26T20:59:40+0000,37,2U4GBNA0YmnNZYkzjkfgN4ev-hXSrak_BSey_YEG6kIuDG9fxFrrePqnqiM39pJO,tpp,2,0,0,0,1552.3147,79,0,ron-n,868.56,17,24
9,2017-11-26T20:59:40+0000,37,2U4GBNA0YmnNZYkzjkfgN4ev-hXSrak_BSey_YEG6kIuDG9fxFrrePqnqiM39pJO,tpp,2,0,1,0,1450.3147,101,1,SoSpicy,868.555,17,24
10,2017-11-26T20:59:40+0000,37,2U4GBNA0YmnNZYkzjkfgN4ev-hXSrak_BSey_YEG6kIuDG9fxFrrePqnqiM39pJO,tpp,2,0,1,2406.55469,3100.02124,54,1,MatthiasXIV,1939.846,22,4
11,2017-11-26T20:59:40+0000,37,2U4GBNA0YmnNZYkzjkfgN4ev-hXSrak_BSey_YEG6kIuDG9fxFrrePqnqiM39pJO,tpp,2,0,0,3135.38647,2456.27759,34,0,Ninjapex,1939.851,22,4
12,2017-11-26T20:59:40+0000,37,2U4GBNA0YmnNZYkzjkfgN4ev-hXSrak_BSey_YEG6kIuDG9fxFrrePqnqiM39pJO,tpp,2,0,0,0,55.2714539,0,0,thebrewski,160.64,24,34
13,2017-11-26T20:59:40+0000,37,2U4GBNA0YmnNZYkzjkfgN4ev-hXSrak_BSey_YEG6kIuDG9fxFrrePqnqiM39pJO,tpp,2,0,1,0,129.4159,215,2,GucciManeDrain,180.901,24,34
14,2017-11-26T20:59:40+0000,37,2U4GBNA0YmnNZYkzjkfgN4ev-hXSrak_BSey_YEG6kIuDG9fxFrrePqnqiM39pJO,tpp,2,0,0,2418.547,2474.08887,75,1,subzero3,2181.815,25,2
15,2017-11-26T20:59:40+0000,37,2U4GBNA0YmnNZYkzjkfgN4ev-hXSrak_BSey_YEG6kIuDG9fxFrrePqnqiM39pJO,tpp,2,0,0,1277.58057,3286.67114,84,1,Chogo82,2181.82,25,2
16,2017-11-26T20:59:40+0000,37,2U4GBNA0YmnNZYkzjkfgN4ev-hXSrak_BSey_YEG6kIuDG9fxFrrePqnqiM39pJO,tpp,2,0,0,0,2057.258,0,0,FIYMNBVCXZ,1583.157,26,3
17,2017-11-26T20:59:40+0000,37,2U4GBNA0YmnNZYkzjkfgN4ev-hXSrak_BSey_YEG6kIuDG9fxFrrePqnqiM39pJO,tpp,2,0,4,0,3285.94385,673,6,ShuLanHou,2009.722,26,3
18,2017-11-26T20:59:40+0000,37,2U4GBNA0YmnNZYkzjkfgN4ev-hXSrak_BSey_YEG6kIuDG9fxFrrePqnqiM39pJO,tpp,2,0,0,0,1522.11768,117,1,sigbo,1032.648,29,20
19,2017-11-26T20:59:40+0000,37,2U4GBNA0YmnNZYkzjkfgN4ev-hXSrak_BSey_YEG6kIuDG9fxFrrePqnqiM39pJO,tpp,2,0,1,0,1078.95581,100,1,Jerryxp,513.487,29,20
20,2017-11-26T20:59:40+0000,37,2U4GBNA0YmnNZYkzjkfgN4ev-hXSrak_BSey_YEG6kIuDG9fxFrrePqnqiM39pJO,tpp,2,1,1,5656.536,1871.58655,184,2,Hathawayxu,1880.073,32,5
21,2017-11-26T20:59:40+0000,37,2U4GBNA0YmnNZYkzjkfgN4ev-hXSrak_BSey_YEG6kIuDG9fxFrrePqnqiM39pJO,tpp,2,2,0,4555.216,2559.02319,211,1,zxczcx,1880.069,32,5
22,2017-11-26T20:59:40+0000,37,2U4GBNA0YmnNZYkzjkfgN4ev-hXSrak_BSey_YEG6kIuDG9fxFrrePqnqiM39pJO,tpp,2,1,1,0,2065.498,151,1,XombieMarine,968.96,33,19
23,2017-11-26T20:59:40+0000,37,2U4GBNA0YmnNZYkzjkfgN4ev-hXSrak_BSey_YEG6kIuDG9fxFrrePqnqiM39pJO,tpp,2,0,0,0,2076.4502,17,1,Essaldun,1049.804,33,19
24,2017-11-26T20:59:40+0000,37,2U4GBNA0YmnNZYkzjkfgN4ev-hXSrak_BSey_YEG6kIuDG9fxFrrePqnqiM39pJO,tpp,2,0,0,0,444.7796,0,0,JoeyGames123,336.433,37,31
25,2017-11-26T20:59:40+0000,37,2U4GBNA0YmnNZYkzjkfgN4ev-hXSrak_BSey_YEG6kIuDG9fxFrrePqnqiM39pJO,tpp,2,0,1,0,537.9968,124,1,KeyBoardSucker,292.827,37,31
26,2017-11-26T20:59:40+0000,37,2U4GBNA0YmnNZYkzjkfgN4ev-hXSrak_BSey_YEG6kIuDG9fxFrrePqnqiM39pJO,tpp,2,0,0,0,578.5747,24,0,Chefraykwon,558.314,38,27
27,2017-11-26T20:59:40+0000,37,2U4GBNA0YmnNZYkzjkfgN4ev-hXSrak_BSey_YEG6kIuDG9fxFrrePqnqiM39pJO,tpp,2,0,0,0,1497.04932,71,0,CytricS,558.31,38,27
28,2017-11-26T20:59:40+0000,37,2U4GBNA0YmnNZYkzjkfgN4ev-hXSrak_BSey_YEG6kIuDG9fxFrrePqnqiM39pJO,tpp,2,1,1,2319.07251,1772.93481,144,1,Zaerki,1573.835,39,9
29,2017-11-26T20:59:40+0000,37,2U4GBNA0YmnNZYkzjkfgN4ev-hXSrak_BSey_YEG6kIuDG9fxFrrePqnqiM39pJO,tpp,2,0,0,2306.78271,1956.62646,55,1,FumaKT,1573.84,39,9
30,2017-11-26T20:59:40+0000,37,2U4GBNA0YmnNZYkzjkfgN4ev-hXSrak_BSey_YEG6kIuDG9fxFrrePqnqiM39pJO,tpp,2,0,0,2266.167,883.9554,1,0,Killertofu1987,1403.829,43,12
31,2017-11-26T20:59:40+0000,37,2U4GBNA0YmnNZYkzjkfgN4ev-hXSrak_BSey_YEG6kIuDG9fxFrrePqnqiM39pJO,tpp,2,0,0,1539.77234,1518.98328,46,0,Sircool,1403.824,43,12
32,2017-11-26T20:59:40+0000,37,2U4GBNA0YmnNZYkzjkfgN4ev-hXSrak_BSey_YEG6kIuDG9fxFrrePqnqiM39pJO,tpp,2,1,2,586.986145,3760.31,218,3,SlashTheSoviet,1664.845,46,7
33,2017-11-26T20:59:40+0000,37,2U4GBNA0YmnNZYkzjkfgN4ev-hXSrak_BSey_YEG6kIuDG9fxFrrePqnqiM39pJO,tpp,2,1,2,353.071,3646.13965,476,4,Cruz914,1750.095,46,7
34,2017-11-26T20:59:40+0000,37,2U4GBNA0YmnNZYkzjkfgN4ev-hXSrak_BSey_YEG6kIuDG9fxFrrePqnqiM39pJO,tpp,2,0,0,0,2275.223,119,0,LJLCC,959.191,48,22
35,2017-11-26T20:59:40+0000,37,2U4GBNA0YmnNZYkzjkfgN4ev-hXSrak_BSey_YEG6kIuDG9fxFrrePqnqiM39pJO,tpp,2,0,0,0,2199.581,24,0,MingXiaoYa,959.196,48,22
36,2017-11-26T20:59:40+0000,37,2U4GBNA0YmnNZYkzjkfgN4ev-hXSrak_BSey_YEG6kIuDG9fxFrrePqnqiM39pJO,tpp,2,0,0,0,0,0,0,WangZhengWei666,801.852,50,35
37,2017-11-26T20:59:40+0000,37,2U4GBNA0YmnNZYkzjkfgN4ev-hXSrak_BSey_YEG6kIuDG9fxFrrePqnqiM39pJO,tpp,2,0,0,0,0,0,0,990906max,800.87,50,35
38,2017-11-26T20:59:40+0000,37,2U4GBNA0YmnNZYkzjkfgN4ev-hXSrak_BSey_YEG6kIuDG9fxFrrePqnqiM39pJO,tpp,2,0,0,528.386963,108.830986,20,0,Mstrshake01,305.771,3,32
39,2017-11-26T20:59:40+0000,37,2U4GBNA0YmnNZYkzjkfgN4ev-hXSrak_BSey_YEG6kIuDG9fxFrrePqnqiM39pJO,tpp,2,0,0,551.524231,238.410522,61,0,BruteSlayer99,305.773,3,32
40,2017-11-26T20:59:40+0000,37,2U4GBNA0YmnNZYkzjkfgN4ev-hXSrak_BSey_YEG6kIuDG9fxFrrePqnqiM39pJO,tpp,2,0,0,0,2284.52344,0,0,ThatsOneMadman,1091.307,6,14
41,2017-11-26T20:59:40+0000,37,2U4GBNA0YmnNZYkzjkfgN4ev-hXSrak_BSey_YEG6kIuDG9fxFrrePqnqiM39pJO,tpp,2,0,2,0,2594.24927,344,2,pretzelboss,1349.412,6,14
42,2017-11-26T20:59:40+0000,37,2U4GBNA0YmnNZYkzjkfgN4ev-hXSrak_BSey_YEG6kIuDG9fxFrrePqnqiM39pJO,tpp,2,0,1,3316.71,1669.84058,170,2,Lepore24,1822.552,18,6
43,2017-11-26T20:59:40+0000,37,2U4GBNA0YmnNZYkzjkfgN4ev-hXSrak_BSey_YEG6kIuDG9fxFrrePqnqiM39pJO,tpp,2,0,0,3298.972,1350.44287,100,1,Reboke,1750.842,18,6
44,2017-11-26T20:59:40+0000,37,2U4GBNA0YmnNZYkzjkfgN4ev-hXSrak_BSey_YEG6kIuDG9fxFrrePqnqiM39pJO,tpp,2,0,0,0,413.8818,0,0,PsychoticOtter,382.572,23,29
45,2017-11-26T20:59:40+0000,37,2U4GBNA0YmnNZYkzjkfgN4ev-hXSrak_BSey_YEG6kIuDG9fxFrrePqnqiM39pJO,tpp,2,0,0,0,396.32312,43,0,Kenallai,401.705,23,29
46,2017-11-26T20:59:40+0000,37,2U4GBNA0YmnNZYkzjkfgN4ev-hXSrak_BSey_YEG6kIuDG9fxFrrePqnqiM39pJO,tpp,2,0,0,1822.52844,2282.25879,10,1,captainterrenc3,1570.284,27,10
47,2017-11-26T20:59:40+0000,37,2U4GBNA0YmnNZYkzjkfgN4ev-hXSrak_BSey_YEG6kIuDG9fxFrrePqnqiM39pJO,tpp,2,1,1,1780.61646,2187.497,238,1,Dexter2003,1570.278,27,10
48,2017-11-26T20:59:40+0000,37,2U4GBNA0YmnNZYkzjkfgN4ev-hXSrak_BSey_YEG6kIuDG9fxFrrePqnqiM39pJO,tpp,2,0,0,0,102.174828,17,0,Riyyaaaaa,234.314,34,33
49,2017-11-26T20:59:40+0000,37,2U4GBNA0YmnNZYkzjkfgN4ev-hXSrak_BSey_YEG6kIuDG9fxFrrePqnqiM39pJO,tpp,2,0,0,0,0,0,0,CityOfStarYFQ,800.868,34,33
50,2017-11-26T20:59:40+0000,37,2U4GBNA0YmnNZYkzjkfgN4ev-hXSrak_BSey_YEG6kIuDG9fxFrrePqnqiM39pJO,tpp,2,1,0,0,647.4725,100,1,TheLnofJake,373.905,40,30
51,2017-11-26T20:59:40+0000,37,2U4GBNA0YmnNZYkzjkfgN4ev-hXSrak_BSey_YEG6kIuDG9fxFrrePqnqiM39pJO,tpp,2,0,1,0,548.989746,120,1,Hairless_Iguana,382.356,40,30
52,2017-11-26T20:59:40+0000,37,2U4GBNA0YmnNZYkzjkfgN4ev-hXSrak_BSey_YEG6kIuDG9fxFrrePqnqiM39pJO,tpp,2,0,0,0,70.8579254,0,0,ai_ni_de_fei,105.856,42,37
53,2017-11-26T20:59:40+0000,37,2U4GBNA0YmnNZYkzjkfgN4ev-hXSrak_BSey_YEG6kIuDG9fxFrrePqnqiM39pJO,tpp,2,0,0,0,54.5513077,0,0,YIiyzq-tT,100.381,42,37
54,2017-11-26T20:59:40+0000,37,2U4GBNA0YmnNZYkzjkfgN4ev-hXSrak_BSey_YEG6kIuDG9fxFrrePqnqiM39pJO,tpp,2,0,1,0,601.0081,200,2,hqh0808,1349.855,44,28
55,2017-11-26T20:59:40+0000,37,2U4GBNA0YmnNZYkzjkfgN4ev-hXSrak_BSey_YEG6kIuDG9fxFrrePqnqiM39pJO,tpp,2,0,0,0,213.221527,0,0,ChinaLXCf,179.296,44,28
56,2017-11-26T20:59:40+0000,37,2U4GBNA0YmnNZYkzjkfgN4ev-hXSrak_BSey_YEG6kIuDG9fxFrrePqnqiM39pJO,tpp,2,0,0,3005.54443,1630.44812,0,0,ItsPickles,1282.22,49,16
57,2017-11-26T20:59:40+0000,37,2U4GBNA0YmnNZYkzjkfgN4ev-hXSrak_BSey_YEG6kIuDG9fxFrrePqnqiM39pJO,tpp,2,0,0,3625.72119,1413.61389,81,0,FullyWhipCrackin,1282.225,49,16
58,2017-11-26T20:59:40+0000,37,2U4GBNA0YmnNZYkzjkfgN4ev-hXSrak_BSey_YEG6kIuDG9fxFrrePqnqiM39pJO,tpp,2,0,1,0,113.825592,88,1,HeJaDaShao,162.986,19,35
59,2017-11-26T20:59:40+0000,37,2U4GBNA0YmnNZYkzjkfgN4ev-hXSrak_BSey_YEG6kIuDG9fxFrrePqnqiM39pJO,tpp,2,0,1,0,163.680618,105,0,LHErDui,162.984,19,35
60,2017-11-26T20:59:40+0000,37,2U4GBNA0YmnNZYkzjkfgN4ev-hXSrak_BSey_YEG6kIuDG9fxFrrePqnqiM39pJO,tpp,2,0,0,0,1.30789614,0,0,ConnorSiebs,77.652,20,36
61,2017-11-26T20:59:40+0000,37,2U4GBNA0YmnNZYkzjkfgN4ev-hXSrak_BSey_YEG6kIuDG9fxFrrePqnqiM39pJO,tpp,2,0,1,0,67.4803,196,2,Andjgm,122.27,20,36
62,2017-11-26T20:59:40+0000,37,2U4GBNA0YmnNZYkzjkfgN4ev-hXSrak_BSey_YEG6kIuDG9fxFrrePqnqiM39pJO,tpp,2,0,0,390.6871,413.072937,0,0,dopefilipino,885.843,30,28
63,2017-11-26T20:59:40+0000,37,2U4GBNA0YmnNZYkzjkfgN4ev-hXSrak_BSey_YEG6kIuDG9fxFrrePqnqiM39pJO,tpp,2,0,0,416.560181,270.9108,0,0,Appletoss,307.915,30,28
64,2017-11-26T20:59:40+0000,37,2U4GBNA0YmnNZYkzjkfgN4ev-hXSrak_BSey_YEG6kIuDG9fxFrrePqnqiM39pJO,tpp,2,0,3,0,2865.3147,526,5,FetusMunch4000,1331.681,35,15
65,2017-11-26T20:59:40+0000,37,2U4GBNA0YmnNZYkzjkfgN4ev-hXSrak_BSey_YEG6kIuDG9fxFrrePqnqiM39pJO,tpp,2,1,1,0,1655.58484,156,1,fetusmuncher4001,884.094,35,15
66,2017-11-26T20:59:40+0000,37,2U4GBNA0YmnNZYkzjkfgN4ev-hXSrak_BSey_YEG6kIuDG9fxFrrePqnqiM39pJO,tpp,2,0,2,3131.99243,2527.957,487,4,Maerkk,2181.983,36,1
67,2017-11-26T20:59:40+0000,37,2U4GBNA0YmnNZYkzjkfgN4ev-hXSrak_BSey_YEG6kIuDG9fxFrrePqnqiM39pJO,tpp,2,2,2,2320.16479,3132.213,422,2,Supertasks,2181.983,36,1
68,2017-11-26T20:59:40+0000,37,2U4GBNA0YmnNZYkzjkfgN4ev-hXSrak_BSey_YEG6kIuDG9fxFrrePqnqiM39pJO,tpp,2,0,1,0,743.8507,94,1,Linkraal,551.698,45,28
69,2017-11-26T20:59:40+0000,37,2U4GBNA0YmnNZYkzjkfgN4ev-hXSrak_BSey_YEG6kIuDG9fxFrrePqnqiM39pJO,tpp,2,0,0,0,773.959839,33,0,Chumbe,474.098,45,28
70,2017-11-26T20:59:40+0000,37,2U4GBNA0YmnNZYkzjkfgN4ev-hXSrak_BSey_YEG6kIuDG9fxFrrePqnqiM39pJO,tpp,2,0,0,4078.597,3220.901,80,0,pananm55-,1606.694,11,8
71,2017-11-26T20:59:40+0000,37,2U4GBNA0YmnNZYkzjkfgN4ev-hXSrak_BSey_YEG6kIuDG9fxFrrePqnqiM39pJO,tpp,2,0,2,3551.88867,3390.26147,350,3,LPL-buibuibui,1659.703,11,8
72,2017-11-26T20:59:40+0000,37,2U4GBNA0YmnNZYkzjkfgN4ev-hXSrak_BSey_YEG6kIuDG9fxFrrePqnqiM39pJO,tpp,2,1,0,1359.64771,2461.157,61,0,Cinnamon-_,968.965,28,21
73,2017-11-26T20:59:40+0000,37,2U4GBNA0YmnNZYkzjkfgN4ev-hXSrak_BSey_YEG6kIuDG9fxFrrePqnqiM39pJO,tpp,2,0,1,1383.54761,2696.691,63,1,jackomino,968.969,28,21
74,2017-12-10T04:09:59+0000,42,2U4GBNA0YmnIQQesqcucTHDFVqlXEAUiUHhJp3yec6c0hzQHABUNJuJZ21mrZjZn,tpp,2,1,1,659.240967,1721.58,203,2,saver12138,904.9,2,21
75,2017-12-10T04:09:59+0000,42,2U4GBNA0YmnIQQesqcucTHDFVqlXEAUiUHhJp3yec6c0hzQHABUNJuJZ21mrZjZn,tpp,2,0,0,642.7572,1889.31848,0,0,krisns,905.055,2,21
76,2017-12-10T04:09:59+0000,42,2U4GBNA0YmnIQQesqcucTHDFVqlXEAUiUHhJp3yec6c0hzQHABUNJuJZ21mrZjZn,tpp,2,0,0,2277.78564,2347.73071,81,0,the49ersguy,1352.823,3,10
77,2017-12-10T04:09:59+0000,42,2U4GBNA0YmnIQQesqcucTHDFVqlXEAUiUHhJp3yec6c0hzQHABUNJuJZ21mrZjZn,tpp,2,0,0,2281.09668,2420.6438,99,1,BIGSEX,1351.337,3,10
78,2017-12-10T04:09:59+0000,42,2U4GBNA0YmnIQQesqcucTHDFVqlXEAUiUHhJp3yec6c0hzQHABUNJuJZ21mrZjZn,tpp,2,0,1,2652.30835,2374.72168,182,2,aLinqqqqq,1092.272,6,18
79,2017-12-10T04:09:59+0000,42,2U4GBNA0YmnIQQesqcucTHDFVqlXEAUiUHhJp3yec6c0hzQHABUNJuJZ21mrZjZn,tpp,2,1,0,2651.39771,2204.01416,101,1,sdTWTbs,1017.091,6,18
80,2017-12-10T04:09:59+0000,42,2U4GBNA0YmnIQQesqcucTHDFVqlXEAUiUHhJp3yec6c0hzQHABUNJuJZ21mrZjZn,tpp,2,0,0,0,220.858765,103,0,sapoww,193.418,9,38
81,2017-12-10T04:09:59+0000,42,2U4GBNA0YmnIQQesqcucTHDFVqlXEAUiUHhJp3yec6c0hzQHABUNJuJZ21mrZjZn,tpp,2,0,1,0,236.40416,63,0,Lux-xXx,201.994,9,38
82,2017-12-10T04:09:59+0000,42,2U4GBNA0YmnIQQesqcucTHDFVqlXEAUiUHhJp3yec6c0hzQHABUNJuJZ21mrZjZn,tpp,2,0,0,5891.52734,1362.50708,44,0,5tygfv,1210.468,10,12
83,2017-12-10T04:09:59+0000,42,2U4GBNA0YmnIQQesqcucTHDFVqlXEAUiUHhJp3yec6c0hzQHABUNJuJZ21mrZjZn,tpp,2,0,0,3420.90161,70.29319,0,0,yjcwjh,308.066,10,12
84,2017-12-10T04:09:59+0000,42,2U4GBNA0YmnIQQesqcucTHDFVqlXEAUiUHhJp3yec6c0hzQHABUNJuJZ21mrZjZn,tpp,2,0,0,0,2554.21777,44,0,DeadliestAyyyrab,1153.834,12,15
85,2017-12-10T04:09:59+0000,42,2U4GBNA0YmnIQQesqcucTHDFVqlXEAUiUHhJp3yec6c0hzQHABUNJuJZ21mrZjZn,tpp,2,0,0,0,2426.04834,90,1,DeadlyAyrab,1153.83,12,15
86,2017-12-10T04:09:59+0000,42,2U4GBNA0YmnIQQesqcucTHDFVqlXEAUiUHhJp3yec6c0hzQHABUNJuJZ21mrZjZn,tpp,2,0,0,2759.32251,467.9161,0,0,SJSJGBT,327.032,18,31
87,2017-12-10T04:09:59+0000,42,2U4GBNA0YmnIQQesqcucTHDFVqlXEAUiUHhJp3yec6c0hzQHABUNJuJZ21mrZjZn,tpp,2,0,0,3408.53125,361.898163,0,0,cole_milk,361.634,18,31
88,2017-12-10T04:09:59+0000,42,2U4GBNA0YmnIQQesqcucTHDFVqlXEAUiUHhJp3yec6c0hzQHABUNJuJZ21mrZjZn,tpp,2,0,0,0,106.991241,60,0,Kungfumanduhh,137.595,23,36
89,2017-12-10T04:09:59+0000,42,2U4GBNA0YmnIQQesqcucTHDFVqlXEAUiUHhJp3yec6c0hzQHABUNJuJZ21mrZjZn,tpp,2,0,0,0,260.362274,139,0,Kadeos,215.504,23,36
90,2017-12-10T04:09:59+0000,42,2U4GBNA0YmnIQQesqcucTHDFVqlXEAUiUHhJp3yec6c0hzQHABUNJuJZ21mrZjZn,tpp,2,0,2,5049.5415,1254.5946,171,1,pvtmartinmartin,1112.022,27,17
91,2017-12-10T04:09:59+0000,42,2U4GBNA0YmnIQQesqcucTHDFVqlXEAUiUHhJp3yec6c0hzQHABUNJuJZ21mrZjZn,tpp,2,1,0,5532.033,1008.91467,28,0,AlphaHulu,1112.018,27,17
92,2017-12-10T04:09:59+0000,42,2U4GBNA0YmnIQQesqcucTHDFVqlXEAUiUHhJp3yec6c0hzQHABUNJuJZ21mrZjZn,tpp,2,0,0,0,116.733635,28,0,DimonGao999,114.564,30,41
93,2017-12-10T04:09:59+0000,42,2U4GBNA0YmnIQQesqcucTHDFVqlXEAUiUHhJp3yec6c0hzQHABUNJuJZ21mrZjZn,tpp,2,0,0,0,69.6152039,0,0,virginiaaaaa,109.82,30,41
94,2017-12-10T04:09:59+0000,42,2U4GBNA0YmnIQQesqcucTHDFVqlXEAUiUHhJp3yec6c0hzQHABUNJuJZ21mrZjZn,tpp,2,0,0,2771.51978,959.6527,0,0,ZERO-1007,592.815,31,14
95,2017-12-10T04:09:59+0000,42,2U4GBNA0YmnIQQesqcucTHDFVqlXEAUiUHhJp3yec6c0hzQHABUNJuJZ21mrZjZn,tpp,2,0,0,6286.627,2187.56445,24,0,skysbsa,1172.156,31,14
96,2017-12-10T04:09:59+0000,42,2U4GBNA0YmnIQQesqcucTHDFVqlXEAUiUHhJp3yec6c0hzQHABUNJuJZ21mrZjZn,tpp,2,0,1,440.622772,1504.64221,173,0,CLXbigshuai,877.849,38,22
97,2017-12-10T04:09:59+0000,42,2U4GBNA0YmnIQQesqcucTHDFVqlXEAUiUHhJp3yec6c0hzQHABUNJuJZ21mrZjZn,tpp,2,0,0,4.37397957,2662.14355,79,0,dbwdbwdwb,877.854,38,22
98,2017-12-10T04:09:59+0000,42,2U4GBNA0YmnIQQesqcucTHDFVqlXEAUiUHhJp3yec6c0hzQHABUNJuJZ21mrZjZn,tpp,2,0,0,0,582.243164,0,0,LCQ-DALAO,828.747,44,32
99,2017-12-10T04:09:59+0000,42,2U4GBNA0YmnIQQesqcucTHDFVqlXEAUiUHhJp3yec6c0hzQHABUNJuJZ21mrZjZn,tpp,2,0,0,0,98.74248,0,0,WeiLaoK,123.087,44,32
100,2017-12-10T04:09:59+0000,42,2U4GBNA0YmnIQQesqcucTHDFVqlXEAUiUHhJp3yec6c0hzQHABUNJuJZ21mrZjZn,tpp,2,0,1,0,169.673462,116,1,JOKER-LM,210.244,45,35
101,2017-12-10T04:09:59+0000,42,2U4GBNA0YmnIQQesqcucTHDFVqlXEAUiUHhJp3yec6c0hzQHABUNJuJZ21mrZjZn,tpp,2,1,0,0,156.228333,79,0,kulun1995,239.295,45,35
102,2017-12-10T04:09:59+0000,42,2U4GBNA0YmnIQQesqcucTHDFVqlXEAUiUHhJp3yec6c0hzQHABUNJuJZ21mrZjZn,tpp,2,0,1,5018.188,2345.171,205,2,HanSwoleOh,1481.706,47,7
103,2017-12-10T04:09:59+0000,42,2U4GBNA0YmnIQQesqcucTHDFVqlXEAUiUHhJp3yec6c0hzQHABUNJuJZ21mrZjZn,tpp,2,0,1,4430.64355,3082.4585,307,2,Swomps,1511.434,47,7
104,2017-12-10T04:09:59+0000,42,2U4GBNA0YmnIQQesqcucTHDFVqlXEAUiUHhJp3yec6c0hzQHABUNJuJZ21mrZjZn,tpp,2,0,0,0,254.51683,0,0,silmia,213.018,51,37
105,2017-12-10T04:09:59+0000,42,2U4GBNA0YmnIQQesqcucTHDFVqlXEAUiUHhJp3yec6c0hzQHABUNJuJZ21mrZjZn,tpp,2,0,0,0,191.597855,61,0,yingxinmo,181.645,51,37
106,2017-12-10T04:09:59+0000,42,2U4GBNA0YmnIQQesqcucTHDFVqlXEAUiUHhJp3yec6c0hzQHABUNJuJZ21mrZjZn,tpp,2,0,2,3718.62939,1076.7323,462,2,Manstein-g,910.447,52,20
107,2017-12-10T04:09:59+0000,42,2U4GBNA0YmnIQQesqcucTHDFVqlXEAUiUHhJp3yec6c0hzQHABUNJuJZ21mrZjZn,tpp,2,0,2,3617.30615,1056.43176,224,3,LaiziQFdefudimo,835.589,52,20
108,2017-12-10T04:09:59+0000,42,2U4GBNA0YmnIQQesqcucTHDFVqlXEAUiUHhJp3yec6c0hzQHABUNJuJZ21mrZjZn,tpp,2,0,0,0,153.609268,71,0,Allen_S,164.292,1,39
109,2017-12-10T04:09:59+0000,42,2U4GBNA0YmnIQQesqcucTHDFVqlXEAUiUHhJp3yec6c0hzQHABUNJuJZ21mrZjZn,tpp,2,0,0,0,51.367054,10,0,ppjie1995,118.39,1,39
110,2017-12-10T04:09:59+0000,42,2U4GBNA0YmnIQQesqcucTHDFVqlXEAUiUHhJp3yec6c0hzQHABUNJuJZ21mrZjZn,tpp,2,0,2,0,50.04271,314,3,76SamF,108.888,5,19
111,2017-12-10T04:09:59+0000,42,2U4GBNA0YmnIQQesqcucTHDFVqlXEAUiUHhJp3yec6c0hzQHABUNJuJZ21mrZjZn,tpp,2,0,1,0,2007.986,403,4,jjjjjjaaaaa,944.534,5,19
112,2017-12-10T04:09:59+0000,42,2U4GBNA0YmnIQQesqcucTHDFVqlXEAUiUHhJp3yec6c0hzQHABUNJuJZ21mrZjZn,tpp,2,0,1,4474.478,2405.00464,551,3,FaZe_Carl,1892.275,7,4
113,2017-12-10T04:09:59+0000,42,2U4GBNA0YmnIQQesqcucTHDFVqlXEAUiUHhJp3yec6c0hzQHABUNJuJZ21mrZjZn,tpp,2,0,4,4537.49,2723.42725,717,6,Westifer,1892.279,7,4
114,2017-12-10T04:09:59+0000,42,2U4GBNA0YmnIQQesqcucTHDFVqlXEAUiUHhJp3yec6c0hzQHABUNJuJZ21mrZjZn,tpp,2,0,0,0,0,0,0,XiaoTian188288,789.723,11,42
115,2017-12-10T04:09:59+0000,42,2U4GBNA0YmnIQQesqcucTHDFVqlXEAUiUHhJp3yec6c0hzQHABUNJuJZ21mrZjZn,tpp,2,0,1,5940.38672,3723.97949,231,3,itsNikkEdwards,1967.611,22,1
116,2017-12-10T04:09:59+0000,42,2U4GBNA0YmnIQQesqcucTHDFVqlXEAUiUHhJp3yec6c0hzQHABUNJuJZ21mrZjZn,tpp,2,1,0,5249.20166,3517.9834,145,1,iSuK12,1967.611,22,1
117,2017-12-10T04:09:59+0000,42,2U4GBNA0YmnIQQesqcucTHDFVqlXEAUiUHhJp3yec6c0hzQHABUNJuJZ21mrZjZn,tpp,2,2,2,4313.38525,2541.94238,255,3,OMG_Ye,1967.465,26,2
118,2017-12-10T04:09:59+0000,42,2U4GBNA0YmnIQQesqcucTHDFVqlXEAUiUHhJp3yec6c0hzQHABUNJuJZ21mrZjZn,tpp,2,2,1,2340.462,4214.176,315,3,IB_E46M,1967.471,26,2
119,2017-12-10T04:09:59+0000,42,2U4GBNA0YmnIQQesqcucTHDFVqlXEAUiUHhJp3yec6c0hzQHABUNJuJZ21mrZjZn,tpp,2,0,0,994.657654,681.428345,44,1,DrUnKjN_bUm,648.58,28,27
120,2017-12-10T04:09:59+0000,42,2U4GBNA0YmnIQQesqcucTHDFVqlXEAUiUHhJp3yec6c0hzQHABUNJuJZ21mrZjZn,tpp,2,1,2,994.4023,716.957642,270,1,JLschaffer117,653.266,28,27
121,2017-12-10T04:09:59+0000,42,2U4GBNA0YmnIQQesqcucTHDFVqlXEAUiUHhJp3yec6c0hzQHABUNJuJZ21mrZjZn,tpp,2,0,0,0,374.5534,100,1,SpecOpGfizz,229.37,33,32
122,2017-12-10T04:09:59+0000,42,2U4GBNA0YmnIQQesqcucTHDFVqlXEAUiUHhJp3yec6c0hzQHABUNJuJZ21mrZjZn,tpp,2,0,2,0,505.63266,299,3,Braze_It,346.762,33,32
123,2017-12-10T04:09:59+0000,42,2U4GBNA0YmnIQQesqcucTHDFVqlXEAUiUHhJp3yec6c0hzQHABUNJuJZ21mrZjZn,tpp,2,0,1,0,509.607117,46,1,r165200bb,265.809,35,33
124,2017-12-10T04:09:59+0000,42,2U4GBNA0YmnIQQesqcucTHDFVqlXEAUiUHhJp3yec6c0hzQHABUNJuJZ21mrZjZn,tpp,2,1,0,0,442.767029,82,0,LucKyOliver-10,265.807,35,33
125,2017-12-10T04:09:59+0000,42,2U4GBNA0YmnIQQesqcucTHDFVqlXEAUiUHhJp3yec6c0hzQHABUNJuJZ21mrZjZn,tpp,2,0,0,0,3.8944726,0,0,akm4a1asdfasf,790.708,36,39
126,2017-12-10T04:09:59+0000,42,2U4GBNA0YmnIQQesqcucTHDFVqlXEAUiUHhJp3yec6c0hzQHABUNJuJZ21mrZjZn,tpp,2,0,0,0,45.8160248,0,0,snowwy,89.945,39,42
127,2017-12-10T04:09:59+0000,42,2U4GBNA0YmnIQQesqcucTHDFVqlXEAUiUHhJp3yec6c0hzQHABUNJuJZ21mrZjZn,tpp,2,0,0,0,23.4711552,0,0,frostteyy,89.942,39,42
128,2017-12-10T04:09:59+0000,42,2U4GBNA0YmnIQQesqcucTHDFVqlXEAUiUHhJp3yec6c0hzQHABUNJuJZ21mrZjZn,tpp,2,0,2,1763.10767,1548.96155,171,2,Lizurd,1411.038,41,9
129,2017-12-10T04:09:59+0000,42,2U4GBNA0YmnIQQesqcucTHDFVqlXEAUiUHhJp3yec6c0hzQHABUNJuJZ21mrZjZn,tpp,2,0,0,1759.54858,1693.56311,171,0,Lazzeroth,1411.041,41,9
130,2017-12-10T04:09:59+0000,42,2U4GBNA0YmnIQQesqcucTHDFVqlXEAUiUHhJp3yec6c0hzQHABUNJuJZ21mrZjZn,tpp,2,0,0,3166.84741,2484.05664,20,0,yangjiedsf,1141.859,48,16
131,2017-12-10T04:09:59+0000,42,2U4GBNA0YmnIQQesqcucTHDFVqlXEAUiUHhJp3yec6c0hzQHABUNJuJZ21mrZjZn,tpp,2,0,0,2372.06885,2230.26123,18,0,AVbitshy,1141.864,48,16
132,2017-12-10T04:09:59+0000,42,2U4GBNA0YmnIQQesqcucTHDFVqlXEAUiUHhJp3yec6c0hzQHABUNJuJZ21mrZjZn,tpp,2,0,1,0,336.1623,99,1,xiaolangqi,266.26,49,30
133,2017-12-10T04:09:59+0000,42,2U4GBNA0YmnIQQesqcucTHDFVqlXEAUiUHhJp3yec6c0hzQHABUNJuJZ21mrZjZn,tpp,2,0,0,0,560.5455,28,0,Placeyer,385.803,49,30
134,2017-12-10T04:09:59+0000,42,2U4GBNA0YmnIQQesqcucTHDFVqlXEAUiUHhJp3yec6c0hzQHABUNJuJZ21mrZjZn,tpp,2,0,1,1196.89636,826.198,200,2,SpainTwo,435.493,14,29
135,2017-12-10T04:09:59+0000,42,2U4GBNA0YmnIQQesqcucTHDFVqlXEAUiUHhJp3yec6c0hzQHABUNJuJZ21mrZjZn,tpp,2,1,0,1422.45239,657.5203,90,0,arktaterthot20,449.984,14,29
136,2017-12-10T04:09:59+0000,42,2U4GBNA0YmnIQQesqcucTHDFVqlXEAUiUHhJp3yec6c0hzQHABUNJuJZ21mrZjZn,tpp,2,1,1,2455.95,1913.19092,287,2,blaxfire,1624.587,25,5
137,2017-12-10T04:09:59+0000,42,2U4GBNA0YmnIQQesqcucTHDFVqlXEAUiUHhJp3yec6c0hzQHABUNJuJZ21mrZjZn,tpp,2,0,1,2386.67944,1733.49,93,2,Strajik,1624.582,25,5
138,2017-12-10T04:09:59+0000,42,2U4GBNA0YmnIQQesqcucTHDFVqlXEAUiUHhJp3yec6c0hzQHABUNJuJZ21mrZjZn,tpp,2,0,0,0,44.5884361,0,0,EcupV5,97.315,32,40
139,2017-12-10T04:09:59+0000,42,2U4GBNA0YmnIQQesqcucTHDFVqlXEAUiUHhJp3yec6c0hzQHABUNJuJZ21mrZjZn,tpp,2,0,1,0,143.655945,100,1,UmTiLL,117.172,32,40
140,2017-12-10T04:09:59+0000,42,2U4GBNA0YmnIQQesqcucTHDFVqlXEAUiUHhJp3yec6c0hzQHABUNJuJZ21mrZjZn,tpp,2,0,0,3291.77222,2960.577,0,0,Cdai123,1281.74,34,11
141,2017-12-10T04:09:59+0000,42,2U4GBNA0YmnIQQesqcucTHDFVqlXEAUiUHhJp3yec6c0hzQHABUNJuJZ21mrZjZn,tpp,2,0,0,3234.92,3159.89648,0,0,CN_Xater,1281.745,34,11
142,2017-12-10T04:09:59+0000,42,2U4GBNA0YmnIQQesqcucTHDFVqlXEAUiUHhJp3yec6c0hzQHABUNJuJZ21mrZjZn,tpp,2,0,0,0,267.801971,24,0,ArenaCyber2,260.176,43,34
143,2017-12-10T04:09:59+0000,42,2U4GBNA0YmnIQQesqcucTHDFVqlXEAUiUHhJp3yec6c0hzQHABUNJuJZ21mrZjZn,tpp,2,0,1,0,225.646851,187,0,arena_clb,260.178,43,34
144,2017-12-10T04:09:59+0000,42,2U4GBNA0YmnIQQesqcucTHDFVqlXEAUiUHhJp3yec6c0hzQHABUNJuJZ21mrZjZn,tpp,2,1,0,0.809434533,3850.291,63,0,Smebbe,1419.252,46,8
145,2017-12-10T04:09:59+0000,42,2U4GBNA0YmnIQQesqcucTHDFVqlXEAUiUHhJp3yec6c0hzQHABUNJuJZ21mrZjZn,tpp,2,0,0,1.230301,3880.43042,0,0,Kokoriza,1387.429,46,8
146,2017-12-10T04:09:59+0000,42,2U4GBNA0YmnIQQesqcucTHDFVqlXEAUiUHhJp3yec6c0hzQHABUNJuJZ21mrZjZn,tpp,2,0,0,0,795.2587,0,0,Joeweixi,471.509,53,28
147,2017-12-10T04:09:59+0000,42,2U4GBNA0YmnIQQesqcucTHDFVqlXEAUiUHhJp3yec6c0hzQHABUNJuJZ21mrZjZn,tpp,2,0,0,0,751.614746,0,0,S_Winther,471.512,53,28
148,2017-12-10T04:09:59+0000,42,2U4GBNA0YmnIQQesqcucTHDFVqlXEAUiUHhJp3yec6c0hzQHABUNJuJZ21mrZjZn,tpp,2,0,1,1796.06421,859.1481,96,1,CrunchyBac0n,669.019,4,26
149,2017-12-10T04:09:59+0000,42,2U4GBNA0YmnIQQesqcucTHDFVqlXEAUiUHhJp3yec6c0hzQHABUNJuJZ21mrZjZn,tpp,2,0,0,0,0,0,0,Young_Uzi,791.732,4,26
150,2017-12-10T04:09:59+0000,42,2U4GBNA0YmnIQQesqcucTHDFVqlXEAUiUHhJp3yec6c0hzQHABUNJuJZ21mrZjZn,tpp,2,2,1,7050.01074,1932.81323,332,2,Hiten1215,1964.995,16,3
151,2017-12-10T04:09:59+0000,42,2U4GBNA0YmnIQQesqcucTHDFVqlXEAUiUHhJp3yec6c0hzQHABUNJuJZ21mrZjZn,tpp,2,0,3,6881.64,1822.42578,329,3,Minato27,1905.614,16,3
152,2017-12-10T04:09:59+0000,42,2U4GBNA0YmnIQQesqcucTHDFVqlXEAUiUHhJp3yec6c0hzQHABUNJuJZ21mrZjZn,tpp,2,2,1,1651.1344,1359.48218,148,1,zhi_0520,1172.492,37,13
153,2017-12-10T04:09:59+0000,42,2U4GBNA0YmnIQQesqcucTHDFVqlXEAUiUHhJp3yec6c0hzQHABUNJuJZ21mrZjZn,tpp,2,0,0,0,1054.2865,0,0,xiduSN,659.349,37,13
154,2017-12-10T04:09:59+0000,42,2U4GBNA0YmnIQQesqcucTHDFVqlXEAUiUHhJp3yec6c0hzQHABUNJuJZ21mrZjZn,tpp,2,1,0,5623.69629,1513.09045,30,0,URK3L,1532.934,40,6
155,2017-12-10T04:09:59+0000,42,2U4GBNA0YmnIQQesqcucTHDFVqlXEAUiUHhJp3yec6c0hzQHABUNJuJZ21mrZjZn,tpp,2,0,2,5279.90332,1613.77112,357,5,G_Force,1518.415,40,6
156,2017-12-09T19:34:39+0000,37,2U4GBNA0Ymk7iBtHUx6-_dZyjrvKVPMSmiZKzhovvtZ6clOi9vMdQGJIxPEv4HO6,tpp,2,2,0,3185.81177,2835.24121,395,3,Makers_Mike,1873.689,7,1
157,2017-12-09T19:34:39+0000,37,2U4GBNA0Ymk7iBtHUx6-_dZyjrvKVPMSmiZKzhovvtZ6clOi9vMdQGJIxPEv4HO6,tpp,2,0,3,3940.88379,2746.87036,414,4,Clanwolf,1873.689,7,1
158,2017-12-09T19:34:39+0000,37,2U4GBNA0Ymk7iBtHUx6-_dZyjrvKVPMSmiZKzhovvtZ6clOi9vMdQGJIxPEv4HO6,tpp,2,0,1,1458.43958,2617.17041,119,0,Chenlinpeng-,1535.031,10,8
159,2017-12-09T19:34:39+0000,37,2U4GBNA0Ymk7iBtHUx6-_dZyjrvKVPMSmiZKzhovvtZ6clOi9vMdQGJIxPEv4HO6,tpp,2,0,1,790.975647,2481.24146,236,2,Xingzl,1475.292,10,8
160,2017-12-09T19:34:39+0000,37,2U4GBNA0Ymk7iBtHUx6-_dZyjrvKVPMSmiZKzhovvtZ6clOi9vMdQGJIxPEv4HO6,tpp,2,0,1,0,177.1915,100,0,OldLove7Eleven,258.434,12,22
161,2017-12-09T19:34:39+0000,37,2U4GBNA0Ymk7iBtHUx6-_dZyjrvKVPMSmiZKzhovvtZ6clOi9vMdQGJIxPEv4HO6,tpp,2,0,0,0,362.586243,0,0,WangZai898,496.037,12,22
162,2017-12-09T19:34:39+0000,37,2U4GBNA0Ymk7iBtHUx6-_dZyjrvKVPMSmiZKzhovvtZ6clOi9vMdQGJIxPEv4HO6,tpp,2,1,0,2434.53271,1884.19958,108,2,qing80,1146.481,15,15
163,2017-12-09T19:34:39+0000,37,2U4GBNA0Ymk7iBtHUx6-_dZyjrvKVPMSmiZKzhovvtZ6clOi9vMdQGJIxPEv4HO6,tpp,2,1,1,2431.719,1876.55737,221,2,guoguo1980,1150.25,15,15
164,2017-12-09T19:34:39+0000,37,2U4GBNA0Ymk7iBtHUx6-_dZyjrvKVPMSmiZKzhovvtZ6clOi9vMdQGJIxPEv4HO6,tpp,2,0,0,371.168671,1910.74219,0,0,doudouer1,855.255,24,18
165,2017-12-09T19:34:39+0000,37,2U4GBNA0Ymk7iBtHUx6-_dZyjrvKVPMSmiZKzhovvtZ6clOi9vMdQGJIxPEv4HO6,tpp,2,0,0,0,1576.9519,0,0,CAKESIA,863.808,24,18
166,2017-12-09T19:34:39+0000,37,2U4GBNA0Ymk7iBtHUx6-_dZyjrvKVPMSmiZKzhovvtZ6clOi9vMdQGJIxPEv4HO6,tpp,2,0,0,0,568.0525,86,0,LastHitBandit,758.14,27,20
167,2017-12-09T19:34:39+0000,37,2U4GBNA0Ymk7iBtHUx6-_dZyjrvKVPMSmiZKzhovvtZ6clOi9vMdQGJIxPEv4HO6,tpp,2,0,0,0,4446.62,0,0,Travnar,1480.027,30,9
168,2017-12-09T19:34:39+0000,37,2U4GBNA0Ymk7iBtHUx6-_dZyjrvKVPMSmiZKzhovvtZ6clOi9vMdQGJIxPEv4HO6,tpp,2,0,1,0,4636.03,173,2,Greeb92,1493.332,30,9
169,2017-12-09T19:34:39+0000,37,2U4GBNA0Ymk7iBtHUx6-_dZyjrvKVPMSmiZKzhovvtZ6clOi9vMdQGJIxPEv4HO6,tpp,2,0,0,404.616364,392.337646,0,0,Mexicoleader,336.881,31,12
170,2017-12-09T19:34:39+0000,37,2U4GBNA0Ymk7iBtHUx6-_dZyjrvKVPMSmiZKzhovvtZ6clOi9vMdQGJIxPEv4HO6,tpp,2,0,0,1114.53943,1729.42957,0,0,AKHHR136,1182.289,31,12
171,2017-12-09T19:34:39+0000,37,2U4GBNA0Ymk7iBtHUx6-_dZyjrvKVPMSmiZKzhovvtZ6clOi9vMdQGJIxPEv4HO6,tpp,2,2,0,0,1621.927,114,0,2214800731lly,875.554,38,17
172,2017-12-09T19:34:39+0000,37,2U4GBNA0Ymk7iBtHUx6-_dZyjrvKVPMSmiZKzhovvtZ6clOi9vMdQGJIxPEv4HO6,tpp,2,0,2,0,1448.86157,366,3,Aenll-lwm,875.559,38,17
173,2017-12-09T19:34:39+0000,37,2U4GBNA0Ymk7iBtHUx6-_dZyjrvKVPMSmiZKzhovvtZ6clOi9vMdQGJIxPEv4HO6,tpp,2,2,0,1091.10193,3451.331,211,1,XEN0-,1873.524,39,2
174,2017-12-09T19:34:39+0000,37,2U4GBNA0Ymk7iBtHUx6-_dZyjrvKVPMSmiZKzhovvtZ6clOi9vMdQGJIxPEv4HO6,tpp,2,0,2,1093.50989,3305.347,260,2,Seht_,1873.53,39,2
175,2017-12-09T19:34:39+0000,37,2U4GBNA0Ymk7iBtHUx6-_dZyjrvKVPMSmiZKzhovvtZ6clOi9vMdQGJIxPEv4HO6,tpp,2,0,0,0,65.49654,9,0,Marryolive,143.201,40,16
176,2017-12-09T19:34:39+0000,37,2U4GBNA0Ymk7iBtHUx6-_dZyjrvKVPMSmiZKzhovvtZ6clOi9vMdQGJIxPEv4HO6,tpp,2,0,1,0,1339.32593,213,2,iraqiranirun,1016.808,40,16
177,2017-12-09T19:34:39+0000,37,2U4GBNA0Ymk7iBtHUx6-_dZyjrvKVPMSmiZKzhovvtZ6clOi9vMdQGJIxPEv4HO6,tpp,2,0,0,0,231.373245,0,0,TwilightsEye,167.15,43,32
178,2017-12-09T19:34:39+0000,37,2U4GBNA0Ymk7iBtHUx6-_dZyjrvKVPMSmiZKzhovvtZ6clOi9vMdQGJIxPEv4HO6,tpp,2,0,1,0,159.647934,100,1,T7soccer,167.154,43,32
179,2017-12-09T19:34:39+0000,37,2U4GBNA0Ymk7iBtHUx6-_dZyjrvKVPMSmiZKzhovvtZ6clOi9vMdQGJIxPEv4HO6,tpp,2,0,0,0,99.37661,0,0,KBCYCNB,163.318,48,29
180,2017-12-09T19:34:39+0000,37,2U4GBNA0Ymk7iBtHUx6-_dZyjrvKVPMSmiZKzhovvtZ6clOi9vMdQGJIxPEv4HO6,tpp,2,0,1,0,75.80581,129,1,Rambo_cat,178.536,48,29
181,2017-12-09T19:34:39+0000,37,2U4GBNA0Ymk7iBtHUx6-_dZyjrvKVPMSmiZKzhovvtZ6clOi9vMdQGJIxPEv4HO6,tpp,2,0,2,0,489.510773,300,2,Tng555,613.817,50,21
182,2017-12-09T19:34:39+0000,37,2U4GBNA0Ymk7iBtHUx6-_dZyjrvKVPMSmiZKzhovvtZ6clOi9vMdQGJIxPEv4HO6,tpp,2,0,1,0,514.650452,203,2,ZhangTianHao1,619.49,50,21
183,2017-12-09T19:34:39+0000,37,2U4GBNA0Ymk7iBtHUx6-_dZyjrvKVPMSmiZKzhovvtZ6clOi9vMdQGJIxPEv4HO6,tpp,2,0,0,0,199.613556,52,0,bigdragonhorse,284.9,1,26
184,2017-12-09T19:34:39+0000,37,2U4GBNA0Ymk7iBtHUx6-_dZyjrvKVPMSmiZKzhovvtZ6clOi9vMdQGJIxPEv4HO6,tpp,2,0,0,0,278.328674,0,0,slmljb,239.814,1,26
185,2017-12-09T19:34:39+0000,37,2U4GBNA0Ymk7iBtHUx6-_dZyjrvKVPMSmiZKzhovvtZ6clOi9vMdQGJIxPEv4HO6,tpp,2,0,0,0,46.3235321,0,0,oilking420,104.958,2,36
186,2017-12-09T19:34:39+0000,37,2U4GBNA0Ymk7iBtHUx6-_dZyjrvKVPMSmiZKzhovvtZ6clOi9vMdQGJIxPEv4HO6,tpp,2,0,0,0,41.914463,0,0,fr3shlyb4ked,83.398,2,36
187,2017-12-09T19:34:39+0000,37,2U4GBNA0Ymk7iBtHUx6-_dZyjrvKVPMSmiZKzhovvtZ6clOi9vMdQGJIxPEv4HO6,tpp,2,0,0,0,38.247,0,0,appstret,96.16,5,28
188,2017-12-09T19:34:39+0000,37,2U4GBNA0Ymk7iBtHUx6-_dZyjrvKVPMSmiZKzhovvtZ6clOi9vMdQGJIxPEv4HO6,tpp,2,0,0,0,263.189,61,0,wei2015,196.168,5,28
189,2017-12-09T19:34:39+0000,37,2U4GBNA0Ymk7iBtHUx6-_dZyjrvKVPMSmiZKzhovvtZ6clOi9vMdQGJIxPEv4HO6,tpp,2,0,1,1321.678,2205.12622,335,2,Josh4864,1290.494,13,11
190,2017-12-09T19:34:39+0000,37,2U4GBNA0Ymk7iBtHUx6-_dZyjrvKVPMSmiZKzhovvtZ6clOi9vMdQGJIxPEv4HO6,tpp,2,0,0,1284.145,2073.26147,83,1,Jimmy_2x,1290.499,13,11
191,2017-12-09T19:34:39+0000,37,2U4GBNA0Ymk7iBtHUx6-_dZyjrvKVPMSmiZKzhovvtZ6clOi9vMdQGJIxPEv4HO6,tpp,2,1,3,3686.153,3439.63525,399,3,Murry_Moogle,1702.572,17,5
192,2017-12-09T19:34:39+0000,37,2U4GBNA0Ymk7iBtHUx6-_dZyjrvKVPMSmiZKzhovvtZ6clOi9vMdQGJIxPEv4HO6,tpp,2,1,1,2898.13867,3396.765,349,4,Mustang002,1702.565,17,5
193,2017-12-09T19:34:39+0000,37,2U4GBNA0Ymk7iBtHUx6-_dZyjrvKVPMSmiZKzhovvtZ6clOi9vMdQGJIxPEv4HO6,tpp,2,0,0,1860.12512,2526.40942,100,1,Wu-kun,1766.508,20,3
194,2017-12-09T19:34:39+0000,37,2U4GBNA0Ymk7iBtHUx6-_dZyjrvKVPMSmiZKzhovvtZ6clOi9vMdQGJIxPEv4HO6,tpp,2,0,1,2222.48413,2408.196,221,2,v_guiyiran,1741.033,20,3
195,2017-12-09T19:34:39+0000,37,2U4GBNA0Ymk7iBtHUx6-_dZyjrvKVPMSmiZKzhovvtZ6clOi9vMdQGJIxPEv4HO6,tpp,2,0,0,0,127.816376,40,0,GoodMouse,274.894,23,27
196,2017-12-09T19:34:39+0000,37,2U4GBNA0Ymk7iBtHUx6-_dZyjrvKVPMSmiZKzhovvtZ6clOi9vMdQGJIxPEv4HO6,tpp,2,0,0,0,113.565643,0,0,mapgo3,274.899,23,27
197,2017-12-09T19:34:39+0000,37,2U4GBNA0Ymk7iBtHUx6-_dZyjrvKVPMSmiZKzhovvtZ6clOi9vMdQGJIxPEv4HO6,tpp,2,0,0,0,1310.68445,0,0,eFex_,1167.037,29,23
198,2017-12-09T19:34:39+0000,37,2U4GBNA0Ymk7iBtHUx6-_dZyjrvKVPMSmiZKzhovvtZ6clOi9vMdQGJIxPEv4HO6,tpp,2,0,0,0,158.099167,0,0,DribbleDick,135.033,29,23
199,2017-12-09T19:34:39+0000,37,2U4GBNA0Ymk7iBtHUx6-_dZyjrvKVPMSmiZKzhovvtZ6clOi9vMdQGJIxPEv4HO6,tpp,2,0,0,0,0,0,0,killer1lebron,168.233,37,37
200,2017-12-09T19:34:39+0000,37,2U4GBNA0Ymk7iBtHUx6-_dZyjrvKVPMSmiZKzhovvtZ6clOi9vMdQGJIxPEv4HO6,tpp,2,0,1,0,165.799652,100,0,Genius1506,198.067,45,25
201,2017-12-09T19:34:39+0000,37,2U4GBNA0Ymk7iBtHUx6-_dZyjrvKVPMSmiZKzhovvtZ6clOi9vMdQGJIxPEv4HO6,tpp,2,0,0,0,304.551636,22,0,Papa-Evo,301.919,45,25
202,2017-12-09T19:34:39+0000,37,2U4GBNA0Ymk7iBtHUx6-_dZyjrvKVPMSmiZKzhovvtZ6clOi9vMdQGJIxPEv4HO6,tpp,2,0,0,0,0,0,0,ASASASASASAQ,168.237,51,37
203,2017-12-09T19:34:39+0000,37,2U4GBNA0Ymk7iBtHUx6-_dZyjrvKVPMSmiZKzhovvtZ6clOi9vMdQGJIxPEv4HO6,tpp,2,0,0,0,1656.763,100,1,Trigoli,1388.899,3,10
204,2017-12-09T19:34:39+0000,37,2U4GBNA0Ymk7iBtHUx6-_dZyjrvKVPMSmiZKzhovvtZ6clOi9vMdQGJIxPEv4HO6,tpp,2,0,0,0,1532.14172,114,0,Lion_Guy,1388.904,3,10
205,2017-12-09T19:34:39+0000,37,2U4GBNA0Ymk7iBtHUx6-_dZyjrvKVPMSmiZKzhovvtZ6clOi9vMdQGJIxPEv4HO6,tpp,2,0,0,0,73.06277,85,0,banaaannnaaaa,99.336,4,37
206,2017-12-09T19:34:39+0000,37,2U4GBNA0Ymk7iBtHUx6-_dZyjrvKVPMSmiZKzhovvtZ6clOi9vMdQGJIxPEv4HO6,tpp,2,0,0,0,52.6779442,54,0,eggplllaaannnttt,87.627,4,37
207,2017-12-09T19:34:39+0000,37,2U4GBNA0Ymk7iBtHUx6-_dZyjrvKVPMSmiZKzhovvtZ6clOi9vMdQGJIxPEv4HO6,tpp,2,1,0,0,550.99115,28,0,CocaCola___,402.882,8,24
208,2017-12-09T19:34:39+0000,37,2U4GBNA0Ymk7iBtHUx6-_dZyjrvKVPMSmiZKzhovvtZ6clOi9vMdQGJIxPEv4HO6,tpp,2,0,0,0,564.0281,120,1,HHHZZKHHH,402.878,8,24
209,2017-12-09T19:34:39+0000,37,2U4GBNA0Ymk7iBtHUx6-_dZyjrvKVPMSmiZKzhovvtZ6clOi9vMdQGJIxPEv4HO6,tpp,2,0,0,0,46.62062,0,0,haha713,160.171,9,33
210,2017-12-09T19:34:39+0000,37,2U4GBNA0Ymk7iBtHUx6-_dZyjrvKVPMSmiZKzhovvtZ6clOi9vMdQGJIxPEv4HO6,tpp,2,0,2,1678.6781,2514.87817,343,3,HanYe666,1172.052,16,13
211,2017-12-09T19:34:39+0000,37,2U4GBNA0Ymk7iBtHUx6-_dZyjrvKVPMSmiZKzhovvtZ6clOi9vMdQGJIxPEv4HO6,tpp,2,0,0,1613.904,2455.40869,178,1,886X,1172.049,16,13
212,2017-12-09T19:34:39+0000,37,2U4GBNA0Ymk7iBtHUx6-_dZyjrvKVPMSmiZKzhovvtZ6clOi9vMdQGJIxPEv4HO6,tpp,2,0,1,0,145.4951,100,1,Laksy,152.453,19,28
213,2017-12-09T19:34:39+0000,37,2U4GBNA0Ymk7iBtHUx6-_dZyjrvKVPMSmiZKzhovvtZ6clOi9vMdQGJIxPEv4HO6,tpp,2,1,0,0,159.520676,100,1,Batillion,828.04,19,28
214,2017-12-09T19:34:39+0000,37,2U4GBNA0Ymk7iBtHUx6-_dZyjrvKVPMSmiZKzhovvtZ6clOi9vMdQGJIxPEv4HO6,tpp,2,0,0,0,64.7885,91,0,NBxiaogege,119.942,22,35
215,2017-12-09T19:34:39+0000,37,2U4GBNA0Ymk7iBtHUx6-_dZyjrvKVPMSmiZKzhovvtZ6clOi9vMdQGJIxPEv4HO6,tpp,2,0,0,0,67.42219,0,0,China_Mr_Liu1,119.939,22,35
216,2017-12-09T19:34:39+0000,37,2U4GBNA0Ymk7iBtHUx6-_dZyjrvKVPMSmiZKzhovvtZ6clOi9vMdQGJIxPEv4HO6,tpp,2,0,1,169.7592,2868.72363,114,2,5dag,1679.057,25,6
217,2017-12-09T19:34:39+0000,37,2U4GBNA0Ymk7iBtHUx6-_dZyjrvKVPMSmiZKzhovvtZ6clOi9vMdQGJIxPEv4HO6,tpp,2,1,0,3.497232,3029.74414,135,0,Dampier,1695.589,25,6
218,2017-12-09T19:34:39+0000,37,2U4GBNA0Ymk7iBtHUx6-_dZyjrvKVPMSmiZKzhovvtZ6clOi9vMdQGJIxPEv4HO6,tpp,2,1,3,0,4071.39,461,4,T-H-O-T-S,1747.139,35,4
219,2017-12-09T19:34:39+0000,37,2U4GBNA0Ymk7iBtHUx6-_dZyjrvKVPMSmiZKzhovvtZ6clOi9vMdQGJIxPEv4HO6,tpp,2,0,2,0,2822.429,278,3,Cameron_Cuck,859.231,35,4
220,2017-12-09T19:34:39+0000,37,2U4GBNA0Ymk7iBtHUx6-_dZyjrvKVPMSmiZKzhovvtZ6clOi9vMdQGJIxPEv4HO6,tpp,2,0,0,2866.27881,4302.187,60,0,1213102285,1573.17,41,7
221,2017-12-09T19:34:39+0000,37,2U4GBNA0Ymk7iBtHUx6-_dZyjrvKVPMSmiZKzhovvtZ6clOi9vMdQGJIxPEv4HO6,tpp,2,0,0,2556.255,4224.63867,9,0,dasedas,1571.307,41,7
222,2017-12-09T19:34:39+0000,37,2U4GBNA0Ymk7iBtHUx6-_dZyjrvKVPMSmiZKzhovvtZ6clOi9vMdQGJIxPEv4HO6,tpp,2,0,1,0,26.68376,100,1,PC890719,102.692,42,34
223,2017-12-09T19:34:39+0000,37,2U4GBNA0Ymk7iBtHUx6-_dZyjrvKVPMSmiZKzhovvtZ6clOi9vMdQGJIxPEv4HO6,tpp,2,0,1,0,158.095932,83,0,Fmlsn,136.976,42,34
224,2017-12-09T19:34:39+0000,37,2U4GBNA0Ymk7iBtHUx6-_dZyjrvKVPMSmiZKzhovvtZ6clOi9vMdQGJIxPEv4HO6,tpp,2,0,2,0,427.599335,283,3,Change5555,477.156,49,23
225,2017-12-28T09:30:48+0000,48,2U4GBNA0YmnZDcOwRYKzxWhbr5Jaxxjhp0cRvsI40iOQJdZyGBJb_mcf0ZjzNRGD,tpp,2,0,0,3010.75,1648.76123,0,0,Johnson992,695.571,1,22
226,2017-12-28T09:30:48+0000,48,2U4GBNA0YmnZDcOwRYKzxWhbr5Jaxxjhp0cRvsI40iOQJdZyGBJb_mcf0ZjzNRGD,tpp,2,0,0,3831.80127,1580.41614,0,0,JackLemon,697.002,1,22
227,2017-12-28T09:30:48+0000,48,2U4GBNA0YmnZDcOwRYKzxWhbr5Jaxxjhp0cRvsI40iOQJdZyGBJb_mcf0ZjzNRGD,tpp,2,1,2,3433.68,1697.98877,259,3,Luv-sic,1701.631,2,6
228,2017-12-28T09:30:48+0000,48,2U4GBNA0YmnZDcOwRYKzxWhbr5Jaxxjhp0cRvsI40iOQJdZyGBJb_mcf0ZjzNRGD,tpp,2,0,3,2888.15649,2073.20386,320,1,Reston-yxz,1701.628,2,6
229,2017-12-28T09:30:48+0000,48,2U4GBNA0YmnZDcOwRYKzxWhbr5Jaxxjhp0cRvsI40iOQJdZyGBJb_mcf0ZjzNRGD,tpp,2,1,1,4149.13574,1982.668,531,1,1uwei,1459.802,3,12
230,2017-12-28T09:30:48+0000,48,2U4GBNA0YmnZDcOwRYKzxWhbr5Jaxxjhp0cRvsI40iOQJdZyGBJb_mcf0ZjzNRGD,tpp,2,0,0,5323.397,1727.81628,186,1,TromCool,1454.296,3,12
231,2017-12-28T09:30:48+0000,48,2U4GBNA0YmnZDcOwRYKzxWhbr5Jaxxjhp0cRvsI40iOQJdZyGBJb_mcf0ZjzNRGD,tpp,2,0,0,0,1024.70239,18,0,JJ1000CM,795.518,4,21
232,2017-12-28T09:30:48+0000,48,2U4GBNA0YmnZDcOwRYKzxWhbr5Jaxxjhp0cRvsI40iOQJdZyGBJb_mcf0ZjzNRGD,tpp,2,0,0,0,1452.322,0,0,jiaobaabaa,875.489,4,21
233,2017-12-28T09:30:48+0000,48,2U4GBNA0YmnZDcOwRYKzxWhbr5Jaxxjhp0cRvsI40iOQJdZyGBJb_mcf0ZjzNRGD,tpp,2,0,0,872.5879,2512.29663,111,0,shuaizeze,1517.55,8,8
234,2017-12-28T09:30:48+0000,48,2U4GBNA0YmnZDcOwRYKzxWhbr5Jaxxjhp0cRvsI40iOQJdZyGBJb_mcf0ZjzNRGD,tpp,2,0,1,1156.54919,2890.864,198,0,yunqiu,1517.552,8,8
235,2017-12-28T09:30:48+0000,48,2U4GBNA0YmnZDcOwRYKzxWhbr5Jaxxjhp0cRvsI40iOQJdZyGBJb_mcf0ZjzNRGD,tpp,2,0,0,2302.86426,1563.2489,33,0,xotooyy9188,1103.535,10,16
236,2017-12-28T09:30:48+0000,48,2U4GBNA0YmnZDcOwRYKzxWhbr5Jaxxjhp0cRvsI40iOQJdZyGBJb_mcf0ZjzNRGD,tpp,2,0,2,6258.92041,1287.78333,299,1,obMrwang,1103.532,10,16
237,2017-12-28T09:30:48+0000,48,2U4GBNA0YmnZDcOwRYKzxWhbr5Jaxxjhp0cRvsI40iOQJdZyGBJb_mcf0ZjzNRGD,tpp,2,0,0,5467.25635,1955.10791,98,0,Fchickenfly,1323.533,12,13
238,2017-12-28T09:30:48+0000,48,2U4GBNA0YmnZDcOwRYKzxWhbr5Jaxxjhp0cRvsI40iOQJdZyGBJb_mcf0ZjzNRGD,tpp,2,0,0,5449.826,1818.66467,30,0,SUN_Obar,1323.529,12,13
239,2017-12-28T09:30:48+0000,48,2U4GBNA0YmnZDcOwRYKzxWhbr5Jaxxjhp0cRvsI40iOQJdZyGBJb_mcf0ZjzNRGD,tpp,2,0,0,0,55.4298058,0,0,kissliu666,160.814,14,46
240,2017-12-28T09:30:48+0000,48,2U4GBNA0YmnZDcOwRYKzxWhbr5Jaxxjhp0cRvsI40iOQJdZyGBJb_mcf0ZjzNRGD,tpp,2,0,0,0,18.8916225,94,0,Anesthesi_ED,123.821,14,46
241,2017-12-28T09:30:48+0000,48,2U4GBNA0YmnZDcOwRYKzxWhbr5Jaxxjhp0cRvsI40iOQJdZyGBJb_mcf0ZjzNRGD,tpp,2,0,0,1702.33716,965.386536,50,0,wijnmhusb,648.742,22,23
242,2017-12-28T09:30:48+0000,48,2U4GBNA0YmnZDcOwRYKzxWhbr5Jaxxjhp0cRvsI40iOQJdZyGBJb_mcf0ZjzNRGD,tpp,2,0,0,1168.13354,951.134155,124,1,SHAWODESHISUNZI,648.738,22,23
243,2017-12-28T09:30:48+0000,48,2U4GBNA0YmnZDcOwRYKzxWhbr5Jaxxjhp0cRvsI40iOQJdZyGBJb_mcf0ZjzNRGD,tpp,2,0,0,0,79.81005,0,0,ppoo2219,149.778,24,42
244,2017-12-28T09:30:48+0000,48,2U4GBNA0YmnZDcOwRYKzxWhbr5Jaxxjhp0cRvsI40iOQJdZyGBJb_mcf0ZjzNRGD,tpp,2,0,0,0,133.538528,67,0,x0905281370,199.607,24,42
245,2017-12-28T09:30:48+0000,48,2U4GBNA0YmnZDcOwRYKzxWhbr5Jaxxjhp0cRvsI40iOQJdZyGBJb_mcf0ZjzNRGD,tpp,2,1,2,0,764.4841,97,2,SuperZking,505.192,28,26
246,2017-12-28T09:30:48+0000,48,2U4GBNA0YmnZDcOwRYKzxWhbr5Jaxxjhp0cRvsI40iOQJdZyGBJb_mcf0ZjzNRGD,tpp,2,0,1,0,552.585144,293,2,xiang-boby,523.149,28,26
247,2017-12-28T09:30:48+0000,48,2U4GBNA0YmnZDcOwRYKzxWhbr5Jaxxjhp0cRvsI40iOQJdZyGBJb_mcf0ZjzNRGD,tpp,2,0,0,4432.844,1850.68188,41,1,OmegaLiu,1315.143,30,4
248,2017-12-28T09:30:48+0000,48,2U4GBNA0YmnZDcOwRYKzxWhbr5Jaxxjhp0cRvsI40iOQJdZyGBJb_mcf0ZjzNRGD,tpp,2,1,1,3986.52759,2246.6748,306,0,qingnin521,1754.512,30,4
249,2017-12-28T09:30:48+0000,48,2U4GBNA0YmnZDcOwRYKzxWhbr5Jaxxjhp0cRvsI40iOQJdZyGBJb_mcf0ZjzNRGD,tpp,2,0,0,0,745.660645,0,0,yuantao001,320.573,31,34
250,2017-12-28T09:30:48+0000,48,2U4GBNA0YmnZDcOwRYKzxWhbr5Jaxxjhp0cRvsI40iOQJdZyGBJb_mcf0ZjzNRGD,tpp,2,0,0,0,773.707947,21,0,qicaishengren,320.575,31,34
251,2017-12-28T09:30:48+0000,48,2U4GBNA0YmnZDcOwRYKzxWhbr5Jaxxjhp0cRvsI40iOQJdZyGBJb_mcf0ZjzNRGD,tpp,2,0,2,3014.421,4091.566,259,3,qinqintudou,1768.599,32,3
252,2017-12-28T09:30:48+0000,48,2U4GBNA0YmnZDcOwRYKzxWhbr5Jaxxjhp0cRvsI40iOQJdZyGBJb_mcf0ZjzNRGD,tpp,2,0,0,2853.27246,3584.87085,13,0,,1494.819,32,3
253,2017-12-28T09:30:48+0000,48,2U4GBNA0YmnZDcOwRYKzxWhbr5Jaxxjhp0cRvsI40iOQJdZyGBJb_mcf0ZjzNRGD,tpp,2,0,0,0,304.986816,0,0,LengYeBing,279.728,34,36
254,2017-12-28T09:30:48+0000,48,2U4GBNA0YmnZDcOwRYKzxWhbr5Jaxxjhp0cRvsI40iOQJdZyGBJb_mcf0ZjzNRGD,tpp,2,0,0,0,235.1908,23,0,zeinima123,296.61,34,36
255,2017-12-28T09:30:48+0000,48,2U4GBNA0YmnZDcOwRYKzxWhbr5Jaxxjhp0cRvsI40iOQJdZyGBJb_mcf0ZjzNRGD,tpp,2,0,1,2933.01318,1621.485,241,3,SJaaa,1747.656,38,5
256,2017-12-28T09:30:48+0000,48,2U4GBNA0YmnZDcOwRYKzxWhbr5Jaxxjhp0cRvsI40iOQJdZyGBJb_mcf0ZjzNRGD,tpp,2,0,0,3611.73779,1749.96375,52,0,HUOJIACHEN,1747.651,38,5
257,2017-12-28T09:30:48+0000,48,2U4GBNA0YmnZDcOwRYKzxWhbr5Jaxxjhp0cRvsI40iOQJdZyGBJb_mcf0ZjzNRGD,tpp,2,0,0,0,72.6888351,45,0,xianrenbaibai,153.332,41,33
258,2017-12-28T09:30:48+0000,48,2U4GBNA0YmnZDcOwRYKzxWhbr5Jaxxjhp0cRvsI40iOQJdZyGBJb_mcf0ZjzNRGD,tpp,2,0,1,0,258.528839,278,3,MuMuQAQ233,332.967,41,33
259,2017-12-28T09:30:48+0000,48,2U4GBNA0YmnZDcOwRYKzxWhbr5Jaxxjhp0cRvsI40iOQJdZyGBJb_mcf0ZjzNRGD,tpp,2,0,0,0,0,0,0,weizhongren,164.49,42,32
260,2017-12-28T09:30:48+0000,48,2U4GBNA0YmnZDcOwRYKzxWhbr5Jaxxjhp0cRvsI40iOQJdZyGBJb_mcf0ZjzNRGD,tpp,2,0,1,0,459.59137,199,2,feiyesda,1061.735,42,32
261,2017-12-28T09:30:48+0000,48,2U4GBNA0YmnZDcOwRYKzxWhbr5Jaxxjhp0cRvsI40iOQJdZyGBJb_mcf0ZjzNRGD,tpp,2,0,0,2024.44019,1168.99866,0,0,supremeyh,663.202,45,7
262,2017-12-28T09:30:48+0000,48,2U4GBNA0YmnZDcOwRYKzxWhbr5Jaxxjhp0cRvsI40iOQJdZyGBJb_mcf0ZjzNRGD,tpp,2,0,4,6109.55127,1436.62842,495,6,peterjk,1642.681,45,7
263,2017-12-28T09:30:48+0000,48,2U4GBNA0YmnZDcOwRYKzxWhbr5Jaxxjhp0cRvsI40iOQJdZyGBJb_mcf0ZjzNRGD,tpp,2,0,0,0,341.239227,0,0,Milisar,212.38,47,41
264,2017-12-28T09:30:48+0000,48,2U4GBNA0YmnZDcOwRYKzxWhbr5Jaxxjhp0cRvsI40iOQJdZyGBJb_mcf0ZjzNRGD,tpp,2,0,1,0,81.56938,75,1,o0Jessica0o,166.098,47,41
265,2017-12-28T09:30:48+0000,48,2U4GBNA0YmnZDcOwRYKzxWhbr5Jaxxjhp0cRvsI40iOQJdZyGBJb_mcf0ZjzNRGD,tpp,2,0,0,0,107.373421,79,0,KAYXK,164.602,48,45
266,2017-12-28T09:30:48+0000,48,2U4GBNA0YmnZDcOwRYKzxWhbr5Jaxxjhp0cRvsI40iOQJdZyGBJb_mcf0ZjzNRGD,tpp,2,0,0,0,121.47509,19,0,jklahskj,152.646,48,45
267,2017-12-28T09:30:48+0000,48,2U4GBNA0YmnZDcOwRYKzxWhbr5Jaxxjhp0cRvsI40iOQJdZyGBJb_mcf0ZjzNRGD,tpp,2,0,2,322.886169,1410.84277,178,2,G623,904.955,50,20
268,2017-12-28T09:30:48+0000,48,2U4GBNA0YmnZDcOwRYKzxWhbr5Jaxxjhp0cRvsI40iOQJdZyGBJb_mcf0ZjzNRGD,tpp,2,1,0,0,1646.02344,107,1,papapxxx518,904.952,50,20
269,2017-12-28T09:30:48+0000,48,2U4GBNA0YmnZDcOwRYKzxWhbr5Jaxxjhp0cRvsI40iOQJdZyGBJb_mcf0ZjzNRGD,tpp,2,0,0,0,576.872559,0,0,G83064,379.822,5,32
270,2017-12-28T09:30:48+0000,48,2U4GBNA0YmnZDcOwRYKzxWhbr5Jaxxjhp0cRvsI40iOQJdZyGBJb_mcf0ZjzNRGD,tpp,2,0,0,0,743.6893,25,0,wilsondu,379.861,5,32
271,2017-12-28T09:30:48+0000,48,2U4GBNA0YmnZDcOwRYKzxWhbr5Jaxxjhp0cRvsI40iOQJdZyGBJb_mcf0ZjzNRGD,tpp,2,0,0,0,25.86272,0,0,zsknewbie,124.459,6,47
272,2017-12-28T09:30:48+0000,48,2U4GBNA0YmnZDcOwRYKzxWhbr5Jaxxjhp0cRvsI40iOQJdZyGBJb_mcf0ZjzNRGD,tpp,2,0,0,0,166.575958,0,0,Yy2893ShenCaiCai,149.836,6,47
273,2017-12-28T09:30:48+0000,48,2U4GBNA0YmnZDcOwRYKzxWhbr5Jaxxjhp0cRvsI40iOQJdZyGBJb_mcf0ZjzNRGD,tpp,2,0,0,0,159.854263,0,0,chenlunaa,192.308,7,37
274,2017-12-28T09:30:48+0000,48,2U4GBNA0YmnZDcOwRYKzxWhbr5Jaxxjhp0cRvsI40iOQJdZyGBJb_mcf0ZjzNRGD,tpp,2,0,1,0,643.021362,200,2,HzengHong,291.721,7,37
275,2017-12-28T09:30:48+0000,48,2U4GBNA0YmnZDcOwRYKzxWhbr5Jaxxjhp0cRvsI40iOQJdZyGBJb_mcf0ZjzNRGD,tpp,2,0,1,4712.23242,2275.04272,354,3,chijilaoban,1473.859,11,11
276,2017-12-28T09:30:48+0000,48,2U4GBNA0YmnZDcOwRYKzxWhbr5Jaxxjhp0cRvsI40iOQJdZyGBJb_mcf0ZjzNRGD,tpp,2,1,0,2592.08765,3464.80762,22,0,susususu1234,1485.521,11,11
277,2017-12-28T09:30:48+0000,48,2U4GBNA0YmnZDcOwRYKzxWhbr5Jaxxjhp0cRvsI40iOQJdZyGBJb_mcf0ZjzNRGD,tpp,2,0,0,0,226.386917,110,0,NiPFgg,385.557,13,31
278,2017-12-28T09:30:48+0000,48,2U4GBNA0YmnZDcOwRYKzxWhbr5Jaxxjhp0cRvsI40iOQJdZyGBJb_mcf0ZjzNRGD,tpp,2,0,1,0,169.043381,243,1,AS524902,385.555,13,31
279,2017-12-28T09:30:48+0000,48,2U4GBNA0YmnZDcOwRYKzxWhbr5Jaxxjhp0cRvsI40iOQJdZyGBJb_mcf0ZjzNRGD,tpp,2,0,1,3083.15137,1750.87537,251,2,erbudongwobudong,1491.952,18,9
280,2017-12-28T09:30:48+0000,48,2U4GBNA0YmnZDcOwRYKzxWhbr5Jaxxjhp0cRvsI40iOQJdZyGBJb_mcf0ZjzNRGD,tpp,2,0,2,3016.23438,2113.936,297,4,AK-MuX,1491.955,18,9
281,2017-12-28T09:30:48+0000,48,2U4GBNA0YmnZDcOwRYKzxWhbr5Jaxxjhp0cRvsI40iOQJdZyGBJb_mcf0ZjzNRGD,tpp,2,0,0,0,429.9955,55,0,qq1464322345,319.822,26,18
282,2017-12-28T09:30:48+0000,48,2U4GBNA0YmnZDcOwRYKzxWhbr5Jaxxjhp0cRvsI40iOQJdZyGBJb_mcf0ZjzNRGD,tpp,2,0,1,3062.85962,2689.41626,217,1,abinbinqiang,1055.125,26,18
283,2017-12-28T09:30:48+0000,48,2U4GBNA0YmnZDcOwRYKzxWhbr5Jaxxjhp0cRvsI40iOQJdZyGBJb_mcf0ZjzNRGD,tpp,2,0,2,0,384.521759,221,2,CAESA_T,435.122,33,30
284,2017-12-28T09:30:48+0000,48,2U4GBNA0YmnZDcOwRYKzxWhbr5Jaxxjhp0cRvsI40iOQJdZyGBJb_mcf0ZjzNRGD,tpp,2,0,0,0,10.0521259,0,0,Seesea_Cc,108.685,33,30
285,2017-12-28T09:30:48+0000,48,2U4GBNA0YmnZDcOwRYKzxWhbr5Jaxxjhp0cRvsI40iOQJdZyGBJb_mcf0ZjzNRGD,tpp,2,0,0,2074.86963,1678.1416,0,0,xiaofeng27,1018.656,37,19
286,2017-12-28T09:30:48+0000,48,2U4GBNA0YmnZDcOwRYKzxWhbr5Jaxxjhp0cRvsI40iOQJdZyGBJb_mcf0ZjzNRGD,tpp,2,0,0,2105.4082,895.2416,209,1,cancancancan,1018.658,37,19
287,2017-12-28T09:30:48+0000,48,2U4GBNA0YmnZDcOwRYKzxWhbr5Jaxxjhp0cRvsI40iOQJdZyGBJb_mcf0ZjzNRGD,tpp,2,0,0,0,195.048523,144,1,huibao52012,177.421,44,44
288,2017-12-28T09:30:48+0000,48,2U4GBNA0YmnZDcOwRYKzxWhbr5Jaxxjhp0cRvsI40iOQJdZyGBJb_mcf0ZjzNRGD,tpp,2,0,0,0,46.1657028,0,0,pingpingc,166.871,44,44
289,2017-12-28T09:30:48+0000,48,2U4GBNA0YmnZDcOwRYKzxWhbr5Jaxxjhp0cRvsI40iOQJdZyGBJb_mcf0ZjzNRGD,tpp,2,0,2,0,273.0916,200,0,FeiMiao-CC,305.775,46,35
290,2017-12-28T09:30:48+0000,48,2U4GBNA0YmnZDcOwRYKzxWhbr5Jaxxjhp0cRvsI40iOQJdZyGBJb_mcf0ZjzNRGD,tpp,2,1,0,0,148.218124,8,0,zlyemmm,247.997,49,40
291,2017-12-28T09:30:48+0000,48,2U4GBNA0YmnZDcOwRYKzxWhbr5Jaxxjhp0cRvsI40iOQJdZyGBJb_mcf0ZjzNRGD,tpp,2,0,0,0,191.3679,136,1,yigegouzei233,247.993,49,40
292,2017-12-28T09:30:48+0000,48,2U4GBNA0YmnZDcOwRYKzxWhbr5Jaxxjhp0cRvsI40iOQJdZyGBJb_mcf0ZjzNRGD,tpp,2,2,1,47.1713562,5146.351,405,2,TheSexy1,1826.289,9,1
293,2017-12-28T09:30:48+0000,48,2U4GBNA0YmnZDcOwRYKzxWhbr5Jaxxjhp0cRvsI40iOQJdZyGBJb_mcf0ZjzNRGD,tpp,2,0,2,0,4895.209,535,7,ConnorDaWhiteBoy,1826.289,9,1
294,2017-12-28T09:30:48+0000,48,2U4GBNA0YmnZDcOwRYKzxWhbr5Jaxxjhp0cRvsI40iOQJdZyGBJb_mcf0ZjzNRGD,tpp,2,0,0,0,131.453766,0,0,SA_Doom,194.308,17,43
295,2017-12-28T09:30:48+0000,48,2U4GBNA0YmnZDcOwRYKzxWhbr5Jaxxjhp0cRvsI40iOQJdZyGBJb_mcf0ZjzNRGD,tpp,2,0,1,0,235.4807,100,1,CAPTAIN_Patrick,194.311,17,43
296,2017-12-28T09:30:48+0000,48,2U4GBNA0YmnZDcOwRYKzxWhbr5Jaxxjhp0cRvsI40iOQJdZyGBJb_mcf0ZjzNRGD,tpp,2,1,1,0,2996.50122,455,3,baizheruisb,1487.524,19,10
297,2017-12-28T09:30:48+0000,48,2U4GBNA0YmnZDcOwRYKzxWhbr5Jaxxjhp0cRvsI40iOQJdZyGBJb_mcf0ZjzNRGD,tpp,2,0,0,0,2707.48853,234,1,Townsend-,1448.546,19,10
298,2017-12-28T09:30:48+0000,48,2U4GBNA0YmnZDcOwRYKzxWhbr5Jaxxjhp0cRvsI40iOQJdZyGBJb_mcf0ZjzNRGD,tpp,2,0,0,2799.162,2061.613,195,2,Tomwillbetom,1826.146,20,2
299,2017-12-28T09:30:48+0000,48,2U4GBNA0YmnZDcOwRYKzxWhbr5Jaxxjhp0cRvsI40iOQJdZyGBJb_mcf0ZjzNRGD,tpp,2,2,1,3485.85229,2583.211,274,1,Tazmily,1826.148,20,2
300,2017-12-28T09:30:48+0000,48,2U4GBNA0YmnZDcOwRYKzxWhbr5Jaxxjhp0cRvsI40iOQJdZyGBJb_mcf0ZjzNRGD,tpp,2,0,0,969.378,191.981918,154,1,o__Henry__o,227.415,21,39
301,2017-12-28T09:30:48+0000,48,2U4GBNA0YmnZDcOwRYKzxWhbr5Jaxxjhp0cRvsI40iOQJdZyGBJb_mcf0ZjzNRGD,tpp,2,0,0,837.5444,309.407684,0,0,III_Ghost_III,282.942,21,39
302,2017-12-28T09:30:48+0000,48,2U4GBNA0YmnZDcOwRYKzxWhbr5Jaxxjhp0cRvsI40iOQJdZyGBJb_mcf0ZjzNRGD,tpp,2,0,0,0,311.7439,0,0,simple741,463.649,23,27
303,2017-12-28T09:30:48+0000,48,2U4GBNA0YmnZDcOwRYKzxWhbr5Jaxxjhp0cRvsI40iOQJdZyGBJb_mcf0ZjzNRGD,tpp,2,0,0,0.879026055,279.981934,81,0,Michael168,463.645,23,27
304,2017-12-28T09:30:48+0000,48,2U4GBNA0YmnZDcOwRYKzxWhbr5Jaxxjhp0cRvsI40iOQJdZyGBJb_mcf0ZjzNRGD,tpp,2,0,0,1809.3125,3402.72314,26,0,afterwedie,1307.796,27,14
305,2017-12-28T09:30:48+0000,48,2U4GBNA0YmnZDcOwRYKzxWhbr5Jaxxjhp0cRvsI40iOQJdZyGBJb_mcf0ZjzNRGD,tpp,2,0,0,0,817.000732,0,0,LFNTF,369.891,27,14
306,2017-12-28T09:30:48+0000,48,2U4GBNA0YmnZDcOwRYKzxWhbr5Jaxxjhp0cRvsI40iOQJdZyGBJb_mcf0ZjzNRGD,tpp,2,0,3,0,297.011841,428,2,Vibeslit,454.693,29,28
307,2017-12-28T09:30:48+0000,48,2U4GBNA0YmnZDcOwRYKzxWhbr5Jaxxjhp0cRvsI40iOQJdZyGBJb_mcf0ZjzNRGD,tpp,2,0,0,0,207.368362,0,0,Zhang_wan_lu123,192.878,29,28
308,2017-12-28T09:30:48+0000,48,2U4GBNA0YmnZDcOwRYKzxWhbr5Jaxxjhp0cRvsI40iOQJdZyGBJb_mcf0ZjzNRGD,tpp,2,0,1,1970.703,954.9163,164,2,LLInuJIuT,529.77,36,25
309,2017-12-28T09:30:48+0000,48,2U4GBNA0YmnZDcOwRYKzxWhbr5Jaxxjhp0cRvsI40iOQJdZyGBJb_mcf0ZjzNRGD,tpp,2,0,0,0,60.3935928,0,0,BIPBIPIMJEEP,173.677,36,25
310,2017-12-28T09:30:48+0000,48,2U4GBNA0YmnZDcOwRYKzxWhbr5Jaxxjhp0cRvsI40iOQJdZyGBJb_mcf0ZjzNRGD,tpp,2,0,0,0,24.85219,0,0,TiredLu,114.417,39,48
311,2017-12-28T09:30:48+0000,48,2U4GBNA0YmnZDcOwRYKzxWhbr5Jaxxjhp0cRvsI40iOQJdZyGBJb_mcf0ZjzNRGD,tpp,2,0,0,0,983.0847,205,2,chijijiushigan,1163.44,43,15
312,2017-12-28T09:30:48+0000,48,2U4GBNA0YmnZDcOwRYKzxWhbr5Jaxxjhp0cRvsI40iOQJdZyGBJb_mcf0ZjzNRGD,tpp,2,0,2,0,237.9963,200,2,Libra-JSG,301.932,43,15
313,2017-12-28T09:30:48+0000,48,2U4GBNA0YmnZDcOwRYKzxWhbr5Jaxxjhp0cRvsI40iOQJdZyGBJb_mcf0ZjzNRGD,tpp,2,0,0,0,251.038559,75,0,zhangzhijia1314,285.903,25,38
314,2017-12-28T09:30:48+0000,48,2U4GBNA0YmnZDcOwRYKzxWhbr5Jaxxjhp0cRvsI40iOQJdZyGBJb_mcf0ZjzNRGD,tpp,2,0,1,0,226.088028,200,2,xiamao1,285.9,25,38
315,2017-12-28T09:30:48+0000,48,2U4GBNA0YmnZDcOwRYKzxWhbr5Jaxxjhp0cRvsI40iOQJdZyGBJb_mcf0ZjzNRGD,tpp,2,0,1,1113.75122,1421.86487,109,0,Zytx2,599.961,35,24
316,2017-12-28T09:30:48+0000,48,2U4GBNA0YmnZDcOwRYKzxWhbr5Jaxxjhp0cRvsI40iOQJdZyGBJb_mcf0ZjzNRGD,tpp,2,0,0,1120.45544,1372.77563,9,0,vandark2,599.963,35,24
317,2017-12-28T09:30:48+0000,48,2U4GBNA0YmnZDcOwRYKzxWhbr5Jaxxjhp0cRvsI40iOQJdZyGBJb_mcf0ZjzNRGD,tpp,2,0,1,1509.6,708.2317,38,0,Amaniseven,435.806,40,29
318,2017-12-28T09:30:48+0000,48,2U4GBNA0YmnZDcOwRYKzxWhbr5Jaxxjhp0cRvsI40iOQJdZyGBJb_mcf0ZjzNRGD,tpp,2,0,0,1.7260226,2075.74634,87,0,jidahi111,437.22,40,29
319,2017-12-11T22:02:39+0000,24,2U4GBNA0YmnmvI29GR080nJ5U4oZyrJ2kJqz7BeQrwDdx68BbncOZ_5DnysRn2Ca,tpp,4,3,6,6717.846,2822.98462,1116,9,Toronto_Edision,1767.087,3,1
320,2017-12-11T22:02:39+0000,24,2U4GBNA0YmnmvI29GR080nJ5U4oZyrJ2kJqz7BeQrwDdx68BbncOZ_5DnysRn2Ca,tpp,4,1,7,5149.789,2578.48535,1059,9,Toronto_JackMa,1767.087,3,1
321,2017-12-11T22:02:39+0000,24,2U4GBNA0YmnmvI29GR080nJ5U4oZyrJ2kJqz7BeQrwDdx68BbncOZ_5DnysRn2Ca,tpp,4,3,0,4.18951654,1955.26746,201,0,Ok3yDok3y,1767.087,3,1
322,2017-12-11T22:02:39+0000,24,2U4GBNA0YmnmvI29GR080nJ5U4oZyrJ2kJqz7BeQrwDdx68BbncOZ_5DnysRn2Ca,tpp,4,1,0,0,2610.36841,54,0,LpeidonG,905.129,4,10
323,2017-12-11T22:02:39+0000,24,2U4GBNA0YmnmvI29GR080nJ5U4oZyrJ2kJqz7BeQrwDdx68BbncOZ_5DnysRn2Ca,tpp,4,0,2,0,3058.31,178,2,WULEQI,905.125,4,10
324,2017-12-11T22:02:39+0000,24,2U4GBNA0YmnmvI29GR080nJ5U4oZyrJ2kJqz7BeQrwDdx68BbncOZ_5DnysRn2Ca,tpp,4,0,0,0,9.204958,0,0,Black-pheasant,124.769,4,10
325,2017-12-11T22:02:39+0000,24,2U4GBNA0YmnmvI29GR080nJ5U4oZyrJ2kJqz7BeQrwDdx68BbncOZ_5DnysRn2Ca,tpp,4,0,1,0,2932.24585,71,2,yvjingqi,905.121,4,10
326,2017-12-11T22:02:39+0000,24,2U4GBNA0YmnmvI29GR080nJ5U4oZyrJ2kJqz7BeQrwDdx68BbncOZ_5DnysRn2Ca,tpp,4,1,0,0,5.048468,37,0,this-is-my-ign,97.515,6,24
327,2017-12-11T22:02:39+0000,24,2U4GBNA0YmnmvI29GR080nJ5U4oZyrJ2kJqz7BeQrwDdx68BbncOZ_5DnysRn2Ca,tpp,4,0,1,0,97.5634155,122,1,Aventador_ss,129.642,6,24
328,2017-12-11T22:02:39+0000,24,2U4GBNA0YmnmvI29GR080nJ5U4oZyrJ2kJqz7BeQrwDdx68BbncOZ_5DnysRn2Ca,tpp,4,0,0,0,12.9169436,9,0,CL1127,91.23,6,24
329,2017-12-11T22:02:39+0000,24,2U4GBNA0YmnmvI29GR080nJ5U4oZyrJ2kJqz7BeQrwDdx68BbncOZ_5DnysRn2Ca,tpp,4,1,4,3212.7793,2151.378,430,3,Axuyan666,1379.618,7,7
330,2017-12-11T22:02:39+0000,24,2U4GBNA0YmnmvI29GR080nJ5U4oZyrJ2kJqz7BeQrwDdx68BbncOZ_5DnysRn2Ca,tpp,4,0,0,0,777.455933,0,0,98KWWMM,570.252,7,7
331,2017-12-11T22:02:39+0000,24,2U4GBNA0YmnmvI29GR080nJ5U4oZyrJ2kJqz7BeQrwDdx68BbncOZ_5DnysRn2Ca,tpp,4,1,0,3963.4187,1507.27979,33,1,zj9206,1379.613,7,7
332,2017-12-11T22:02:39+0000,24,2U4GBNA0YmnmvI29GR080nJ5U4oZyrJ2kJqz7BeQrwDdx68BbncOZ_5DnysRn2Ca,tpp,4,2,0,0,864.530457,95,0,ONELEY,576.859,7,7
333,2017-12-11T22:02:39+0000,24,2U4GBNA0YmnmvI29GR080nJ5U4oZyrJ2kJqz7BeQrwDdx68BbncOZ_5DnysRn2Ca,tpp,4,0,2,0,650.5643,519,6,kevinsleepy,344.131,11,15
334,2017-12-11T22:02:39+0000,24,2U4GBNA0YmnmvI29GR080nJ5U4oZyrJ2kJqz7BeQrwDdx68BbncOZ_5DnysRn2Ca,tpp,4,1,3,0,723.841248,316,2,wadech,487.614,11,15
335,2017-12-11T22:02:39+0000,24,2U4GBNA0YmnmvI29GR080nJ5U4oZyrJ2kJqz7BeQrwDdx68BbncOZ_5DnysRn2Ca,tpp,4,0,0,0,45.2031631,0,0,Layout4it,149.075,11,15
336,2017-12-11T22:02:39+0000,24,2U4GBNA0YmnmvI29GR080nJ5U4oZyrJ2kJqz7BeQrwDdx68BbncOZ_5DnysRn2Ca,tpp,4,0,1,0,597.373962,125,1,InfinityandWon,420.269,11,15
337,2017-12-11T22:02:39+0000,24,2U4GBNA0YmnmvI29GR080nJ5U4oZyrJ2kJqz7BeQrwDdx68BbncOZ_5DnysRn2Ca,tpp,4,0,1,0,172.495392,128,1,MasiiGug,231.293,14,18
338,2017-12-11T22:02:39+0000,24,2U4GBNA0YmnmvI29GR080nJ5U4oZyrJ2kJqz7BeQrwDdx68BbncOZ_5DnysRn2Ca,tpp,4,0,0,0,41.3232727,48,0,RobbinPannnnn,111.043,14,18
339,2017-12-11T22:02:39+0000,24,2U4GBNA0YmnmvI29GR080nJ5U4oZyrJ2kJqz7BeQrwDdx68BbncOZ_5DnysRn2Ca,tpp,4,0,0,0,53.9646645,0,0,battle-grounds-,126.475,14,18
340,2017-12-11T22:02:39+0000,24,2U4GBNA0YmnmvI29GR080nJ5U4oZyrJ2kJqz7BeQrwDdx68BbncOZ_5DnysRn2Ca,tpp,4,0,0,0,55.29986,0,0,Seventh_Snow,414.455,16,16
341,2017-12-11T22:02:39+0000,24,2U4GBNA0YmnmvI29GR080nJ5U4oZyrJ2kJqz7BeQrwDdx68BbncOZ_5DnysRn2Ca,tpp,4,1,0,0,94.96756,58,0,ashdark,216.629,16,16
342,2017-12-11T22:02:39+0000,24,2U4GBNA0YmnmvI29GR080nJ5U4oZyrJ2kJqz7BeQrwDdx68BbncOZ_5DnysRn2Ca,tpp,4,0,2,0,214.650482,165,2,xlw01,422.643,16,16
343,2017-12-11T22:02:39+0000,24,2U4GBNA0YmnmvI29GR080nJ5U4oZyrJ2kJqz7BeQrwDdx68BbncOZ_5DnysRn2Ca,tpp,4,0,0,0,165.60144,0,0,HetKwaad,276.53,16,16
344,2017-12-11T22:02:39+0000,24,2U4GBNA0YmnmvI29GR080nJ5U4oZyrJ2kJqz7BeQrwDdx68BbncOZ_5DnysRn2Ca,tpp,4,0,0,0,2829.28687,20,0,Alloreloves,1573.808,21,3
345,2017-12-11T22:02:39+0000,24,2U4GBNA0YmnmvI29GR080nJ5U4oZyrJ2kJqz7BeQrwDdx68BbncOZ_5DnysRn2Ca,tpp,4,0,0,0,778.238647,0,0,Huya-BiuDeFuo,916.878,21,3
346,2017-12-11T22:02:39+0000,24,2U4GBNA0YmnmvI29GR080nJ5U4oZyrJ2kJqz7BeQrwDdx68BbncOZ_5DnysRn2Ca,tpp,4,0,2,0,2904.86743,135,1,Nikommm,1725.285,21,3
347,2017-12-11T22:02:39+0000,24,2U4GBNA0YmnmvI29GR080nJ5U4oZyrJ2kJqz7BeQrwDdx68BbncOZ_5DnysRn2Ca,tpp,4,1,0,0,4312.90771,104,1,ConstantinePaPa,1725.281,21,3
348,2017-12-11T22:02:39+0000,24,2U4GBNA0YmnmvI29GR080nJ5U4oZyrJ2kJqz7BeQrwDdx68BbncOZ_5DnysRn2Ca,tpp,4,0,0,0,431.852539,0,0,pssixing,536.918,22,13
349,2017-12-11T22:02:39+0000,24,2U4GBNA0YmnmvI29GR080nJ5U4oZyrJ2kJqz7BeQrwDdx68BbncOZ_5DnysRn2Ca,tpp,4,0,2,0,781.7394,197,2,hswk-NO3,579.619,22,13
350,2017-12-11T22:02:39+0000,24,2U4GBNA0YmnmvI29GR080nJ5U4oZyrJ2kJqz7BeQrwDdx68BbncOZ_5DnysRn2Ca,tpp,4,0,0,0,268.5225,52,0,SUgeFUCK,325.574,22,13
351,2017-12-11T22:02:39+0000,24,2U4GBNA0YmnmvI29GR080nJ5U4oZyrJ2kJqz7BeQrwDdx68BbncOZ_5DnysRn2Ca,tpp,4,0,0,0,47.08241,0,0,NERVSE,200.132,22,13
352,2017-12-11T22:02:39+0000,24,2U4GBNA0YmnmvI29GR080nJ5U4oZyrJ2kJqz7BeQrwDdx68BbncOZ_5DnysRn2Ca,tpp,4,0,0,0,29.7570744,0,0,Rayol,131.101,23,17
353,2017-12-11T22:02:39+0000,24,2U4GBNA0YmnmvI29GR080nJ5U4oZyrJ2kJqz7BeQrwDdx68BbncOZ_5DnysRn2Ca,tpp,4,0,0,0,568.4983,0,0,chengsha,271.615,23,17
354,2017-12-11T22:02:39+0000,24,2U4GBNA0YmnmvI29GR080nJ5U4oZyrJ2kJqz7BeQrwDdx68BbncOZ_5DnysRn2Ca,tpp,4,0,0,0,431.36087,0,0,Coco-V5,267.731,23,17
355,2017-12-11T22:02:39+0000,24,2U4GBNA0YmnmvI29GR080nJ5U4oZyrJ2kJqz7BeQrwDdx68BbncOZ_5DnysRn2Ca,tpp,4,0,0,0,615.3822,58,0,Ziku0ok,302.18,23,17
356,2017-12-11T22:02:39+0000,24,2U4GBNA0YmnmvI29GR080nJ5U4oZyrJ2kJqz7BeQrwDdx68BbncOZ_5DnysRn2Ca,tpp,4,0,0,1032.57263,2881.92822,39,0,0470tv,1254.983,24,8
357,2017-12-11T22:02:39+0000,24,2U4GBNA0YmnmvI29GR080nJ5U4oZyrJ2kJqz7BeQrwDdx68BbncOZ_5DnysRn2Ca,tpp,4,0,1,1382.12219,2664.79663,72,0,3A87Hui,1238.702,24,8
358,2017-12-11T22:02:39+0000,24,2U4GBNA0YmnmvI29GR080nJ5U4oZyrJ2kJqz7BeQrwDdx68BbncOZ_5DnysRn2Ca,tpp,4,0,2,1122.50818,2895.97241,390,0,Male-deity,1272.756,24,8
359,2017-12-11T22:02:39+0000,24,2U4GBNA0YmnmvI29GR080nJ5U4oZyrJ2kJqz7BeQrwDdx68BbncOZ_5DnysRn2Ca,tpp,4,0,1,2316.31665,2841.56,22,0,Wentao95k,1272.753,24,8
360,2017-12-11T22:02:39+0000,24,2U4GBNA0YmnmvI29GR080nJ5U4oZyrJ2kJqz7BeQrwDdx68BbncOZ_5DnysRn2Ca,tpp,4,0,0,0,11.5137072,0,0,NandoNK,168.366,26,22
361,2017-12-11T22:02:39+0000,24,2U4GBNA0YmnmvI29GR080nJ5U4oZyrJ2kJqz7BeQrwDdx68BbncOZ_5DnysRn2Ca,tpp,4,0,1,0,31.9973984,175,1,JdTRolls2310,156.886,26,22
362,2017-12-11T22:02:39+0000,24,2U4GBNA0YmnmvI29GR080nJ5U4oZyrJ2kJqz7BeQrwDdx68BbncOZ_5DnysRn2Ca,tpp,4,0,0,0,61.8856,0,0,XBL4DEX,109.239,26,22
363,2017-12-11T22:02:39+0000,24,2U4GBNA0YmnmvI29GR080nJ5U4oZyrJ2kJqz7BeQrwDdx68BbncOZ_5DnysRn2Ca,tpp,4,0,2,3218.72583,889.9777,179,1,yjzh01,393.235,27,12
364,2017-12-11T22:02:39+0000,24,2U4GBNA0YmnmvI29GR080nJ5U4oZyrJ2kJqz7BeQrwDdx68BbncOZ_5DnysRn2Ca,tpp,4,0,0,4963.553,358.734283,7,0,xiaoss-k,485.193,27,12
365,2017-12-11T22:02:39+0000,24,2U4GBNA0YmnmvI29GR080nJ5U4oZyrJ2kJqz7BeQrwDdx68BbncOZ_5DnysRn2Ca,tpp,4,0,0,3992.932,202.049164,11,0,UUKKAAC,452.576,27,12
366,2017-12-11T22:02:39+0000,24,2U4GBNA0YmnmvI29GR080nJ5U4oZyrJ2kJqz7BeQrwDdx68BbncOZ_5DnysRn2Ca,tpp,4,0,0,1944.87683,1209.201,1,0,conglulu,753.441,27,12
367,2017-12-11T22:02:39+0000,24,2U4GBNA0YmnmvI29GR080nJ5U4oZyrJ2kJqz7BeQrwDdx68BbncOZ_5DnysRn2Ca,tpp,4,0,1,0,218.8409,88,0,1648117476,224.189,1,11
368,2017-12-11T22:02:39+0000,24,2U4GBNA0YmnmvI29GR080nJ5U4oZyrJ2kJqz7BeQrwDdx68BbncOZ_5DnysRn2Ca,tpp,4,0,0,240.899475,1721.00439,0,0,Samiry,860.784,1,11
369,2017-12-11T22:02:39+0000,24,2U4GBNA0YmnmvI29GR080nJ5U4oZyrJ2kJqz7BeQrwDdx68BbncOZ_5DnysRn2Ca,tpp,4,0,0,238.861755,1654.97412,0,0,dzonezzz,860.778,1,11
370,2017-12-11T22:02:39+0000,24,2U4GBNA0YmnmvI29GR080nJ5U4oZyrJ2kJqz7BeQrwDdx68BbncOZ_5DnysRn2Ca,tpp,4,0,0,2646.44,467.710541,8,0,Yqhp-007,388.049,1,11
371,2017-12-11T22:02:39+0000,24,2U4GBNA0YmnmvI29GR080nJ5U4oZyrJ2kJqz7BeQrwDdx68BbncOZ_5DnysRn2Ca,tpp,4,0,0,1402.75073,619.3042,10,0,Yonghaoturn,1073.863,5,10
372,2017-12-11T22:02:39+0000,24,2U4GBNA0YmnmvI29GR080nJ5U4oZyrJ2kJqz7BeQrwDdx68BbncOZ_5DnysRn2Ca,tpp,4,0,0,1323.272,729.4772,0,0,mooools,537.577,5,10
373,2017-12-11T22:02:39+0000,24,2U4GBNA0YmnmvI29GR080nJ5U4oZyrJ2kJqz7BeQrwDdx68BbncOZ_5DnysRn2Ca,tpp,4,0,0,1434.94128,609.217957,53,0,zhangjie899,514.84,5,10
374,2017-12-11T22:02:39+0000,24,2U4GBNA0YmnmvI29GR080nJ5U4oZyrJ2kJqz7BeQrwDdx68BbncOZ_5DnysRn2Ca,tpp,4,0,0,1230.02966,500.1385,0,0,BiRun_ZHou,488.994,5,10
375,2017-12-11T22:02:39+0000,24,2U4GBNA0YmnmvI29GR080nJ5U4oZyrJ2kJqz7BeQrwDdx68BbncOZ_5DnysRn2Ca,tpp,4,1,1,0,225.305954,175,1,XYG233_,226.948,8,14
376,2017-12-11T22:02:39+0000,24,2U4GBNA0YmnmvI29GR080nJ5U4oZyrJ2kJqz7BeQrwDdx68BbncOZ_5DnysRn2Ca,tpp,4,0,2,0,410.236938,224,2,Sgr___c,546.184,8,14
377,2017-12-11T22:02:39+0000,24,2U4GBNA0YmnmvI29GR080nJ5U4oZyrJ2kJqz7BeQrwDdx68BbncOZ_5DnysRn2Ca,tpp,4,1,1,0,536.412842,100,0,Chengdusoloking,546.181,8,14
378,2017-12-11T22:02:39+0000,24,2U4GBNA0YmnmvI29GR080nJ5U4oZyrJ2kJqz7BeQrwDdx68BbncOZ_5DnysRn2Ca,tpp,4,0,1,0,383.686646,56,1,wrlnnmdzz,420.4,8,14
379,2017-12-11T22:02:39+0000,24,2U4GBNA0YmnmvI29GR080nJ5U4oZyrJ2kJqz7BeQrwDdx68BbncOZ_5DnysRn2Ca,tpp,4,0,1,0,86.74007,100,1,GuanTouJudiao,159.143,10,22
380,2017-12-11T22:02:39+0000,24,2U4GBNA0YmnmvI29GR080nJ5U4oZyrJ2kJqz7BeQrwDdx68BbncOZ_5DnysRn2Ca,tpp,4,0,0,0,17.8384686,0,0,Benjamiu,117.845,10,22
381,2017-12-11T22:02:39+0000,24,2U4GBNA0YmnmvI29GR080nJ5U4oZyrJ2kJqz7BeQrwDdx68BbncOZ_5DnysRn2Ca,tpp,4,0,0,0,87.05555,45,0,aichiji123,129.031,10,22
382,2017-12-11T22:02:39+0000,24,2U4GBNA0YmnmvI29GR080nJ5U4oZyrJ2kJqz7BeQrwDdx68BbncOZ_5DnysRn2Ca,tpp,4,0,0,0,671.3899,0,0,wzytxwd112233,398.855,13,4
383,2017-12-11T22:02:39+0000,24,2U4GBNA0YmnmvI29GR080nJ5U4oZyrJ2kJqz7BeQrwDdx68BbncOZ_5DnysRn2Ca,tpp,4,1,4,4967.749,1799.90027,344,3,CutMeng,1686.689,13,4
384,2017-12-11T22:02:39+0000,24,2U4GBNA0YmnmvI29GR080nJ5U4oZyrJ2kJqz7BeQrwDdx68BbncOZ_5DnysRn2Ca,tpp,4,0,1,5194.445,1971.46838,142,1,BOMMZA,1686.686,13,4
385,2017-12-11T22:02:39+0000,24,2U4GBNA0YmnmvI29GR080nJ5U4oZyrJ2kJqz7BeQrwDdx68BbncOZ_5DnysRn2Ca,tpp,4,2,0,6234.761,1619.87219,168,1,Jong1cm,1688.669,13,4
386,2017-12-11T22:02:39+0000,24,2U4GBNA0YmnmvI29GR080nJ5U4oZyrJ2kJqz7BeQrwDdx68BbncOZ_5DnysRn2Ca,tpp,4,1,2,2762.414,3014.18457,129,2,sortiedog,1766.942,18,2
387,2017-12-11T22:02:39+0000,24,2U4GBNA0YmnmvI29GR080nJ5U4oZyrJ2kJqz7BeQrwDdx68BbncOZ_5DnysRn2Ca,tpp,4,3,0,2410.26855,2787.97461,176,0,YUNGNIGE,1761.981,18,2
388,2017-12-11T22:02:39+0000,24,2U4GBNA0YmnmvI29GR080nJ5U4oZyrJ2kJqz7BeQrwDdx68BbncOZ_5DnysRn2Ca,tpp,4,1,1,2718.57275,2480.80664,200,1,ImSakamoto,1766.954,18,2
389,2017-12-11T22:02:39+0000,24,2U4GBNA0YmnmvI29GR080nJ5U4oZyrJ2kJqz7BeQrwDdx68BbncOZ_5DnysRn2Ca,tpp,4,0,2,1927.44714,3592.56836,111,2,EncoreOnceMore,1766.948,18,2
390,2017-12-11T22:02:39+0000,24,2U4GBNA0YmnmvI29GR080nJ5U4oZyrJ2kJqz7BeQrwDdx68BbncOZ_5DnysRn2Ca,tpp,4,0,2,4031.10718,2716.37183,119,0,sooy_xiii,1665.962,19,5
391,2017-12-11T22:02:39+0000,24,2U4GBNA0YmnmvI29GR080nJ5U4oZyrJ2kJqz7BeQrwDdx68BbncOZ_5DnysRn2Ca,tpp,4,1,1,4142.785,3595.74878,565,3,KSuWis2,1655.828,19,5
392,2017-12-11T22:02:39+0000,24,2U4GBNA0YmnmvI29GR080nJ5U4oZyrJ2kJqz7BeQrwDdx68BbncOZ_5DnysRn2Ca,tpp,4,0,4,2369.39673,2870.671,405,4,PiaoJiyuan,1642.481,19,5
393,2017-12-11T22:02:39+0000,24,2U4GBNA0YmnmvI29GR080nJ5U4oZyrJ2kJqz7BeQrwDdx68BbncOZ_5DnysRn2Ca,tpp,4,0,0,0,20.99421,17,0,ryderxd,112.708,28,23
394,2017-12-11T22:02:39+0000,24,2U4GBNA0YmnmvI29GR080nJ5U4oZyrJ2kJqz7BeQrwDdx68BbncOZ_5DnysRn2Ca,tpp,4,1,3,0,126.298492,209,1,finchy-,146.876,28,23
395,2017-12-11T22:02:39+0000,24,2U4GBNA0YmnmvI29GR080nJ5U4oZyrJ2kJqz7BeQrwDdx68BbncOZ_5DnysRn2Ca,tpp,4,0,1,0,15.5441732,161,1,CrispyDaddy,107.178,28,23
396,2017-12-11T22:02:39+0000,24,2U4GBNA0YmnmvI29GR080nJ5U4oZyrJ2kJqz7BeQrwDdx68BbncOZ_5DnysRn2Ca,tpp,4,0,0,0,0,0,0,XxGeorge21xX,174.132,2,24
397,2017-12-11T22:02:39+0000,24,2U4GBNA0YmnmvI29GR080nJ5U4oZyrJ2kJqz7BeQrwDdx68BbncOZ_5DnysRn2Ca,tpp,4,0,0,0,0,0,0,Jiahua18,174.136,2,24
398,2017-12-11T22:02:39+0000,24,2U4GBNA0YmnmvI29GR080nJ5U4oZyrJ2kJqz7BeQrwDdx68BbncOZ_5DnysRn2Ca,tpp,4,0,0,0,157.2468,0,0,Sssmer,181.494,12,19
399,2017-12-11T22:02:39+0000,24,2U4GBNA0YmnmvI29GR080nJ5U4oZyrJ2kJqz7BeQrwDdx68BbncOZ_5DnysRn2Ca,tpp,4,0,0,0,285.804,0,0,PLMS,181.49,12,19
400,2017-12-11T22:02:39+0000,24,2U4GBNA0YmnmvI29GR080nJ5U4oZyrJ2kJqz7BeQrwDdx68BbncOZ_5DnysRn2Ca,tpp,4,0,0,0,30.4904881,0,0,EXCELLENT6,104.777,12,19
401,2017-12-11T22:02:39+0000,24,2U4GBNA0YmnmvI29GR080nJ5U4oZyrJ2kJqz7BeQrwDdx68BbncOZ_5DnysRn2Ca,tpp,4,1,4,2264.96069,1334.78333,545,4,chaa33,1597.075,17,6
402,2018-01-07T03:45:01+0000,47,2U4GBNA0YmnLSqvEycnTjo-KT000vfUnhSA2vfVhVPe1QBwCTNTBJ5B_1Ocel6nY,tpp,2,0,1,391.711945,57.9005,100,0,KCannon98,158.216,6,33
403,2018-01-07T03:45:01+0000,47,2U4GBNA0YmnLSqvEycnTjo-KT000vfUnhSA2vfVhVPe1QBwCTNTBJ5B_1Ocel6nY,tpp,2,0,1,0,364.937622,75,1,X3evolution,193.887,6,33
404,2018-01-07T03:45:01+0000,47,2U4GBNA0YmnLSqvEycnTjo-KT000vfUnhSA2vfVhVPe1QBwCTNTBJ5B_1Ocel6nY,tpp,2,1,0,0,3843.14,51,0,Kroy2005,1539.123,7,6
405,2018-01-07T03:45:01+0000,47,2U4GBNA0YmnLSqvEycnTjo-KT000vfUnhSA2vfVhVPe1QBwCTNTBJ5B_1Ocel6nY,tpp,2,0,1,0,4047.42554,156,2,IdiotWHJ,1559.906,7,6
406,2018-01-07T03:45:01+0000,47,2U4GBNA0YmnLSqvEycnTjo-KT000vfUnhSA2vfVhVPe1QBwCTNTBJ5B_1Ocel6nY,tpp,2,0,0,0,162.5079,0,0,Thee_Milk_Man,247.826,10,23
407,2018-01-07T03:45:01+0000,47,2U4GBNA0YmnLSqvEycnTjo-KT000vfUnhSA2vfVhVPe1QBwCTNTBJ5B_1Ocel6nY,tpp,2,0,1,0,257.125366,313,3,WalrusInHeat,406.72,10,23
408,2018-01-07T03:45:01+0000,47,2U4GBNA0YmnLSqvEycnTjo-KT000vfUnhSA2vfVhVPe1QBwCTNTBJ5B_1Ocel6nY,tpp,2,0,0,0,69.8615952,0,0,BNOISE,137.168,12,38
409,2018-01-07T03:45:01+0000,47,2U4GBNA0YmnLSqvEycnTjo-KT000vfUnhSA2vfVhVPe1QBwCTNTBJ5B_1Ocel6nY,tpp,2,0,0,0,15.5306978,47,0,BigBeefyy,111.271,12,38
410,2018-01-07T03:45:01+0000,47,2U4GBNA0YmnLSqvEycnTjo-KT000vfUnhSA2vfVhVPe1QBwCTNTBJ5B_1Ocel6nY,tpp,2,0,0,3792.11523,2298.72949,75,1,Solayuki1,1244.636,14,9
411,2018-01-07T03:45:01+0000,47,2U4GBNA0YmnLSqvEycnTjo-KT000vfUnhSA2vfVhVPe1QBwCTNTBJ5B_1Ocel6nY,tpp,2,0,1,4287.497,1924.98364,111,1,Weirdo7777,1244.531,14,9
412,2018-01-07T03:45:01+0000,47,2U4GBNA0YmnLSqvEycnTjo-KT000vfUnhSA2vfVhVPe1QBwCTNTBJ5B_1Ocel6nY,tpp,2,0,0,4997.77051,2129.49585,4,0,BuckFutt22,1181.701,15,11
413,2018-01-07T03:45:01+0000,47,2U4GBNA0YmnLSqvEycnTjo-KT000vfUnhSA2vfVhVPe1QBwCTNTBJ5B_1Ocel6nY,tpp,2,0,0,5002.4917,2084.32373,4,0,DjmikeC25,1168.533,15,11
414,2018-01-07T03:45:01+0000,47,2U4GBNA0YmnLSqvEycnTjo-KT000vfUnhSA2vfVhVPe1QBwCTNTBJ5B_1Ocel6nY,tpp,2,0,1,0,119.204407,56,1,WuGangFeng,256.448,16,27
415,2018-01-07T03:45:01+0000,47,2U4GBNA0YmnLSqvEycnTjo-KT000vfUnhSA2vfVhVPe1QBwCTNTBJ5B_1Ocel6nY,tpp,2,0,1,0,63.57423,200,2,xiaogao13,163.877,16,27
416,2018-01-07T03:45:01+0000,47,2U4GBNA0YmnLSqvEycnTjo-KT000vfUnhSA2vfVhVPe1QBwCTNTBJ5B_1Ocel6nY,tpp,2,0,2,0,1396.28455,180,2,UrGrandFather,935.365,17,14
417,2018-01-07T03:45:01+0000,47,2U4GBNA0YmnLSqvEycnTjo-KT000vfUnhSA2vfVhVPe1QBwCTNTBJ5B_1Ocel6nY,tpp,2,1,1,0,1623.34924,364,2,Piece_of_Sht,985.847,17,14
418,2018-01-07T03:45:01+0000,47,2U4GBNA0YmnLSqvEycnTjo-KT000vfUnhSA2vfVhVPe1QBwCTNTBJ5B_1Ocel6nY,tpp,2,0,2,0,525.9927,357,3,NET_MANHDUNG2,551.821,22,21
419,2018-01-07T03:45:01+0000,47,2U4GBNA0YmnLSqvEycnTjo-KT000vfUnhSA2vfVhVPe1QBwCTNTBJ5B_1Ocel6nY,tpp,2,1,0,0,638.256836,122,0,Games_414_TQ1,552.862,22,21
420,2018-01-07T03:45:01+0000,47,2U4GBNA0YmnLSqvEycnTjo-KT000vfUnhSA2vfVhVPe1QBwCTNTBJ5B_1Ocel6nY,tpp,2,0,0,0,369.42453,33,1,g0f55,361.346,23,25
421,2018-01-07T03:45:01+0000,47,2U4GBNA0YmnLSqvEycnTjo-KT000vfUnhSA2vfVhVPe1QBwCTNTBJ5B_1Ocel6nY,tpp,2,0,1,0,358.742584,374,3,Alexande-999,361.343,23,25
422,2018-01-07T03:45:01+0000,47,2U4GBNA0YmnLSqvEycnTjo-KT000vfUnhSA2vfVhVPe1QBwCTNTBJ5B_1Ocel6nY,tpp,2,0,0,867.56604,1612.05115,143,1,pdfjkkvjk,1083.44,25,12
423,2018-01-07T03:45:01+0000,47,2U4GBNA0YmnLSqvEycnTjo-KT000vfUnhSA2vfVhVPe1QBwCTNTBJ5B_1Ocel6nY,tpp,2,0,0,0,107.830711,0,0,Sichuanxlg,131.57,26,41
424,2018-01-07T03:45:01+0000,47,2U4GBNA0YmnLSqvEycnTjo-KT000vfUnhSA2vfVhVPe1QBwCTNTBJ5B_1Ocel6nY,tpp,2,0,0,0,67.61333,0,0,dinkeing,126.066,26,41
425,2018-01-07T03:45:01+0000,47,2U4GBNA0YmnLSqvEycnTjo-KT000vfUnhSA2vfVhVPe1QBwCTNTBJ5B_1Ocel6nY,tpp,2,0,0,0,0,0,0,WOJIAOLIGUAPI,879.275,27,26
426,2018-01-07T03:45:01+0000,47,2U4GBNA0YmnLSqvEycnTjo-KT000vfUnhSA2vfVhVPe1QBwCTNTBJ5B_1Ocel6nY,tpp,2,0,1,0,410.543762,300,3,xuezhiqian717,879.272,27,26
427,2018-01-07T03:45:01+0000,47,2U4GBNA0YmnLSqvEycnTjo-KT000vfUnhSA2vfVhVPe1QBwCTNTBJ5B_1Ocel6nY,tpp,2,0,0,4814.592,2148.91675,21,2,EnGliSh22,1609.218,28,5
428,2018-01-07T03:45:01+0000,47,2U4GBNA0YmnLSqvEycnTjo-KT000vfUnhSA2vfVhVPe1QBwCTNTBJ5B_1Ocel6nY,tpp,2,0,1,2423.28467,1438.10059,100,0,KrazyPortuguese,823.575,28,5
429,2018-01-07T03:45:01+0000,47,2U4GBNA0YmnLSqvEycnTjo-KT000vfUnhSA2vfVhVPe1QBwCTNTBJ5B_1Ocel6nY,tpp,2,1,1,0,874.891235,241,2,SAOZISHUIZHENDUO,642.58,29,19
430,2018-01-07T03:45:01+0000,47,2U4GBNA0YmnLSqvEycnTjo-KT000vfUnhSA2vfVhVPe1QBwCTNTBJ5B_1Ocel6nY,tpp,2,0,1,0,855.4521,93,2,Corleone_Wu,644.08,29,19
431,2018-01-07T03:45:01+0000,47,2U4GBNA0YmnLSqvEycnTjo-KT000vfUnhSA2vfVhVPe1QBwCTNTBJ5B_1Ocel6nY,tpp,2,0,0,0,51.7135925,49,0,CtrlZee,103.057,32,46
432,2018-01-07T03:45:01+0000,47,2U4GBNA0YmnLSqvEycnTjo-KT000vfUnhSA2vfVhVPe1QBwCTNTBJ5B_1Ocel6nY,tpp,2,0,0,0,15.25666,0,0,NorthernGriz,96.115,32,46
433,2018-01-07T03:45:01+0000,47,2U4GBNA0YmnLSqvEycnTjo-KT000vfUnhSA2vfVhVPe1QBwCTNTBJ5B_1Ocel6nY,tpp,2,0,0,0,3819.62061,0,0,ZachOnTitan,1338.887,35,7
434,2018-01-07T03:45:01+0000,47,2U4GBNA0YmnLSqvEycnTjo-KT000vfUnhSA2vfVhVPe1QBwCTNTBJ5B_1Ocel6nY,tpp,2,0,0,0,3730.94238,93,1,Reesman22,1467.337,35,7
435,2018-01-07T03:45:01+0000,47,2U4GBNA0YmnLSqvEycnTjo-KT000vfUnhSA2vfVhVPe1QBwCTNTBJ5B_1Ocel6nY,tpp,2,0,0,347.279419,1305.59766,12,0,SuccMeOffSki,609.865,39,18
436,2018-01-07T03:45:01+0000,47,2U4GBNA0YmnLSqvEycnTjo-KT000vfUnhSA2vfVhVPe1QBwCTNTBJ5B_1Ocel6nY,tpp,2,0,0,355.483643,1455.29858,70,0,LuToRious,654.651,39,18
437,2018-01-07T03:45:01+0000,47,2U4GBNA0YmnLSqvEycnTjo-KT000vfUnhSA2vfVhVPe1QBwCTNTBJ5B_1Ocel6nY,tpp,2,0,1,0,509.1327,29,1,jinze,357,43,26
438,2018-01-07T03:45:01+0000,47,2U4GBNA0YmnLSqvEycnTjo-KT000vfUnhSA2vfVhVPe1QBwCTNTBJ5B_1Ocel6nY,tpp,2,0,0,0,468.483917,119,1,PPPIGFEET,356.997,43,26
439,2018-01-07T03:45:01+0000,47,2U4GBNA0YmnLSqvEycnTjo-KT000vfUnhSA2vfVhVPe1QBwCTNTBJ5B_1Ocel6nY,tpp,2,0,0,2008.43481,2492.00537,51,1,98888888kK,1627.821,49,4
440,2018-01-07T03:45:01+0000,47,2U4GBNA0YmnLSqvEycnTjo-KT000vfUnhSA2vfVhVPe1QBwCTNTBJ5B_1Ocel6nY,tpp,2,0,0,2327.93457,1468.62537,0,0,zd1994925,1646.268,49,4
441,2018-01-07T03:45:01+0000,47,2U4GBNA0YmnLSqvEycnTjo-KT000vfUnhSA2vfVhVPe1QBwCTNTBJ5B_1Ocel6nY,tpp,2,0,1,1669.54529,2544.00024,299,4,TONGLIANGZHI,1201.358,3,10
442,2018-01-07T03:45:01+0000,47,2U4GBNA0YmnLSqvEycnTjo-KT000vfUnhSA2vfVhVPe1QBwCTNTBJ5B_1Ocel6nY,tpp,2,1,2,1.97267818,4026.417,516,2,Summertime333,1201.361,3,10
443,2018-01-07T03:45:01+0000,47,2U4GBNA0YmnLSqvEycnTjo-KT000vfUnhSA2vfVhVPe1QBwCTNTBJ5B_1Ocel6nY,tpp,2,1,1,0,3842.8562,457,3,TedHQW,1966.287,4,2
444,2018-01-07T03:45:01+0000,47,2U4GBNA0YmnLSqvEycnTjo-KT000vfUnhSA2vfVhVPe1QBwCTNTBJ5B_1Ocel6nY,tpp,2,0,2,0,3525.53369,325,4,FantasticBoys,1518.26,4,2
445,2018-01-07T03:45:01+0000,47,2U4GBNA0YmnLSqvEycnTjo-KT000vfUnhSA2vfVhVPe1QBwCTNTBJ5B_1Ocel6nY,tpp,2,0,0,0,2.0280416,63,0,OmGiTzPauly,89.634,8,47
446,2018-01-07T03:45:01+0000,47,2U4GBNA0YmnLSqvEycnTjo-KT000vfUnhSA2vfVhVPe1QBwCTNTBJ5B_1Ocel6nY,tpp,2,1,0,0,35.78527,12,0,BergerBoi,97.196,8,47
447,2018-01-07T03:45:01+0000,47,2U4GBNA0YmnLSqvEycnTjo-KT000vfUnhSA2vfVhVPe1QBwCTNTBJ5B_1Ocel6nY,tpp,2,0,0,0,153.580719,0,0,Newblacen,167.635,20,36
448,2018-01-07T03:45:01+0000,47,2U4GBNA0YmnLSqvEycnTjo-KT000vfUnhSA2vfVhVPe1QBwCTNTBJ5B_1Ocel6nY,tpp,2,0,0,0,91.9659348,82,0,Unity_Yi,167.632,20,36
449,2018-01-07T03:45:01+0000,47,2U4GBNA0YmnLSqvEycnTjo-KT000vfUnhSA2vfVhVPe1QBwCTNTBJ5B_1Ocel6nY,tpp,2,0,0,1821.64856,1763.87317,56,0,Vjolt,1018.454,21,13
450,2018-01-07T03:45:01+0000,47,2U4GBNA0YmnLSqvEycnTjo-KT000vfUnhSA2vfVhVPe1QBwCTNTBJ5B_1Ocel6nY,tpp,2,0,0,613.4871,3039.45435,16,0,BlackDpre,1018.451,21,13
451,2018-01-07T03:45:01+0000,47,2U4GBNA0YmnLSqvEycnTjo-KT000vfUnhSA2vfVhVPe1QBwCTNTBJ5B_1Ocel6nY,tpp,2,0,0,0,0,0,0,PurplePenguin9,123.103,24,47
452,2018-01-07T03:45:01+0000,47,2U4GBNA0YmnLSqvEycnTjo-KT000vfUnhSA2vfVhVPe1QBwCTNTBJ5B_1Ocel6nY,tpp,2,0,0,0,0,0,0,patrickmoneyy,139.518,24,47
453,2018-01-07T03:45:01+0000,47,2U4GBNA0YmnLSqvEycnTjo-KT000vfUnhSA2vfVhVPe1QBwCTNTBJ5B_1Ocel6nY,tpp,2,0,0,0,822.74646,0,0,HandsomeBi,411.101,31,22
454,2018-01-07T03:45:01+0000,47,2U4GBNA0YmnLSqvEycnTjo-KT000vfUnhSA2vfVhVPe1QBwCTNTBJ5B_1Ocel6nY,tpp,2,0,0,0,814.584,0,0,FreshMelonBalls,442.974,31,22
455,2018-01-07T03:45:01+0000,47,2U4GBNA0YmnLSqvEycnTjo-KT000vfUnhSA2vfVhVPe1QBwCTNTBJ5B_1Ocel6nY,tpp,2,0,0,0,0,0,0,xXtentacionXx,134.603,33,47
456,2018-01-07T03:45:01+0000,47,2U4GBNA0YmnLSqvEycnTjo-KT000vfUnhSA2vfVhVPe1QBwCTNTBJ5B_1Ocel6nY,tpp,2,1,0,0,233.356659,87,0,ZZTYSR,232.584,36,29
457,2018-01-07T03:45:01+0000,47,2U4GBNA0YmnLSqvEycnTjo-KT000vfUnhSA2vfVhVPe1QBwCTNTBJ5B_1Ocel6nY,tpp,2,0,1,0,145.867386,134,2,zhuyi1993,232.581,36,29
458,2018-01-07T03:45:01+0000,47,2U4GBNA0YmnLSqvEycnTjo-KT000vfUnhSA2vfVhVPe1QBwCTNTBJ5B_1Ocel6nY,tpp,2,0,0,2635.136,1066.9884,38,0,JoeyJoeman,885.864,38,15
459,2018-01-07T03:45:01+0000,47,2U4GBNA0YmnLSqvEycnTjo-KT000vfUnhSA2vfVhVPe1QBwCTNTBJ5B_1Ocel6nY,tpp,2,0,0,2756.21216,1453.09058,38,0,Dinostoned,882.778,38,15
460,2018-01-07T03:45:01+0000,47,2U4GBNA0YmnLSqvEycnTjo-KT000vfUnhSA2vfVhVPe1QBwCTNTBJ5B_1Ocel6nY,tpp,2,0,0,0,12.7769432,0,0,MoNKeY203tG,113.578,44,43
461,2018-01-07T03:45:01+0000,47,2U4GBNA0YmnLSqvEycnTjo-KT000vfUnhSA2vfVhVPe1QBwCTNTBJ5B_1Ocel6nY,tpp,2,0,1,0,28.3146286,200,2,Ascholes,117.053,44,43
462,2018-01-07T03:45:01+0000,47,2U4GBNA0YmnLSqvEycnTjo-KT000vfUnhSA2vfVhVPe1QBwCTNTBJ5B_1Ocel6nY,tpp,2,0,2,0,96.00095,158,2,NoParkingHere,199.695,45,30
463,2018-01-07T03:45:01+0000,47,2U4GBNA0YmnLSqvEycnTjo-KT000vfUnhSA2vfVhVPe1QBwCTNTBJ5B_1Ocel6nY,tpp,2,1,1,0,334.0607,166,0,Northidaho,229.207,45,30
464,2018-01-07T03:45:01+0000,47,2U4GBNA0YmnLSqvEycnTjo-KT000vfUnhSA2vfVhVPe1QBwCTNTBJ5B_1Ocel6nY,tpp,2,0,1,0,550.96936,183,0,china_lml520ad,368.261,47,24
465,2018-01-07T03:45:01+0000,47,2U4GBNA0YmnLSqvEycnTjo-KT000vfUnhSA2vfVhVPe1QBwCTNTBJ5B_1Ocel6nY,tpp,2,0,0,0,465.5176,0,0,Facktk,368.259,47,24
466,2018-01-07T03:45:01+0000,47,2U4GBNA0YmnLSqvEycnTjo-KT000vfUnhSA2vfVhVPe1QBwCTNTBJ5B_1Ocel6nY,tpp,2,0,1,1223.46948,903.7684,156,1,Daerljgodi,612.197,11,20
467,2018-01-07T03:45:01+0000,47,2U4GBNA0YmnLSqvEycnTjo-KT000vfUnhSA2vfVhVPe1QBwCTNTBJ5B_1Ocel6nY,tpp,2,0,1,1242.23914,830.8831,16,0,LittleMoustache,564.906,11,20
468,2018-01-07T03:45:01+0000,47,2U4GBNA0YmnLSqvEycnTjo-KT000vfUnhSA2vfVhVPe1QBwCTNTBJ5B_1Ocel6nY,tpp,2,0,1,0,154.91124,144,1,WellSuited,169.817,13,35
469,2018-01-07T03:45:01+0000,47,2U4GBNA0YmnLSqvEycnTjo-KT000vfUnhSA2vfVhVPe1QBwCTNTBJ5B_1Ocel6nY,tpp,2,0,0,0,67.80916,67,0,heavychevyz7197,144.607,13,35
470,2018-01-07T03:45:01+0000,47,2U4GBNA0YmnLSqvEycnTjo-KT000vfUnhSA2vfVhVPe1QBwCTNTBJ5B_1Ocel6nY,tpp,2,0,0,0,38.67196,0,0,Dszs,102.082,18,44
471,2018-01-07T03:45:01+0000,47,2U4GBNA0YmnLSqvEycnTjo-KT000vfUnhSA2vfVhVPe1QBwCTNTBJ5B_1Ocel6nY,tpp,2,0,1,0,34.67543,218,1,Bookinga,105.177,18,44
472,2018-01-07T03:45:01+0000,47,2U4GBNA0YmnLSqvEycnTjo-KT000vfUnhSA2vfVhVPe1QBwCTNTBJ5B_1Ocel6nY,tpp,2,0,1,0,49.1689644,100,1,ImSoPhamcy,127.041,19,42
473,2018-01-07T03:45:01+0000,47,2U4GBNA0YmnLSqvEycnTjo-KT000vfUnhSA2vfVhVPe1QBwCTNTBJ5B_1Ocel6nY,tpp,2,0,0,0,37.2884026,45,0,Ninjakirby,127.038,19,42
474,2018-01-07T03:45:01+0000,47,2U4GBNA0YmnLSqvEycnTjo-KT000vfUnhSA2vfVhVPe1QBwCTNTBJ5B_1Ocel6nY,tpp,2,0,1,0,159.24678,141,1,Sugar_Booger423,211.088,30,32
475,2018-01-07T03:45:01+0000,47,2U4GBNA0YmnLSqvEycnTjo-KT000vfUnhSA2vfVhVPe1QBwCTNTBJ5B_1Ocel6nY,tpp,2,0,0,0,98.9419556,0,0,lzuizhengui0818,163.55,30,32
476,2018-01-07T03:45:01+0000,47,2U4GBNA0YmnLSqvEycnTjo-KT000vfUnhSA2vfVhVPe1QBwCTNTBJ5B_1Ocel6nY,tpp,2,0,0,0,1663.05615,18,1,Hcl211,1010.079,34,8
477,2018-01-07T03:45:01+0000,47,2U4GBNA0YmnLSqvEycnTjo-KT000vfUnhSA2vfVhVPe1QBwCTNTBJ5B_1Ocel6nY,tpp,2,1,4,1305.98608,1967.30371,546,2,NameLessisME,1263.294,34,8
478,2018-01-07T03:45:01+0000,47,2U4GBNA0YmnLSqvEycnTjo-KT000vfUnhSA2vfVhVPe1QBwCTNTBJ5B_1Ocel6nY,tpp,2,0,0,0,2223.52026,0,0,Pis22,751.354,37,17
479,2018-01-07T03:45:01+0000,47,2U4GBNA0YmnLSqvEycnTjo-KT000vfUnhSA2vfVhVPe1QBwCTNTBJ5B_1Ocel6nY,tpp,2,0,0,0,2203.56348,0,0,chenpan007,749.683,37,17
480,2018-01-07T03:45:01+0000,47,2U4GBNA0YmnLSqvEycnTjo-KT000vfUnhSA2vfVhVPe1QBwCTNTBJ5B_1Ocel6nY,tpp,2,0,0,0,153.2707,0,0,HKR-iNexxT,175.166,41,34
481,2018-01-07T03:45:01+0000,47,2U4GBNA0YmnLSqvEycnTjo-KT000vfUnhSA2vfVhVPe1QBwCTNTBJ5B_1Ocel6nY,tpp,2,0,1,0,211.033432,177,0,A_Araujo,183.416,41,34
482,2018-01-07T03:45:01+0000,47,2U4GBNA0YmnLSqvEycnTjo-KT000vfUnhSA2vfVhVPe1QBwCTNTBJ5B_1Ocel6nY,tpp,2,0,0,0,28.8239365,0,0,SADEX,103.739,46,45
483,2018-01-07T03:45:01+0000,47,2U4GBNA0YmnLSqvEycnTjo-KT000vfUnhSA2vfVhVPe1QBwCTNTBJ5B_1Ocel6nY,tpp,2,0,0,0,32.88068,0,0,1000level,103.737,46,45
484,2018-01-07T03:45:01+0000,47,2U4GBNA0YmnLSqvEycnTjo-KT000vfUnhSA2vfVhVPe1QBwCTNTBJ5B_1Ocel6nY,tpp,2,0,1,0,49.47709,187,2,AbelZz,134.185,48,40
485,2018-01-07T03:45:01+0000,47,2U4GBNA0YmnLSqvEycnTjo-KT000vfUnhSA2vfVhVPe1QBwCTNTBJ5B_1Ocel6nY,tpp,2,0,1,0,34.784,96,1,Jingchita,134.182,48,40
486,2018-01-07T03:45:01+0000,47,2U4GBNA0YmnLSqvEycnTjo-KT000vfUnhSA2vfVhVPe1QBwCTNTBJ5B_1Ocel6nY,tpp,2,0,4,3855.58569,2915.76465,653,5,JoyFeng-,1905.172,50,3
487,2018-01-07T03:45:01+0000,47,2U4GBNA0YmnLSqvEycnTjo-KT000vfUnhSA2vfVhVPe1QBwCTNTBJ5B_1Ocel6nY,tpp,2,2,2,3833.436,2805.08838,299,5,LowGe,1944.769,50,3
488,2018-01-07T03:45:01+0000,47,2U4GBNA0YmnLSqvEycnTjo-KT000vfUnhSA2vfVhVPe1QBwCTNTBJ5B_1Ocel6nY,tpp,2,0,2,4719.024,3175.12354,543,5,DouYuTV-SeaL,1966.427,2,1
489,2018-01-07T03:45:01+0000,47,2U4GBNA0YmnLSqvEycnTjo-KT000vfUnhSA2vfVhVPe1QBwCTNTBJ5B_1Ocel6nY,tpp,2,1,0,4105.36865,3281.059,156,1,MeLeeXH,1966.427,2,1
490,2018-01-07T03:45:01+0000,47,2U4GBNA0YmnLSqvEycnTjo-KT000vfUnhSA2vfVhVPe1QBwCTNTBJ5B_1Ocel6nY,tpp,2,0,1,78.05448,366.673737,206,2,nide2Bxiaojiejie,215.627,5,31
491,2018-01-07T03:45:01+0000,47,2U4GBNA0YmnLSqvEycnTjo-KT000vfUnhSA2vfVhVPe1QBwCTNTBJ5B_1Ocel6nY,tpp,2,0,0,0,161.1016,0,0,34DTrueDamage,125.764,5,31
492,2018-01-07T03:45:01+0000,47,2U4GBNA0YmnLSqvEycnTjo-KT000vfUnhSA2vfVhVPe1QBwCTNTBJ5B_1Ocel6nY,tpp,2,0,0,0,68.26272,0,0,Haten-Gu,164.939,40,28
493,2018-01-07T03:45:01+0000,47,2U4GBNA0YmnLSqvEycnTjo-KT000vfUnhSA2vfVhVPe1QBwCTNTBJ5B_1Ocel6nY,tpp,2,0,1,0,566.743469,100,0,SBSB123,235.181,40,28
494,2017-11-19T08:28:59+0000,91,2U4GBNA0YmlixJ6lhgS6xB2tqdo7SEhoYyHlVu18akkAzLToAhG5PWG043VgsrJm,tpp,1,0,0,0,170.954788,0,0,Satch,186.999,100004,79
495,2017-11-19T08:28:59+0000,91,2U4GBNA0YmlixJ6lhgS6xB2tqdo7SEhoYyHlVu18akkAzLToAhG5PWG043VgsrJm,tpp,1,0,0,0,66.54559,0,0,osamabinlaggon,124.782,100005,87
496,2017-11-19T08:28:59+0000,91,2U4GBNA0YmlixJ6lhgS6xB2tqdo7SEhoYyHlVu18akkAzLToAhG5PWG043VgsrJm,tpp,1,0,0,728.722656,610.168945,124,0,dengboyu76,839.161,100006,35
497,2017-11-19T08:28:59+0000,91,2U4GBNA0YmlixJ6lhgS6xB2tqdo7SEhoYyHlVu18akkAzLToAhG5PWG043VgsrJm,tpp,1,0,0,2646.184,1431.292,24,0,GOGingmimi,751.716,100007,46
498,2017-11-19T08:28:59+0000,91,2U4GBNA0YmlixJ6lhgS6xB2tqdo7SEhoYyHlVu18akkAzLToAhG5PWG043VgsrJm,tpp,1,0,0,0,723.1023,100,1,AtomicBrunette,744.088,100011,47
499,2017-11-19T08:28:59+0000,91,2U4GBNA0YmlixJ6lhgS6xB2tqdo7SEhoYyHlVu18akkAzLToAhG5PWG043VgsrJm,tpp,1,0,0,0,0,0,0,MIUI6,108.231,100013,90