date,prefecture,average
2018/1/1,nagoya,4.8
2018/1/1,kobe,6.7
2018/1/1,kushiro,0.9
2018/1/2,nagoya,5
2018/1/2,kobe,7
2018/1/2,kushiro,0.6
2018/1/3,nagoya,3.7
2018/1/3,kobe,5
2018/1/3,kushiro,-1.1
2018/1/4,nagoya,3.1
2018/1/4,kobe,4.9
2018/1/4,kushiro,-3.3
2018/1/5,nagoya,3.4
2018/1/5,kobe,3.9
2018/1/5,kushiro,-4.8
2018/1/6,nagoya,3.8
2018/1/6,kobe,6.3
2018/1/6,kushiro,-3.9
2018/1/7,nagoya,5.3
2018/1/7,kobe,6.4
2018/1/7,kushiro,-4
2018/1/8,nagoya,5.3
2018/1/8,kobe,8.5
2018/1/8,kushiro,-3.2
2018/1/9,nagoya,6.5
2018/1/9,kobe,7.9
2018/1/9,kushiro,1.9
2018/1/10,nagoya,4.5
2018/1/10,kobe,4.7
2018/1/10,kushiro,0.5
2018/1/11,nagoya,2.6
2018/1/11,kobe,1.9
2018/1/11,kushiro,-2.2
2018/1/12,nagoya,0.7
2018/1/12,kobe,1.8
2018/1/12,kushiro,-6.2
2018/1/13,nagoya,1.3
2018/1/13,kobe,2.7
2018/1/13,kushiro,-7
2018/1/14,nagoya,2.8
2018/1/14,kobe,4.1
2018/1/14,kushiro,-5.7
2018/1/15,nagoya,5
2018/1/15,kobe,5.8
2018/1/15,kushiro,-2.7
2018/1/16,nagoya,7.7
2018/1/16,kobe,9
2018/1/16,kushiro,0.4
2018/1/17,nagoya,8.8
2018/1/17,kobe,12.1
2018/1/17,kushiro,-0.9
2018/1/18,nagoya,9.9
2018/1/18,kobe,10.8
2018/1/18,kushiro,-1.2
2018/1/19,nagoya,8
2018/1/19,kobe,9.3
2018/1/19,kushiro,-2.2
2018/1/20,nagoya,6.3
2018/1/20,kobe,8.2
2018/1/20,kushiro,-3.3
2018/1/21,nagoya,6.3
2018/1/21,kobe,7.8
2018/1/21,kushiro,-3
2018/1/22,nagoya,3.6
2018/1/22,kobe,4.9
2018/1/22,kushiro,-5.3
2018/1/23,nagoya,3.7
2018/1/23,kobe,5.2
2018/1/23,kushiro,-3.1
2018/1/24,nagoya,0.2
2018/1/24,kobe,0.1
2018/1/24,kushiro,-4
2018/1/25,nagoya,-1.1
2018/1/25,kobe,0.3
2018/1/25,kushiro,-5.5
2018/1/26,nagoya,-0.5
2018/1/26,kobe,1.5
2018/1/26,kushiro,-3.8
2018/1/27,nagoya,0.3
2018/1/27,kobe,1.5
2018/1/27,kushiro,-4
2018/1/28,nagoya,0
2018/1/28,kobe,2.4
2018/1/28,kushiro,-4.2
2018/1/29,nagoya,2.6
2018/1/29,kobe,4.1
2018/1/29,kushiro,-4.2
2018/1/30,nagoya,2.1
2018/1/30,kobe,2.5
2018/1/30,kushiro,-7.1
2018/1/31,nagoya,3.1
2018/1/31,kobe,4
2018/1/31,kushiro,-6.8
2018/2/1,nagoya,3.8
2018/2/1,kobe,3.5
2018/2/1,kushiro,-5.3
2018/2/2,nagoya,5
2018/2/2,kobe,4.3
2018/2/2,kushiro,-4.9
2018/2/3,nagoya,5.1
2018/2/3,kobe,4.3
2018/2/3,kushiro,-5.2
2018/2/4,nagoya,3.6
2018/2/4,kobe,2.7
2018/2/4,kushiro,-2.5
2018/2/5,nagoya,2.1
2018/2/5,kobe,1.3
2018/2/5,kushiro,-2
2018/2/6,nagoya,1.1
2018/2/6,kobe,0.7
2018/2/6,kushiro,-6
2018/2/7,nagoya,0.8
2018/2/7,kobe,1.5
2018/2/7,kushiro,-7.9
2018/2/8,nagoya,1.5
2018/2/8,kobe,3.2
2018/2/8,kushiro,-5.3
2018/2/9,nagoya,3
2018/2/9,kobe,4.4
2018/2/9,kushiro,-4.1
2018/2/10,nagoya,4.3
2018/2/10,kobe,6.1
2018/2/10,kushiro,-3.7
2018/2/11,nagoya,4.4
2018/2/11,kobe,4.7
2018/2/11,kushiro,-0.1
2018/2/12,nagoya,2.3
2018/2/12,kobe,2.2
2018/2/12,kushiro,-6.5
2018/2/13,nagoya,2.4
2018/2/13,kobe,2.9
2018/2/13,kushiro,-6.7
2018/2/14,nagoya,3.9
2018/2/14,kobe,5.5
2018/2/14,kushiro,-4.4
2018/2/15,nagoya,6.8
2018/2/15,kobe,8.4
2018/2/15,kushiro,-5.1
2018/2/16,nagoya,6.4
2018/2/16,kobe,6.6
2018/2/16,kushiro,-5.8
2018/2/17,nagoya,4
2018/2/17,kobe,6.1
2018/2/17,kushiro,-5.8
2018/2/18,nagoya,2.5
2018/2/18,kobe,3.7
2018/2/18,kushiro,-8
2018/2/19,nagoya,4.4
2018/2/19,kobe,5.2
2018/2/19,kushiro,-7.4
2018/2/20,nagoya,7.1
2018/2/20,kobe,7.6
2018/2/20,kushiro,-4.1
2018/2/21,nagoya,5.7
2018/2/21,kobe,6.8
2018/2/21,kushiro,-6
2018/2/22,nagoya,5.3
2018/2/22,kobe,6.4
2018/2/22,kushiro,-6.3
2018/2/23,nagoya,5.9
2018/2/23,kobe,6.9
2018/2/23,kushiro,0.9
2018/2/24,nagoya,5.9
2018/2/24,kobe,7.8
2018/2/24,kushiro,-1.8
2018/2/25,nagoya,6.6
2018/2/25,kobe,7.2
2018/2/25,kushiro,-4.5
2018/2/26,nagoya,9.1
2018/2/26,kobe,8.6
2018/2/26,kushiro,-5.3
2018/2/27,nagoya,8.3
2018/2/27,kobe,8.7
2018/2/27,kushiro,-5.6
2018/2/28,nagoya,9.9
2018/2/28,kobe,11.4
2018/2/28,kushiro,-4.7
2018/3/1,nagoya,11.9
2018/3/1,kobe,12.4
2018/3/1,kushiro,-1.9
2018/3/2,nagoya,7
2018/3/2,kobe,8.1
2018/3/2,kushiro,1
2018/3/3,nagoya,8.6
2018/3/3,kobe,9.7
2018/3/3,kushiro,0.9
2018/3/4,nagoya,12.3
2018/3/4,kobe,14.8
2018/3/4,kushiro,1
2018/3/5,nagoya,11.8
2018/3/5,kobe,13.9
2018/3/5,kushiro,-0.7
2018/3/6,nagoya,9
2018/3/6,kobe,7.6
2018/3/6,kushiro,-2.8
2018/3/7,nagoya,7.6
2018/3/7,kobe,8.2
2018/3/7,kushiro,-4
2018/3/8,nagoya,9.5
2018/3/8,kobe,11.6
2018/3/8,kushiro,-1
2018/3/9,nagoya,9.6
2018/3/9,kobe,7.2
2018/3/9,kushiro,4.7
2018/3/10,nagoya,6.4
2018/3/10,kobe,5.9
2018/3/10,kushiro,-1.2
2018/3/11,nagoya,7.3
2018/3/11,kobe,7.5
2018/3/11,kushiro,-1.9
2018/3/12,nagoya,9.3
2018/3/12,kobe,8.9
2018/3/12,kushiro,-0.2
2018/3/13,nagoya,11.4
2018/3/13,kobe,12.7
2018/3/13,kushiro,1.2
2018/3/14,nagoya,14.7
2018/3/14,kobe,15.3
2018/3/14,kushiro,3.4
2018/3/15,nagoya,15.8
2018/3/15,kobe,16.1
2018/3/15,kushiro,2.2
2018/3/16,nagoya,10.4
2018/3/16,kobe,10.2
2018/3/16,kushiro,-0.2
2018/3/17,nagoya,8
2018/3/17,kobe,8
2018/3/17,kushiro,-2
2018/3/18,nagoya,11.4
2018/3/18,kobe,12
2018/3/18,kushiro,1.9
2018/3/19,nagoya,12.8
2018/3/19,kobe,14.8
2018/3/19,kushiro,2.8
2018/3/20,nagoya,10
2018/3/20,kobe,9.3
2018/3/20,kushiro,-2.1
2018/3/21,nagoya,7.3
2018/3/21,kobe,9.2
2018/3/21,kushiro,-1.8
2018/3/22,nagoya,9.7
2018/3/22,kobe,10
2018/3/22,kushiro,1.8
2018/3/23,nagoya,9.3
2018/3/23,kobe,8.4
2018/3/23,kushiro,-0.3
2018/3/24,nagoya,10.8
2018/3/24,kobe,10.1
2018/3/24,kushiro,0.7
2018/3/25,nagoya,13.4
2018/3/25,kobe,12.5
2018/3/25,kushiro,4
2018/3/26,nagoya,14.5
2018/3/26,kobe,14.1
2018/3/26,kushiro,5.1
2018/3/27,nagoya,15.2
2018/3/27,kobe,15.3
2018/3/27,kushiro,2.7
2018/3/28,nagoya,16.7
2018/3/28,kobe,16.4
2018/3/28,kushiro,4.9
2018/3/29,nagoya,17.1
2018/3/29,kobe,17.6
2018/3/29,kushiro,7.7
2018/3/30,nagoya,14.1
2018/3/30,kobe,13.4
2018/3/30,kushiro,2.8
2018/3/31,nagoya,13.4
2018/3/31,kobe,13
2018/3/31,kushiro,4.2
2018/4/1,nagoya,16
2018/4/1,kobe,16.2
2018/4/1,kushiro,2.1
2018/4/2,nagoya,19
2018/4/2,kobe,17.9
2018/4/2,kushiro,2.3
2018/4/3,nagoya,19.8
2018/4/3,kobe,18.5
2018/4/3,kushiro,5.7
2018/4/4,nagoya,19.2
2018/4/4,kobe,18.3
2018/4/4,kushiro,3.3
2018/4/5,nagoya,15.2
2018/4/5,kobe,14.6
2018/4/5,kushiro,1.9
2018/4/6,nagoya,17.2
2018/4/6,kobe,16.9
2018/4/6,kushiro,0.1
2018/4/7,nagoya,10.7
2018/4/7,kobe,10.5
2018/4/7,kushiro,1.2
2018/4/8,nagoya,8.3
2018/4/8,kobe,8.9
2018/4/8,kushiro,2.8
2018/4/9,nagoya,10.2
2018/4/9,kobe,11.9
2018/4/9,kushiro,3.6
2018/4/10,nagoya,13.5
2018/4/10,kobe,15.1
2018/4/10,kushiro,3.8
2018/4/11,nagoya,16.5
2018/4/11,kobe,17.6
2018/4/11,kushiro,4.8
2018/4/12,nagoya,18
2018/4/12,kobe,17.9
2018/4/12,kushiro,5.4
2018/4/13,nagoya,14.5
2018/4/13,kobe,15
2018/4/13,kushiro,1.9
2018/4/14,nagoya,14.5
2018/4/14,kobe,14.8
2018/4/14,kushiro,3.3
2018/4/15,nagoya,13
2018/4/15,kobe,15
2018/4/15,kushiro,2.1
2018/4/16,nagoya,13.6
2018/4/16,kobe,13.7
2018/4/16,kushiro,3.9
2018/4/17,nagoya,13.3
2018/4/17,kobe,14.9
2018/4/17,kushiro,5.6
2018/4/18,nagoya,15.7
2018/4/18,kobe,16.1
2018/4/18,kushiro,5.7
2018/4/19,nagoya,16.8
2018/4/19,kobe,17.4
2018/4/19,kushiro,6.1
2018/4/20,nagoya,19.6
2018/4/20,kobe,19.3
2018/4/20,kushiro,6.9
2018/4/21,nagoya,19.8
2018/4/21,kobe,19.7
2018/4/21,kushiro,8.3
2018/4/22,nagoya,21.1
2018/4/22,kobe,19.8
2018/4/22,kushiro,7.3
2018/4/23,nagoya,20.2
2018/4/23,kobe,20.2
2018/4/23,kushiro,5
2018/4/24,nagoya,18.4
2018/4/24,kobe,19.2
2018/4/24,kushiro,6.2
2018/4/25,nagoya,17.9
2018/4/25,kobe,17.2
2018/4/25,kushiro,6
2018/4/26,nagoya,17.7
2018/4/26,kobe,16.4
2018/4/26,kushiro,7.8
2018/4/27,nagoya,18.9
2018/4/27,kobe,17.9
2018/4/27,kushiro,8.1
2018/4/28,nagoya,19.1
2018/4/28,kobe,17.6
2018/4/28,kushiro,6.1
2018/4/29,nagoya,19.4
2018/4/29,kobe,19.4
2018/4/29,kushiro,8.3
2018/4/30,nagoya,19
2018/4/30,kobe,19.6
2018/4/30,kushiro,10.7
2018/5/1,nagoya,21.5
2018/5/1,kobe,20.5
2018/5/1,kushiro,10.6
2018/5/2,nagoya,19.4
2018/5/2,kobe,20.2
2018/5/2,kushiro,8.1
2018/5/3,nagoya,18.9
2018/5/3,kobe,18.9
2018/5/3,kushiro,5.1
2018/5/4,nagoya,15.6
2018/5/4,kobe,15.9
2018/5/4,kushiro,6.4
2018/5/5,nagoya,18.3
2018/5/5,kobe,18.3
2018/5/5,kushiro,7.7
2018/5/6,nagoya,19.5
2018/5/6,kobe,18.7
2018/5/6,kushiro,6.7
2018/5/7,nagoya,16.8
2018/5/7,kobe,18.4
2018/5/7,kushiro,8.4
2018/5/8,nagoya,17.5
2018/5/8,kobe,17.9
2018/5/8,kushiro,5.6
2018/5/9,nagoya,16.4
2018/5/9,kobe,16.1
2018/5/9,kushiro,4.3
2018/5/10,nagoya,14.8
2018/5/10,kobe,14.5
2018/5/10,kushiro,5.4
2018/5/11,nagoya,16.7
2018/5/11,kobe,16.7
2018/5/11,kushiro,8.6
2018/5/12,nagoya,19.2
2018/5/12,kobe,19.1
2018/5/12,kushiro,13
2018/5/13,nagoya,17.7
2018/5/13,kobe,18.4
2018/5/13,kushiro,9.9
2018/5/14,nagoya,20.9
2018/5/14,kobe,20.9
2018/5/14,kushiro,12.6
2018/5/15,nagoya,21.9
2018/5/15,kobe,21.3
2018/5/15,kushiro,12.1
2018/5/16,nagoya,22.5
2018/5/16,kobe,22.8
2018/5/16,kushiro,9.7
2018/5/17,nagoya,24.1
2018/5/17,kobe,23.4
2018/5/17,kushiro,12.2
2018/5/18,nagoya,25.6
2018/5/18,kobe,23.4
2018/5/18,kushiro,7.7
2018/5/19,nagoya,18
2018/5/19,kobe,17.2
2018/5/19,kushiro,7.4
2018/5/20,nagoya,17.2
2018/5/20,kobe,18.2
2018/5/20,kushiro,8.4
2018/5/21,nagoya,20.1
2018/5/21,kobe,21.1
2018/5/21,kushiro,9.8
2018/5/22,nagoya,20.3
2018/5/22,kobe,21
2018/5/22,kushiro,10.1
2018/5/23,nagoya,17.7
2018/5/23,kobe,19.3
2018/5/23,kushiro,11.9
2018/5/24,nagoya,21.3
2018/5/24,kobe,21.1
2018/5/24,kushiro,12.2
2018/5/25,nagoya,23
2018/5/25,kobe,23
2018/5/25,kushiro,10.5
2018/5/26,nagoya,22.8
2018/5/26,kobe,22.5
2018/5/26,kushiro,11
2018/5/27,nagoya,23.7
2018/5/27,kobe,22.1
2018/5/27,kushiro,10.9
2018/5/28,nagoya,22.4
2018/5/28,kobe,22.9
2018/5/28,kushiro,11.2
2018/5/29,nagoya,22.7
2018/5/29,kobe,23.5
2018/5/29,kushiro,11.5
2018/5/30,nagoya,19.5
2018/5/30,kobe,20.5
2018/5/30,kushiro,11.6
2018/5/31,nagoya,17.2
2018/5/31,kobe,19.8
2018/5/31,kushiro,13.4
2018/6/1,nagoya,21.3
2018/6/1,kobe,21.5
2018/6/1,kushiro,11.9
2018/6/2,nagoya,22.4
2018/6/2,kobe,21.2
2018/6/2,kushiro,14
2018/6/3,nagoya,22.9
2018/6/3,kobe,22.5
2018/6/3,kushiro,13.2
2018/6/4,nagoya,23.9
2018/6/4,kobe,23
2018/6/4,kushiro,13.9
2018/6/5,nagoya,23.6
2018/6/5,kobe,22.3
2018/6/5,kushiro,13.8
2018/6/6,nagoya,19.4
2018/6/6,kobe,20.1
2018/6/6,kushiro,15.9
2018/6/7,nagoya,22.6
2018/6/7,kobe,22.7
2018/6/7,kushiro,13.8
2018/6/8,nagoya,22.6
2018/6/8,kobe,23.1
2018/6/8,kushiro,12.6
2018/6/9,nagoya,24.1
2018/6/9,kobe,24.6
2018/6/9,kushiro,8.5
2018/6/10,nagoya,21.3
2018/6/10,kobe,22.6
2018/6/10,kushiro,9.3
2018/6/11,nagoya,24.1
2018/6/11,kobe,24.1
2018/6/11,kushiro,12.2
2018/6/12,nagoya,23.7
2018/6/12,kobe,21.6
2018/6/12,kushiro,8.5
2018/6/13,nagoya,22.7
2018/6/13,kobe,21
2018/6/13,kushiro,9.1
2018/6/14,nagoya,22.6
2018/6/14,kobe,21.5
2018/6/14,kushiro,10.3
2018/6/15,nagoya,21.6
2018/6/15,kobe,21.6
2018/6/15,kushiro,9.7
2018/6/16,nagoya,21.2
2018/6/16,kobe,20.8
2018/6/16,kushiro,7.6
2018/6/17,nagoya,21.8
2018/6/17,kobe,22.3
2018/6/17,kushiro,9
2018/6/18,nagoya,21
2018/6/18,kobe,24.4
2018/6/18,kushiro,11.4
2018/6/19,nagoya,23.1
2018/6/19,kobe,22.6
2018/6/19,kushiro,14
2018/6/20,nagoya,20.9
2018/6/20,kobe,21.8
2018/6/20,kushiro,13.2
2018/6/21,nagoya,23.3
2018/6/21,kobe,22.8
2018/6/21,kushiro,11.9
2018/6/22,nagoya,24.5
2018/6/22,kobe,24
2018/6/22,kushiro,13.8
2018/6/23,nagoya,20.3
2018/6/23,kobe,22.2
2018/6/23,kushiro,15.8
2018/6/24,nagoya,24.3
2018/6/24,kobe,23.5
2018/6/24,kushiro,15.4
2018/6/25,nagoya,27.4
2018/6/25,kobe,25.3
2018/6/25,kushiro,13.2
2018/6/26,nagoya,26.6
2018/6/26,kobe,26.3
2018/6/26,kushiro,12.3
2018/6/27,nagoya,27.1
2018/6/27,kobe,25.9
2018/6/27,kushiro,14.1
2018/6/28,nagoya,26.8
2018/6/28,kobe,25.9
2018/6/28,kushiro,17.6
2018/6/29,nagoya,26.4
2018/6/29,kobe,25.1
2018/6/29,kushiro,14.4
2018/6/30,nagoya,27.3
2018/6/30,kobe,26.7
2018/6/30,kushiro,17.3
2018/7/1,nagoya,27.9
2018/7/1,kobe,28
2018/7/1,kushiro,16.1
2018/7/2,nagoya,28
2018/7/2,kobe,28.3
2018/7/2,kushiro,15.7
2018/7/3,nagoya,27.2
2018/7/3,kobe,28.6
2018/7/3,kushiro,18.3
2018/7/4,nagoya,25.7
2018/7/4,kobe,26.3
2018/7/4,kushiro,15.8
2018/7/5,nagoya,24.6
2018/7/5,kobe,24.4
2018/7/5,kushiro,10.5
2018/7/6,nagoya,24.3
2018/7/6,kobe,24.1
2018/7/6,kushiro,12.5
2018/7/7,nagoya,25.5
2018/7/7,kobe,24.6
2018/7/7,kushiro,10.5
2018/7/8,nagoya,26.9
2018/7/8,kobe,26.4
2018/7/8,kushiro,12.7
2018/7/9,nagoya,27.7
2018/7/9,kobe,27.6
2018/7/9,kushiro,13
2018/7/10,nagoya,28.5
2018/7/10,kobe,27.6
2018/7/10,kushiro,13.9
2018/7/11,nagoya,29.7
2018/7/11,kobe,28.3
2018/7/11,kushiro,15.2
2018/7/12,nagoya,29.4
2018/7/12,kobe,29.1
2018/7/12,kushiro,14.6
2018/7/13,nagoya,29.7
2018/7/13,kobe,29.8
2018/7/13,kushiro,16.7
2018/7/14,nagoya,30.8
2018/7/14,kobe,30.5
2018/7/14,kushiro,16.1
2018/7/15,nagoya,31.2
2018/7/15,kobe,29.9
2018/7/15,kushiro,15.2
2018/7/16,nagoya,31.5
2018/7/16,kobe,30.2
2018/7/16,kushiro,20.3
2018/7/17,nagoya,31
2018/7/17,kobe,29.5
2018/7/17,kushiro,17.5
2018/7/18,nagoya,32
2018/7/18,kobe,31.2
2018/7/18,kushiro,15.7
2018/7/19,nagoya,31
2018/7/19,kobe,31.3
2018/7/19,kushiro,16
2018/7/20,nagoya,30.8
2018/7/20,kobe,30.1
2018/7/20,kushiro,17.4
2018/7/21,nagoya,30.5
2018/7/21,kobe,29.8
2018/7/21,kushiro,19.4
2018/7/22,nagoya,32.7
2018/7/22,kobe,29.5
2018/7/22,kushiro,20.5
2018/7/23,nagoya,33.3
2018/7/23,kobe,31.5
2018/7/23,kushiro,18
2018/7/24,nagoya,32.2
2018/7/24,kobe,31.6
2018/7/24,kushiro,17.3
2018/7/25,nagoya,30.8
2018/7/25,kobe,30.4
2018/7/25,kushiro,17.1
2018/7/26,nagoya,29.3
2018/7/26,kobe,29.9
2018/7/26,kushiro,17.7
2018/7/27,nagoya,28.4
2018/7/27,kobe,27.9
2018/7/27,kushiro,18.1
2018/7/28,nagoya,29.2
2018/7/28,kobe,28.8
2018/7/28,kushiro,18.8
2018/7/29,nagoya,28.4
2018/7/29,kobe,27.3
2018/7/29,kushiro,20.7
2018/7/30,nagoya,29.6
2018/7/30,kobe,29.8
2018/7/30,kushiro,20.2
2018/7/31,nagoya,29.9
2018/7/31,kobe,30.7
2018/7/31,kushiro,19.9
2018/8/1,nagoya,31
2018/8/1,kobe,29.6
2018/8/1,kushiro,21.6
2018/8/2,nagoya,33.1
2018/8/2,kobe,29.1
2018/8/2,kushiro,21.1
2018/8/3,nagoya,32.8
2018/8/3,kobe,30.7
2018/8/3,kushiro,20.4
2018/8/4,nagoya,31.7
2018/8/4,kobe,30.9
2018/8/4,kushiro,17.5
2018/8/5,nagoya,32.7
2018/8/5,kobe,30.8
2018/8/5,kushiro,16.7
2018/8/6,nagoya,33
2018/8/6,kobe,30.9
2018/8/6,kushiro,15.2
2018/8/7,nagoya,29.6
2018/8/7,kobe,30
2018/8/7,kushiro,14.8
2018/8/8,nagoya,30.2
2018/8/8,kobe,28.3
2018/8/8,kushiro,15.8
2018/8/9,nagoya,31.5
2018/8/9,kobe,28.8
2018/8/9,kushiro,16.6
2018/8/10,nagoya,30.8
2018/8/10,kobe,29
2018/8/10,kushiro,17.5
2018/8/11,nagoya,31.3
2018/8/11,kobe,29.4
2018/8/11,kushiro,15.4
2018/8/12,nagoya,28.2
2018/8/12,kobe,29.9
2018/8/12,kushiro,17.5
2018/8/13,nagoya,29.6
2018/8/13,kobe,29.9
2018/8/13,kushiro,18.7
2018/8/14,nagoya,30.2
2018/8/14,kobe,30.4
2018/8/14,kushiro,19.9
2018/8/15,nagoya,26.9
2018/8/15,kobe,28.7
2018/8/15,kushiro,18
2018/8/16,nagoya,27.9
2018/8/16,kobe,27.9
2018/8/16,kushiro,14.4
2018/8/17,nagoya,26.5
2018/8/17,kobe,25.8
2018/8/17,kushiro,15.1
2018/8/18,nagoya,25
2018/8/18,kobe,25.7
2018/8/18,kushiro,15.7
2018/8/19,nagoya,25.5
2018/8/19,kobe,27.1
2018/8/19,kushiro,15.2
2018/8/20,nagoya,26.2
2018/8/20,kobe,28.9
2018/8/20,kushiro,18.9
2018/8/21,nagoya,28.9
2018/8/21,kobe,30.2
2018/8/21,kushiro,19.4
2018/8/22,nagoya,30.4
2018/8/22,kobe,31.5
2018/8/22,kushiro,20.2
2018/8/23,nagoya,28.8
2018/8/23,kobe,30.7
2018/8/23,kushiro,21.6
2018/8/24,nagoya,28
2018/8/24,kobe,28.1
2018/8/24,kushiro,18.5
2018/8/25,nagoya,29.8
2018/8/25,kobe,28.5
2018/8/25,kushiro,15.1
2018/8/26,nagoya,31.1
2018/8/26,kobe,28.5
2018/8/26,kushiro,17
2018/8/27,nagoya,31.1
2018/8/27,kobe,29.3
2018/8/27,kushiro,17
2018/8/28,nagoya,29.5
2018/8/28,kobe,28.8
2018/8/28,kushiro,15.1
2018/8/29,nagoya,30.1
2018/8/29,kobe,28.6
2018/8/29,kushiro,15.6
2018/8/30,nagoya,29.7
2018/8/30,kobe,28.3
2018/8/30,kushiro,16.1
2018/8/31,nagoya,28.6
2018/8/31,kobe,28.5
2018/8/31,kushiro,18.1
2018/9/1,nagoya,24.5
2018/9/1,kobe,26.5
2018/9/1,kushiro,18
2018/9/2,nagoya,25.6
2018/9/2,kobe,26.2
2018/9/2,kushiro,16.9
2018/9/3,nagoya,26.7
2018/9/3,kobe,27.9
2018/9/3,kushiro,17.2
2018/9/4,nagoya,25.8
2018/9/4,kobe,27
2018/9/4,kushiro,17.3
2018/9/5,nagoya,27.5
2018/9/5,kobe,27
2018/9/5,kushiro,19.2
2018/9/6,nagoya,26.6
2018/9/6,kobe,26.5
2018/9/6,kushiro,20
2018/9/7,nagoya,26.6
2018/9/7,kobe,26.1
2018/9/7,kushiro,19.7
2018/9/8,nagoya,26.2
2018/9/8,kobe,23.4
2018/9/8,kushiro,19.4
2018/9/9,nagoya,26.2
2018/9/9,kobe,24.5
2018/9/9,kushiro,17.5
2018/9/10,nagoya,23.7
2018/9/10,kobe,23.7
2018/9/10,kushiro,14.6
2018/9/11,nagoya,22.4
2018/9/11,kobe,24.8
2018/9/11,kushiro,14.1
2018/9/12,nagoya,21.3
2018/9/12,kobe,23.2
2018/9/12,kushiro,13.3
2018/9/13,nagoya,23.3
2018/9/13,kobe,24
2018/9/13,kushiro,16
2018/9/14,nagoya,22.3
2018/9/14,kobe,23.8
2018/9/14,kushiro,17.9
2018/9/15,nagoya,22.5
2018/9/15,kobe,25.1
2018/9/15,kushiro,17.8
2018/9/16,nagoya,25.9
2018/9/16,kobe,27.3
2018/9/16,kushiro,17.7
2018/9/17,nagoya,26.3
2018/9/17,kobe,25.8
2018/9/17,kushiro,18.5
2018/9/18,nagoya,25.1
2018/9/18,kobe,25.2
2018/9/18,kushiro,17
2018/9/19,nagoya,24.1
2018/9/19,kobe,25.2
2018/9/19,kushiro,16.1
2018/9/20,nagoya,20.2
2018/9/20,kobe,21.6
2018/9/20,kushiro,14.8
2018/9/21,nagoya,20
2018/9/21,kobe,23.3
2018/9/21,kushiro,14.2
2018/9/22,nagoya,23.5
2018/9/22,kobe,25.5
2018/9/22,kushiro,13.5
2018/9/23,nagoya,24.3
2018/9/23,kobe,24
2018/9/23,kushiro,15.5
2018/9/24,nagoya,25.4
2018/9/24,kobe,24.2
2018/9/24,kushiro,16.4
2018/9/25,nagoya,21.1
2018/9/25,kobe,22.3
2018/9/25,kushiro,17
2018/9/26,nagoya,20.6
2018/9/26,kobe,21
2018/9/26,kushiro,15.5
2018/9/27,nagoya,19.3
2018/9/27,kobe,20.1
2018/9/27,kushiro,13.7
2018/9/28,nagoya,21.2
2018/9/28,kobe,21.7
2018/9/28,kushiro,13.1
2018/9/29,nagoya,18.7
2018/9/29,kobe,19.5
2018/9/29,kushiro,14.2
2018/9/30,nagoya,21.8
2018/9/30,kobe,23.6
2018/9/30,kushiro,14.9
2018/10/1,nagoya,22.8
2018/10/1,kobe,22.1
2018/10/1,kushiro,17.4
2018/10/2,nagoya,20.2
2018/10/2,kobe,21.2
2018/10/2,kushiro,13.5
2018/10/3,nagoya,21.1
2018/10/3,kobe,22.1
2018/10/3,kushiro,13.9
2018/10/4,nagoya,20.3
2018/10/4,kobe,21.2
2018/10/4,kushiro,12.7
2018/10/5,nagoya,23.4
2018/10/5,kobe,24.2
2018/10/5,kushiro,12.6
2018/10/6,nagoya,25.3
2018/10/6,kobe,26
2018/10/6,kushiro,13.6
2018/10/7,nagoya,24.4
2018/10/7,kobe,25.2
2018/10/7,kushiro,12.3
2018/10/8,nagoya,22.4
2018/10/8,kobe,23.4
2018/10/8,kushiro,13.4
2018/10/9,nagoya,22.3
2018/10/9,kobe,23.3
2018/10/9,kushiro,13.7
2018/10/10,nagoya,21
2018/10/10,kobe,21.3
2018/10/10,kushiro,13
2018/10/11,nagoya,20.1
2018/10/11,kobe,18.5
2018/10/11,kushiro,14.1
2018/10/12,nagoya,18.5
2018/10/12,kobe,18.1
2018/10/12,kushiro,14.1
2018/10/13,nagoya,18.4
2018/10/13,kobe,18.8
2018/10/13,kushiro,11.9
2018/10/14,nagoya,18.9
2018/10/14,kobe,20
2018/10/14,kushiro,10.5
2018/10/15,nagoya,16.8
2018/10/15,kobe,20.1
2018/10/15,kushiro,10.7
2018/10/16,nagoya,16.7
2018/10/16,kobe,19.7
2018/10/16,kushiro,11.2
2018/10/17,nagoya,18.6
2018/10/17,kobe,19.6
2018/10/17,kushiro,9.2
2018/10/18,nagoya,18.7
2018/10/18,kobe,19.4
2018/10/18,kushiro,8.9
2018/10/19,nagoya,18.6
2018/10/19,kobe,19.6
2018/10/19,kushiro,8.3
2018/10/20,nagoya,16.7
2018/10/20,kobe,17.6
2018/10/20,kushiro,8.7
2018/10/21,nagoya,16.7
2018/10/21,kobe,17.1
2018/10/21,kushiro,9.4
2018/10/22,nagoya,16.9
2018/10/22,kobe,18.7
2018/10/22,kushiro,9.7
2018/10/23,nagoya,16.3
2018/10/23,kobe,18.8
2018/10/23,kushiro,11.5
2018/10/24,nagoya,18.4
2018/10/24,kobe,19.3
2018/10/24,kushiro,12.3
2018/10/25,nagoya,17.6
2018/10/25,kobe,18.1
2018/10/25,kushiro,11.7
2018/10/26,nagoya,17.7
2018/10/26,kobe,18.9
2018/10/26,kushiro,10.5
2018/10/27,nagoya,18.1
2018/10/27,kobe,18.6
2018/10/27,kushiro,12.6
2018/10/28,nagoya,15.3
2018/10/28,kobe,16.8
2018/10/28,kushiro,12.6
2018/10/29,nagoya,15.4
2018/10/29,kobe,17.5
2018/10/29,kushiro,12.5
2018/10/30,nagoya,15.1
2018/10/30,kobe,17
2018/10/30,kushiro,10
2018/10/31,nagoya,13.3
2018/10/31,kobe,14.7
2018/10/31,kushiro,7.9
2018/11/1,nagoya,13
2018/11/1,kobe,14.7
2018/11/1,kushiro,7.4
2018/11/2,nagoya,14.3
2018/11/2,kobe,14.6
2018/11/2,kushiro,6.8
2018/11/3,nagoya,15
2018/11/3,kobe,15.7
2018/11/3,kushiro,7.1
2018/11/4,nagoya,14.6
2018/11/4,kobe,17.1
2018/11/4,kushiro,9.1
2018/11/5,nagoya,17.3
2018/11/5,kobe,18
2018/11/5,kushiro,9.6
2018/11/6,nagoya,17
2018/11/6,kobe,19.2
2018/11/6,kushiro,10.9
2018/11/7,nagoya,17.1
2018/11/7,kobe,18.2
2018/11/7,kushiro,8.5
2018/11/8,nagoya,17.7
2018/11/8,kobe,18.8
2018/11/8,kushiro,8.1
2018/11/9,nagoya,17
2018/11/9,kobe,20.3
2018/11/9,kushiro,9.8
2018/11/10,nagoya,17.1
2018/11/10,kobe,18.2
2018/11/10,kushiro,12.7
2018/11/11,nagoya,14.6
2018/11/11,kobe,16.1
2018/11/11,kushiro,10.4
2018/11/12,nagoya,15.6
2018/11/12,kobe,16.2
2018/11/12,kushiro,7.6
2018/11/13,nagoya,15.6
2018/11/13,kobe,15.7
2018/11/13,kushiro,6.9
2018/11/14,nagoya,14.1
2018/11/14,kobe,13.8
2018/11/14,kushiro,5.7
2018/11/15,nagoya,13.2
2018/11/15,kobe,14.2
2018/11/15,kushiro,5.6
2018/11/16,nagoya,12.6
2018/11/16,kobe,14.7
2018/11/16,kushiro,5.5
2018/11/17,nagoya,14.8
2018/11/17,kobe,15.8
2018/11/17,kushiro,5.5
2018/11/18,nagoya,13.6
2018/11/18,kobe,15.4
2018/11/18,kushiro,2.9
2018/11/19,nagoya,13.7
2018/11/19,kobe,14.3
2018/11/19,kushiro,3.2
2018/11/20,nagoya,12.2
2018/11/20,kobe,13.1
2018/11/20,kushiro,3.7
2018/11/21,nagoya,11.4
2018/11/21,kobe,12.3
2018/11/21,kushiro,-0.8
2018/11/22,nagoya,12.2
2018/11/22,kobe,12.1
2018/11/22,kushiro,-0.7
2018/11/23,nagoya,9.2
2018/11/23,kobe,9.6
2018/11/23,kushiro,-0.4
2018/11/24,nagoya,8.8
2018/11/24,kobe,9.8
2018/11/24,kushiro,-1.8
2018/11/25,nagoya,9.8
2018/11/25,kobe,12.1
2018/11/25,kushiro,3.3
2018/11/26,nagoya,11.9
2018/11/26,kobe,13.2
2018/11/26,kushiro,5.7
2018/11/27,nagoya,14
2018/11/27,kobe,15
2018/11/27,kushiro,7.2
2018/11/28,nagoya,13.8
2018/11/28,kobe,14.8
2018/11/28,kushiro,5.8
2018/11/29,nagoya,12.6
2018/11/29,kobe,13.8
2018/11/29,kushiro,2
2018/11/30,nagoya,10.6
2018/11/30,kobe,13.1
2018/11/30,kushiro,-1.7
2018/12/1,nagoya,10.9
2018/12/1,kobe,14
2018/12/1,kushiro,-2.9
2018/12/2,nagoya,10.8
2018/12/2,kobe,13.6
2018/12/2,kushiro,0.7
2018/12/3,nagoya,12.8
2018/12/3,kobe,16.1
2018/12/3,kushiro,0.9
2018/12/4,nagoya,15.6
2018/12/4,kobe,19.4
2018/12/4,kushiro,2.9
2018/12/5,nagoya,15.7
2018/12/5,kobe,15.5
2018/12/5,kushiro,4.6
2018/12/6,nagoya,12.3
2018/12/6,kobe,13.2
2018/12/6,kushiro,0.2
2018/12/7,nagoya,11.9
2018/12/7,kobe,11.7
2018/12/7,kushiro,-1.5
2018/12/8,nagoya,6.9
2018/12/8,kobe,6.7
2018/12/8,kushiro,-4.6
2018/12/9,nagoya,5.3
2018/12/9,kobe,5.6
2018/12/9,kushiro,-7.4
2018/12/10,nagoya,5.3
2018/12/10,kobe,6.6
2018/12/10,kushiro,-4.2
2018/12/11,nagoya,6
2018/12/11,kobe,7.9
2018/12/11,kushiro,-5.5
2018/12/12,nagoya,9.3
2018/12/12,kobe,9.7
2018/12/12,kushiro,-5
2018/12/13,nagoya,7.7
2018/12/13,kobe,8.1
2018/12/13,kushiro,-3.2
2018/12/14,nagoya,6.4
2018/12/14,kobe,6.8
2018/12/14,kushiro,-3.4
2018/12/15,nagoya,5.2
2018/12/15,kobe,6.5
2018/12/15,kushiro,-4.4
2018/12/16,nagoya,5.6
2018/12/16,kobe,7.5
2018/12/16,kushiro,-2.1
2018/12/17,nagoya,8.6
2018/12/17,kobe,10.1
2018/12/17,kushiro,4.4
2018/12/18,nagoya,7.5
2018/12/18,kobe,8.5
2018/12/18,kushiro,-0.7
2018/12/19,nagoya,7.7
2018/12/19,kobe,10.1
2018/12/19,kushiro,1.8
2018/12/20,nagoya,8.7
2018/12/20,kobe,11.3
2018/12/20,kushiro,-1.3
2018/12/21,nagoya,9
2018/12/21,kobe,11.5
2018/12/21,kushiro,-4.2
2018/12/22,nagoya,10.3
2018/12/22,kobe,12.3
2018/12/22,kushiro,-1
2018/12/23,nagoya,10.8
2018/12/23,kobe,12.4
2018/12/23,kushiro,0.7
2018/12/24,nagoya,8
2018/12/24,kobe,9
2018/12/24,kushiro,-1
2018/12/25,nagoya,5.8
2018/12/25,kobe,7.6
2018/12/25,kushiro,-1.3
2018/12/26,nagoya,7.4
2018/12/26,kobe,9.5
2018/12/26,kushiro,-0.7
2018/12/27,nagoya,7.6
2018/12/27,kobe,8.8
2018/12/27,kushiro,-5.4
2018/12/28,nagoya,2.9
2018/12/28,kobe,3.5
2018/12/28,kushiro,-3.8
2018/12/29,nagoya,1.5
2018/12/29,kobe,3.7
2018/12/29,kushiro,-3
2018/12/30,nagoya,2.6
2018/12/30,kobe,4.2
2018/12/30,kushiro,-0.6
2018/12/31,nagoya,3.6
2018/12/31,kobe,5
2018/12/31,kushiro,-2
2019/1/1,nagoya,4.4
2019/1/1,kobe,6.1
2019/1/1,kushiro,-4
