CRIM,ZN,INDUS,CHAS,NOX,RM,AGE,DIS,RAD,TAX,PTRATIO,B,LSTAT
5.58107,0.0,18.1,0.0,0.713,6.436,87.9,2.3158,24.0,666.0,20.2,100.19,16.22
1.80028,0.0,19.58,0.0,0.605,5.877,79.2,2.4259,5.0,403.0,14.7,227.61,12.14
0.07013,0.0,13.89,0.0,0.55,6.642,85.1,3.4211,5.0,276.0,16.4,392.78,9.69
1.22358,0.0,19.58,0.0,0.605,6.943,97.4,1.8773,5.0,403.0,14.7,363.43,4.59
0.12204,0.0,2.89,0.0,0.445,6.625,57.8,3.4952,2.0,276.0,18.0,357.98,6.65
0.02498,0.0,1.89,0.0,0.518,6.54,59.7,6.2669,1.0,422.0,15.9,389.96,8.65
0.15086,0.0,27.74,0.0,0.609,5.454,92.7,1.8209,4.0,711.0,20.1,395.09,18.06
0.14103,0.0,13.92,0.0,0.437,5.79,58.0,6.32,4.0,289.0,16.0,396.9,15.84
18.0846,0.0,18.1,0.0,0.679,6.434,100.0,1.8347,24.0,666.0,20.2,27.25,29.05
0.15876,0.0,10.81,0.0,0.413,5.961,17.5,5.2873,4.0,305.0,19.2,376.94,9.88
7.75223,0.0,18.1,0.0,0.713,6.301,83.7,2.7831,24.0,666.0,20.2,272.21,16.23
0.04981,21.0,5.64,0.0,0.439,5.998,21.4,6.8147,4.0,243.0,16.8,396.9,8.43
0.02729,0.0,7.07,0.0,0.469,7.185,61.1,4.9671,2.0,242.0,17.8,392.83,4.03
1.46336,0.0,19.58,0.0,0.605,7.489,90.8,1.9709,5.0,403.0,14.7,374.43,1.73
4.03841,0.0,18.1,0.0,0.532,6.229,90.7,3.0993,24.0,666.0,20.2,395.33,12.87
0.10008,0.0,2.46,0.0,0.488,6.563,95.6,2.847,3.0,193.0,17.8,396.9,5.68
0.07875,45.0,3.44,0.0,0.437,6.782,41.1,3.7886,5.0,398.0,15.2,393.87,6.68
0.52014,20.0,3.97,0.0,0.647,8.398,91.5,2.2885,5.0,264.0,13.0,386.86,5.91
0.03738,0.0,5.19,0.0,0.515,6.31,38.5,6.4584,5.0,224.0,20.2,389.4,6.75
12.8023,0.0,18.1,0.0,0.74,5.854,96.6,1.8956,24.0,666.0,20.2,240.52,23.79
9.32909,0.0,18.1,0.0,0.713,6.185,98.7,2.2616,24.0,666.0,20.2,396.9,18.13
0.08187,0.0,2.89,0.0,0.445,7.82,36.9,3.4952,2.0,276.0,18.0,393.53,3.57
4.89822,0.0,18.1,0.0,0.631,4.97,100.0,1.3325,24.0,666.0,20.2,375.52,3.26
0.10612,30.0,4.93,0.0,0.428,6.095,65.1,6.3361,6.0,300.0,16.6,394.62,12.4
0.25199,0.0,10.59,0.0,0.489,5.783,72.7,4.3549,4.0,277.0,18.6,389.43,18.06
0.03659,25.0,4.86,0.0,0.426,6.302,32.2,5.4007,4.0,281.0,19.0,396.9,6.72
0.0536,21.0,5.64,0.0,0.439,6.511,21.1,6.8147,4.0,243.0,16.8,396.9,5.28
0.20746,0.0,27.74,0.0,0.609,5.093,98.0,1.8226,4.0,711.0,20.1,318.43,29.68
11.8123,0.0,18.1,0.0,0.718,6.824,76.5,1.794,24.0,666.0,20.2,48.45,22.74
0.2498,0.0,21.89,0.0,0.624,5.857,98.2,1.6686,4.0,437.0,21.2,392.04,21.32
5.70818,0.0,18.1,0.0,0.532,6.75,74.9,3.3317,24.0,666.0,20.2,393.07,7.74
0.01965,80.0,1.76,0.0,0.385,6.23,31.5,9.0892,1.0,241.0,18.2,341.6,12.93
0.11747,12.5,7.87,0.0,0.524,6.009,82.9,6.2267,5.0,311.0,15.2,396.9,13.27
0.07244,60.0,1.69,0.0,0.411,5.884,18.5,10.7103,4.0,411.0,18.3,392.33,7.79
0.04337,21.0,5.64,0.0,0.439,6.115,63.0,6.8147,4.0,243.0,16.8,393.97,9.43
0.46296,0.0,6.2,0.0,0.504,7.412,76.9,3.6715,8.0,307.0,17.4,376.14,5.25
0.10328,25.0,5.13,0.0,0.453,5.927,47.2,6.932,8.0,284.0,19.7,396.9,9.22
0.02875,28.0,15.04,0.0,0.464,6.211,28.9,3.6659,4.0,270.0,18.2,396.33,6.21
0.06162,0.0,4.39,0.0,0.442,5.898,52.3,8.0136,3.0,352.0,18.8,364.61,12.67
0.0795,60.0,1.69,0.0,0.411,6.579,35.9,10.7103,4.0,411.0,18.3,370.78,5.49
0.01439,60.0,2.93,0.0,0.401,6.604,18.8,6.2196,1.0,265.0,15.6,376.7,4.38
0.02543,55.0,3.78,0.0,0.484,6.696,56.4,5.7321,5.0,370.0,17.6,396.9,7.18
0.76162,20.0,3.97,0.0,0.647,5.56,62.8,1.9865,5.0,264.0,13.0,392.4,10.45
0.15098,0.0,10.01,0.0,0.547,6.021,82.6,2.7474,6.0,432.0,17.8,394.51,10.3
0.10469,40.0,6.41,1.0,0.447,7.267,49.0,4.7872,4.0,254.0,17.6,389.25,6.05
0.14231,0.0,10.01,0.0,0.547,6.254,84.2,2.2565,6.0,432.0,17.8,388.74,10.45
4.0974,0.0,19.58,0.0,0.871,5.468,100.0,1.4118,5.0,403.0,14.7,396.9,26.42
9.51363,0.0,18.1,0.0,0.713,6.728,94.1,2.4961,24.0,666.0,20.2,6.68,18.71
0.2909,0.0,21.89,0.0,0.624,6.174,93.6,1.6119,4.0,437.0,21.2,388.08,24.16
6.96215,0.0,18.1,0.0,0.7,5.713,97.0,1.9265,24.0,666.0,20.2,394.43,17.11
0.13262,0.0,8.56,0.0,0.52,5.851,96.7,2.1069,5.0,384.0,20.9,394.05,16.47
0.11504,0.0,2.89,0.0,0.445,6.163,69.6,3.4952,2.0,276.0,18.0,391.83,11.34
0.10574,0.0,27.74,0.0,0.609,5.983,98.8,1.8681,4.0,711.0,20.1,390.11,18.07
2.81838,0.0,18.1,0.0,0.532,5.762,40.3,4.0983,24.0,666.0,20.2,392.92,10.42
0.03551,25.0,4.86,0.0,0.426,6.167,46.7,5.4007,4.0,281.0,19.0,390.64,7.51
0.88125,0.0,21.89,0.0,0.624,5.637,94.7,1.9799,4.0,437.0,21.2,396.9,18.34
2.37857,0.0,18.1,0.0,0.583,5.871,41.9,3.724,24.0,666.0,20.2,370.73,13.34
0.67191,0.0,8.14,0.0,0.538,5.813,90.3,4.682,4.0,307.0,21.0,376.88,14.81
38.3518,0.0,18.1,0.0,0.693,5.453,100.0,1.4896,24.0,666.0,20.2,396.9,30.59
11.1604,0.0,18.1,0.0,0.74,6.629,94.6,2.1247,24.0,666.0,20.2,109.85,23.27
0.21124,12.5,7.87,0.0,0.524,5.631,100.0,6.0821,5.0,311.0,15.2,386.63,29.93
0.08244,30.0,4.93,0.0,0.428,6.481,18.5,6.1899,6.0,300.0,16.6,379.41,6.36
0.11069,0.0,13.89,1.0,0.55,5.951,93.8,2.8893,5.0,276.0,16.4,396.9,17.92
0.31533,0.0,6.2,0.0,0.504,8.266,78.3,2.8944,8.0,307.0,17.4,385.05,4.14
0.54011,20.0,3.97,0.0,0.647,7.203,81.8,2.1121,5.0,264.0,13.0,392.8,9.59
1.83377,0.0,19.58,1.0,0.605,7.802,98.2,2.0407,5.0,403.0,14.7,389.61,1.92
0.7842,0.0,8.14,0.0,0.538,5.99,81.7,4.2579,4.0,307.0,21.0,386.75,14.67
0.09744,0.0,5.96,0.0,0.499,5.841,61.4,3.3779,5.0,279.0,19.2,377.56,11.41
0.62739,0.0,8.14,0.0,0.538,5.834,56.5,4.4986,4.0,307.0,21.0,395.62,8.47
0.05425,0.0,4.05,0.0,0.51,6.315,73.4,3.3175,5.0,296.0,16.6,395.6,6.29
2.14918,0.0,19.58,0.0,0.871,5.709,98.5,1.6232,5.0,403.0,14.7,261.95,15.79
4.55587,0.0,18.1,0.0,0.718,3.561,87.9,1.6132,24.0,666.0,20.2,354.7,7.12
14.0507,0.0,18.1,0.0,0.597,6.657,100.0,1.5275,24.0,666.0,20.2,35.05,21.22
0.07886,80.0,4.95,0.0,0.411,7.148,27.7,5.1167,4.0,245.0,19.2,396.9,3.56
10.8342,0.0,18.1,0.0,0.679,6.782,90.8,1.8195,24.0,666.0,20.2,21.57,25.79
88.9762,0.0,18.1,0.0,0.671,6.968,91.9,1.4165,24.0,666.0,20.2,396.9,17.21
0.05479,33.0,2.18,0.0,0.472,6.616,58.1,3.37,7.0,222.0,18.4,393.36,8.93
0.38735,0.0,25.65,0.0,0.581,5.613,95.6,1.7572,2.0,188.0,19.1,359.29,27.26
0.22188,20.0,6.96,1.0,0.464,7.691,51.8,4.3665,3.0,223.0,18.6,390.77,6.58
0.03427,0.0,5.19,0.0,0.515,5.869,46.3,5.2311,5.0,224.0,20.2,396.9,9.8
0.34006,0.0,21.89,0.0,0.624,6.458,98.9,2.1185,4.0,437.0,21.2,395.04,12.6
0.20608,22.0,5.86,0.0,0.431,5.593,76.5,7.9549,7.0,330.0,19.1,372.49,12.5
6.39312,0.0,18.1,0.0,0.584,6.162,97.4,2.206,24.0,666.0,20.2,302.76,24.1
0.09849,0.0,25.65,0.0,0.581,5.879,95.8,2.0063,2.0,188.0,19.1,379.38,17.58
2.63548,0.0,9.9,0.0,0.544,4.973,37.8,2.5194,4.0,304.0,18.4,350.45,12.64
0.01709,90.0,2.02,0.0,0.41,6.728,36.1,12.1265,5.0,187.0,17.0,384.46,4.5
1.00245,0.0,8.14,0.0,0.538,6.674,87.3,4.239,4.0,307.0,21.0,380.23,11.98
0.09378,12.5,7.87,0.0,0.524,5.889,39.0,5.4509,5.0,311.0,15.2,390.5,15.71
0.13554,12.5,6.07,0.0,0.409,5.594,36.8,6.498,4.0,345.0,18.9,396.9,13.09
0.09512,0.0,12.83,0.0,0.437,6.286,45.0,4.5026,5.0,398.0,18.7,383.23,8.94
0.08014,0.0,5.96,0.0,0.499,5.85,41.5,3.9342,5.0,279.0,19.2,396.9,8.77
5.69175,0.0,18.1,0.0,0.583,6.114,79.8,3.5459,24.0,666.0,20.2,392.68,14.98
0.02731,0.0,7.07,0.0,0.469,6.421,78.9,4.9671,2.0,242.0,17.8,396.9,9.14
0.03768,80.0,1.52,0.0,0.404,7.274,38.3,7.309,2.0,329.0,12.6,392.2,6.62
0.12579,45.0,3.44,0.0,0.437,6.556,29.1,4.5667,5.0,398.0,15.2,382.84,4.56
0.17446,0.0,10.59,1.0,0.489,5.96,92.1,3.8771,4.0,277.0,18.6,393.25,17.27
0.17142,0.0,6.91,0.0,0.448,5.682,33.8,5.1004,3.0,233.0,17.9,396.9,10.21
0.03466,35.0,6.06,0.0,0.4379,6.031,23.3,6.6407,1.0,304.0,16.9,362.25,7.83
0.82526,20.0,3.97,0.0,0.647,7.327,94.5,2.0788,5.0,264.0,13.0,393.42,11.25
0.06151,0.0,5.19,0.0,0.515,5.968,58.5,4.8122,5.0,224.0,20.2,396.9,9.29
3.67367,0.0,18.1,0.0,0.583,6.312,51.9,3.9917,24.0,666.0,20.2,388.62,10.58
8.15174,0.0,18.1,0.0,0.7,5.39,98.9,1.7281,24.0,666.0,20.2,396.9,20.85
2.36862,0.0,19.58,0.0,0.871,4.926,95.7,1.4608,5.0,403.0,14.7,391.71,29.53
0.01096,55.0,2.25,0.0,0.389,6.453,31.9,7.3073,1.0,300.0,15.3,394.72,8.23
24.8017,0.0,18.1,0.0,0.693,5.349,96.0,1.7028,24.0,666.0,20.2,396.9,19.77
0.03871,52.5,5.32,0.0,0.405,6.209,31.3,7.3172,6.0,293.0,16.6,396.9,7.14
0.07896,0.0,12.83,0.0,0.437,6.273,6.0,4.2515,5.0,398.0,18.7,394.92,6.78
6.71772,0.0,18.1,0.0,0.713,6.749,92.6,2.3236,24.0,666.0,20.2,0.32,17.44
0.43571,0.0,10.59,1.0,0.489,5.344,100.0,3.875,4.0,277.0,18.6,396.9,23.09
3.69311,0.0,18.1,0.0,0.713,6.376,88.4,2.5671,24.0,666.0,20.2,391.43,14.65
0.21719,0.0,10.59,1.0,0.489,5.807,53.8,3.6526,4.0,277.0,18.6,390.94,16.03
0.03537,34.0,6.09,0.0,0.433,6.59,40.4,5.4917,7.0,329.0,16.1,395.75,9.5
2.3139,0.0,19.58,0.0,0.605,5.88,97.3,2.3887,5.0,403.0,14.7,348.13,12.03
3.67822,0.0,18.1,0.0,0.77,5.362,96.2,2.1036,24.0,666.0,20.2,380.79,10.19
0.19539,0.0,10.81,0.0,0.413,6.245,6.2,5.2873,4.0,305.0,19.2,377.17,7.54
0.06642,0.0,4.05,0.0,0.51,6.86,74.4,2.9153,5.0,296.0,16.6,391.27,6.92
0.03932,0.0,3.41,0.0,0.489,6.405,73.9,3.0921,2.0,270.0,17.8,393.55,8.2
0.55778,0.0,21.89,0.0,0.624,6.335,98.2,2.1107,4.0,437.0,21.2,394.67,16.96
0.14932,25.0,5.13,0.0,0.453,5.741,66.2,7.2254,8.0,284.0,19.7,395.11,13.15
15.8603,0.0,18.1,0.0,0.679,5.896,95.4,1.9096,24.0,666.0,20.2,7.68,24.39
0.61154,20.0,3.97,0.0,0.647,8.704,86.9,1.801,5.0,264.0,13.0,389.7,5.12
0.05188,0.0,4.49,0.0,0.449,6.015,45.1,4.4272,3.0,247.0,18.5,395.99,12.86
0.80271,0.0,8.14,0.0,0.538,5.456,36.6,3.7965,4.0,307.0,21.0,288.99,11.69
0.75026,0.0,8.14,0.0,0.538,5.924,94.1,4.3996,4.0,307.0,21.0,394.33,16.3
12.0482,0.0,18.1,0.0,0.614,5.648,87.6,1.9512,24.0,666.0,20.2,291.55,14.1
0.1,34.0,6.09,0.0,0.433,6.982,17.7,5.4917,7.0,329.0,16.1,390.43,4.86
0.13914,0.0,4.05,0.0,0.51,5.572,88.5,2.5961,5.0,296.0,16.6,396.9,14.69
0.57529,0.0,6.2,0.0,0.507,8.337,73.3,3.8384,8.0,307.0,17.4,385.91,2.47
0.08829,12.5,7.87,0.0,0.524,6.012,66.6,5.5605,5.0,311.0,15.2,395.6,12.43
0.59005,0.0,21.89,0.0,0.624,6.372,97.9,2.3274,4.0,437.0,21.2,385.76,11.12
0.11132,0.0,27.74,0.0,0.609,5.983,83.5,2.1099,4.0,711.0,20.1,396.9,13.35
11.1081,0.0,18.1,0.0,0.668,4.906,100.0,1.1742,24.0,666.0,20.2,396.9,34.77
0.09164,0.0,10.81,0.0,0.413,6.065,7.8,5.2873,4.0,305.0,19.2,390.91,5.52
0.2896,0.0,9.69,0.0,0.585,5.39,72.9,2.7986,6.0,391.0,19.2,396.9,21.14
0.05302,0.0,3.41,0.0,0.489,7.079,63.1,3.4145,2.0,270.0,17.8,396.06,5.7
1.38799,0.0,8.14,0.0,0.538,5.95,82.0,3.99,4.0,307.0,21.0,232.6,27.71
0.06211,40.0,1.25,0.0,0.429,6.49,44.4,8.7921,1.0,335.0,19.7,396.9,5.98
1.62864,0.0,21.89,0.0,0.624,5.019,100.0,1.4394,4.0,437.0,21.2,396.9,34.41
9.72418,0.0,18.1,0.0,0.74,6.406,97.2,2.0651,24.0,666.0,20.2,385.96,19.52
0.09178,0.0,4.05,0.0,0.51,6.416,84.1,2.6463,5.0,296.0,16.6,395.5,9.04
0.11027,25.0,5.13,0.0,0.453,6.456,67.8,7.2255,8.0,284.0,19.7,396.9,6.73
0.1712,0.0,8.56,0.0,0.52,5.836,91.9,2.211,5.0,384.0,20.9,395.67,18.66
2.44668,0.0,19.58,0.0,0.871,5.272,94.0,1.7364,5.0,403.0,14.7,88.63,16.14
0.14455,12.5,7.87,0.0,0.524,6.172,96.1,5.9505,5.0,311.0,15.2,396.9,19.15
13.0751,0.0,18.1,0.0,0.58,5.713,56.7,2.8237,24.0,666.0,20.2,396.9,14.76
0.98843,0.0,8.14,0.0,0.538,5.813,100.0,4.0952,4.0,307.0,21.0,394.54,19.88
6.44405,0.0,18.1,0.0,0.584,6.425,74.8,2.2004,24.0,666.0,20.2,97.95,12.03
0.12816,12.5,6.07,0.0,0.409,5.885,33.0,6.498,4.0,345.0,18.9,396.9,8.79
3.47428,0.0,18.1,1.0,0.718,8.78,82.9,1.9047,24.0,666.0,20.2,354.55,5.29
0.26169,0.0,9.9,0.0,0.544,6.023,90.4,2.834,4.0,304.0,18.4,396.3,11.72
2.3004,0.0,19.58,0.0,0.605,6.319,96.1,2.1,5.0,403.0,14.7,297.09,11.1
0.7258,0.0,8.14,0.0,0.538,5.727,69.5,3.7965,4.0,307.0,21.0,390.95,11.28
