date,nagoya,kobe,kushiro
2018/1/1,4.8,6.7,0.9
2018/1/2,5,7,0.6
2018/1/3,3.7,5,-1.1
2018/1/4,3.1,4.9,-3.3
2018/1/5,3.4,3.9,-4.8
2018/1/6,3.8,6.3,-3.9
2018/1/7,5.3,6.4,-4
2018/1/8,5.3,8.5,-3.2
2018/1/9,6.5,7.9,1.9
2018/1/10,4.5,4.7,0.5
2018/1/11,2.6,1.9,-2.2
2018/1/12,0.7,1.8,-6.2
2018/1/13,1.3,2.7,-7
2018/1/14,2.8,4.1,-5.7
2018/1/15,5,5.8,-2.7
2018/1/16,7.7,9,0.4
2018/1/17,8.8,12.1,-0.9
2018/1/18,9.9,10.8,-1.2
2018/1/19,8,9.3,-2.2
2018/1/20,6.3,8.2,-3.3
2018/1/21,6.3,7.8,-3
2018/1/22,3.6,4.9,-5.3
2018/1/23,3.7,5.2,-3.1
2018/1/24,0.2,0.1,-4
2018/1/25,-1.1,0.3,-5.5
2018/1/26,-0.5,1.5,-3.8
2018/1/27,0.3,1.5,-4
2018/1/28,0,2.4,-4.2
2018/1/29,2.6,4.1,-4.2
2018/1/30,2.1,2.5,-7.1
2018/1/31,3.1,4,-6.8
2018/2/1,3.8,3.5,-5.3
2018/2/2,5,4.3,-4.9
2018/2/3,5.1,4.3,-5.2
2018/2/4,3.6,2.7,-2.5
2018/2/5,2.1,1.3,-2
2018/2/6,1.1,0.7,-6
2018/2/7,0.8,1.5,-7.9
2018/2/8,1.5,3.2,-5.3
2018/2/9,3,4.4,-4.1
2018/2/10,4.3,6.1,-3.7
2018/2/11,4.4,4.7,-0.1
2018/2/12,2.3,2.2,-6.5
2018/2/13,2.4,2.9,-6.7
2018/2/14,3.9,5.5,-4.4
2018/2/15,6.8,8.4,-5.1
2018/2/16,6.4,6.6,-5.8
2018/2/17,4,6.1,-5.8
2018/2/18,2.5,3.7,-8
2018/2/19,4.4,5.2,-7.4
2018/2/20,7.1,7.6,-4.1
2018/2/21,5.7,6.8,-6
2018/2/22,5.3,6.4,-6.3
2018/2/23,5.9,6.9,0.9
2018/2/24,5.9,7.8,-1.8
2018/2/25,6.6,7.2,-4.5
2018/2/26,9.1,8.6,-5.3
2018/2/27,8.3,8.7,-5.6
2018/2/28,9.9,11.4,-4.7
2018/3/1,11.9,12.4,-1.9
2018/3/2,7,8.1,1
2018/3/3,8.6,9.7,0.9
2018/3/4,12.3,14.8,1
2018/3/5,11.8,13.9,-0.7
2018/3/6,9,7.6,-2.8
2018/3/7,7.6,8.2,-4
2018/3/8,9.5,11.6,-1
2018/3/9,9.6,7.2,4.7
2018/3/10,6.4,5.9,-1.2
2018/3/11,7.3,7.5,-1.9
2018/3/12,9.3,8.9,-0.2
2018/3/13,11.4,12.7,1.2
2018/3/14,14.7,15.3,3.4
2018/3/15,15.8,16.1,2.2
2018/3/16,10.4,10.2,-0.2
2018/3/17,8,8,-2
2018/3/18,11.4,12,1.9
2018/3/19,12.8,14.8,2.8
2018/3/20,10,9.3,-2.1
2018/3/21,7.3,9.2,-1.8
2018/3/22,9.7,10,1.8
2018/3/23,9.3,8.4,-0.3
2018/3/24,10.8,10.1,0.7
2018/3/25,13.4,12.5,4
2018/3/26,14.5,14.1,5.1
2018/3/27,15.2,15.3,2.7
2018/3/28,16.7,16.4,4.9
2018/3/29,17.1,17.6,7.7
2018/3/30,14.1,13.4,2.8
2018/3/31,13.4,13,4.2
2018/4/1,16,16.2,2.1
2018/4/2,19,17.9,2.3
2018/4/3,19.8,18.5,5.7
2018/4/4,19.2,18.3,3.3
2018/4/5,15.2,14.6,1.9
2018/4/6,17.2,16.9,0.1
2018/4/7,10.7,10.5,1.2
2018/4/8,8.3,8.9,2.8
2018/4/9,10.2,11.9,3.6
2018/4/10,13.5,15.1,3.8
2018/4/11,16.5,17.6,4.8
2018/4/12,18,17.9,5.4
2018/4/13,14.5,15,1.9
2018/4/14,14.5,14.8,3.3
2018/4/15,13,15,2.1
2018/4/16,13.6,13.7,3.9
2018/4/17,13.3,14.9,5.6
2018/4/18,15.7,16.1,5.7
2018/4/19,16.8,17.4,6.1
2018/4/20,19.6,19.3,6.9
2018/4/21,19.8,19.7,8.3
2018/4/22,21.1,19.8,7.3
2018/4/23,20.2,20.2,5
2018/4/24,18.4,19.2,6.2
2018/4/25,17.9,17.2,6
2018/4/26,17.7,16.4,7.8
2018/4/27,18.9,17.9,8.1
2018/4/28,19.1,17.6,6.1
2018/4/29,19.4,19.4,8.3
2018/4/30,19,19.6,10.7
2018/5/1,21.5,20.5,10.6
2018/5/2,19.4,20.2,8.1
2018/5/3,18.9,18.9,5.1
2018/5/4,15.6,15.9,6.4
2018/5/5,18.3,18.3,7.7
2018/5/6,19.5,18.7,6.7
2018/5/7,16.8,18.4,8.4
2018/5/8,17.5,17.9,5.6
2018/5/9,16.4,16.1,4.3
2018/5/10,14.8,14.5,5.4
2018/5/11,16.7,16.7,8.6
2018/5/12,19.2,19.1,13
2018/5/13,17.7,18.4,9.9
2018/5/14,20.9,20.9,12.6
2018/5/15,21.9,21.3,12.1
2018/5/16,22.5,22.8,9.7
2018/5/17,24.1,23.4,12.2
2018/5/18,25.6,23.4,7.7
2018/5/19,18,17.2,7.4
2018/5/20,17.2,18.2,8.4
2018/5/21,20.1,21.1,9.8
2018/5/22,20.3,21,10.1
2018/5/23,17.7,19.3,11.9
2018/5/24,21.3,21.1,12.2
2018/5/25,23,23,10.5
2018/5/26,22.8,22.5,11
2018/5/27,23.7,22.1,10.9
2018/5/28,22.4,22.9,11.2
2018/5/29,22.7,23.5,11.5
2018/5/30,19.5,20.5,11.6
2018/5/31,17.2,19.8,13.4
2018/6/1,21.3,21.5,11.9
2018/6/2,22.4,21.2,14
2018/6/3,22.9,22.5,13.2
2018/6/4,23.9,23,13.9
2018/6/5,23.6,22.3,13.8
2018/6/6,19.4,20.1,15.9
2018/6/7,22.6,22.7,13.8
2018/6/8,22.6,23.1,12.6
2018/6/9,24.1,24.6,8.5
2018/6/10,21.3,22.6,9.3
2018/6/11,24.1,24.1,12.2
2018/6/12,23.7,21.6,8.5
2018/6/13,22.7,21,9.1
2018/6/14,22.6,21.5,10.3
2018/6/15,21.6,21.6,9.7
2018/6/16,21.2,20.8,7.6
2018/6/17,21.8,22.3,9
2018/6/18,21,24.4,11.4
2018/6/19,23.1,22.6,14
2018/6/20,20.9,21.8,13.2
2018/6/21,23.3,22.8,11.9
2018/6/22,24.5,24,13.8
2018/6/23,20.3,22.2,15.8
2018/6/24,24.3,23.5,15.4
2018/6/25,27.4,25.3,13.2
2018/6/26,26.6,26.3,12.3
2018/6/27,27.1,25.9,14.1
2018/6/28,26.8,25.9,17.6
2018/6/29,26.4,25.1,14.4
2018/6/30,27.3,26.7,17.3
2018/7/1,27.9,28,16.1
2018/7/2,28,28.3,15.7
2018/7/3,27.2,28.6,18.3
2018/7/4,25.7,26.3,15.8
2018/7/5,24.6,24.4,10.5
2018/7/6,24.3,24.1,12.5
2018/7/7,25.5,24.6,10.5
2018/7/8,26.9,26.4,12.7
2018/7/9,27.7,27.6,13
2018/7/10,28.5,27.6,13.9
2018/7/11,29.7,28.3,15.2
2018/7/12,29.4,29.1,14.6
2018/7/13,29.7,29.8,16.7
2018/7/14,30.8,30.5,16.1
2018/7/15,31.2,29.9,15.2
2018/7/16,31.5,30.2,20.3
2018/7/17,31,29.5,17.5
2018/7/18,32,31.2,15.7
2018/7/19,31,31.3,16
2018/7/20,30.8,30.1,17.4
2018/7/21,30.5,29.8,19.4
2018/7/22,32.7,29.5,20.5
2018/7/23,33.3,31.5,18
2018/7/24,32.2,31.6,17.3
2018/7/25,30.8,30.4,17.1
2018/7/26,29.3,29.9,17.7
2018/7/27,28.4,27.9,18.1
2018/7/28,29.2,28.8,18.8
2018/7/29,28.4,27.3,20.7
2018/7/30,29.6,29.8,20.2
2018/7/31,29.9,30.7,19.9
2018/8/1,31,29.6,21.6
2018/8/2,33.1,29.1,21.1
2018/8/3,32.8,30.7,20.4
2018/8/4,31.7,30.9,17.5
2018/8/5,32.7,30.8,16.7
2018/8/6,33,30.9,15.2
2018/8/7,29.6,30,14.8
2018/8/8,30.2,28.3,15.8
2018/8/9,31.5,28.8,16.6
2018/8/10,30.8,29,17.5
2018/8/11,31.3,29.4,15.4
2018/8/12,28.2,29.9,17.5
2018/8/13,29.6,29.9,18.7
2018/8/14,30.2,30.4,19.9
2018/8/15,26.9,28.7,18
2018/8/16,27.9,27.9,14.4
2018/8/17,26.5,25.8,15.1
2018/8/18,25,25.7,15.7
2018/8/19,25.5,27.1,15.2
2018/8/20,26.2,28.9,18.9
2018/8/21,28.9,30.2,19.4
2018/8/22,30.4,31.5,20.2
2018/8/23,28.8,30.7,21.6
2018/8/24,28,28.1,18.5
2018/8/25,29.8,28.5,15.1
2018/8/26,31.1,28.5,17
2018/8/27,31.1,29.3,17
2018/8/28,29.5,28.8,15.1
2018/8/29,30.1,28.6,15.6
2018/8/30,29.7,28.3,16.1
2018/8/31,28.6,28.5,18.1
2018/9/1,24.5,26.5,18
2018/9/2,25.6,26.2,16.9
2018/9/3,26.7,27.9,17.2
2018/9/4,25.8,27,17.3
2018/9/5,27.5,27,19.2
2018/9/6,26.6,26.5,20
2018/9/7,26.6,26.1,19.7
2018/9/8,26.2,23.4,19.4
2018/9/9,26.2,24.5,17.5
2018/9/10,23.7,23.7,14.6
2018/9/11,22.4,24.8,14.1
2018/9/12,21.3,23.2,13.3
2018/9/13,23.3,24,16
2018/9/14,22.3,23.8,17.9
2018/9/15,22.5,25.1,17.8
2018/9/16,25.9,27.3,17.7
2018/9/17,26.3,25.8,18.5
2018/9/18,25.1,25.2,17
2018/9/19,24.1,25.2,16.1
2018/9/20,20.2,21.6,14.8
2018/9/21,20,23.3,14.2
2018/9/22,23.5,25.5,13.5
2018/9/23,24.3,24,15.5
2018/9/24,25.4,24.2,16.4
2018/9/25,21.1,22.3,17
2018/9/26,20.6,21,15.5
2018/9/27,19.3,20.1,13.7
2018/9/28,21.2,21.7,13.1
2018/9/29,18.7,19.5,14.2
2018/9/30,21.8,23.6,14.9
2018/10/1,22.8,22.1,17.4
2018/10/2,20.2,21.2,13.5
2018/10/3,21.1,22.1,13.9
2018/10/4,20.3,21.2,12.7
2018/10/5,23.4,24.2,12.6
2018/10/6,25.3,26,13.6
2018/10/7,24.4,25.2,12.3
2018/10/8,22.4,23.4,13.4
2018/10/9,22.3,23.3,13.7
2018/10/10,21,21.3,13
2018/10/11,20.1,18.5,14.1
2018/10/12,18.5,18.1,14.1
2018/10/13,18.4,18.8,11.9
2018/10/14,18.9,20,10.5
2018/10/15,16.8,20.1,10.7
2018/10/16,16.7,19.7,11.2
2018/10/17,18.6,19.6,9.2
2018/10/18,18.7,19.4,8.9
2018/10/19,18.6,19.6,8.3
2018/10/20,16.7,17.6,8.7
2018/10/21,16.7,17.1,9.4
2018/10/22,16.9,18.7,9.7
2018/10/23,16.3,18.8,11.5
2018/10/24,18.4,19.3,12.3
2018/10/25,17.6,18.1,11.7
2018/10/26,17.7,18.9,10.5
2018/10/27,18.1,18.6,12.6
2018/10/28,15.3,16.8,12.6
2018/10/29,15.4,17.5,12.5
2018/10/30,15.1,17,10
2018/10/31,13.3,14.7,7.9
2018/11/1,13,14.7,7.4
2018/11/2,14.3,14.6,6.8
2018/11/3,15,15.7,7.1
2018/11/4,14.6,17.1,9.1
2018/11/5,17.3,18,9.6
2018/11/6,17,19.2,10.9
2018/11/7,17.1,18.2,8.5
2018/11/8,17.7,18.8,8.1
2018/11/9,17,20.3,9.8
2018/11/10,17.1,18.2,12.7
2018/11/11,14.6,16.1,10.4
2018/11/12,15.6,16.2,7.6
2018/11/13,15.6,15.7,6.9
2018/11/14,14.1,13.8,5.7
2018/11/15,13.2,14.2,5.6
2018/11/16,12.6,14.7,5.5
2018/11/17,14.8,15.8,5.5
2018/11/18,13.6,15.4,2.9
2018/11/19,13.7,14.3,3.2
2018/11/20,12.2,13.1,3.7
2018/11/21,11.4,12.3,-0.8
2018/11/22,12.2,12.1,-0.7
2018/11/23,9.2,9.6,-0.4
2018/11/24,8.8,9.8,-1.8
2018/11/25,9.8,12.1,3.3
2018/11/26,11.9,13.2,5.7
2018/11/27,14,15,7.2
2018/11/28,13.8,14.8,5.8
2018/11/29,12.6,13.8,2
2018/11/30,10.6,13.1,-1.7
2018/12/1,10.9,14,-2.9
2018/12/2,10.8,13.6,0.7
2018/12/3,12.8,16.1,0.9
2018/12/4,15.6,19.4,2.9
2018/12/5,15.7,15.5,4.6
2018/12/6,12.3,13.2,0.2
2018/12/7,11.9,11.7,-1.5
2018/12/8,6.9,6.7,-4.6
2018/12/9,5.3,5.6,-7.4
2018/12/10,5.3,6.6,-4.2
2018/12/11,6,7.9,-5.5
2018/12/12,9.3,9.7,-5
2018/12/13,7.7,8.1,-3.2
2018/12/14,6.4,6.8,-3.4
2018/12/15,5.2,6.5,-4.4
2018/12/16,5.6,7.5,-2.1
2018/12/17,8.6,10.1,4.4
2018/12/18,7.5,8.5,-0.7
2018/12/19,7.7,10.1,1.8
2018/12/20,8.7,11.3,-1.3
2018/12/21,9,11.5,-4.2
2018/12/22,10.3,12.3,-1
2018/12/23,10.8,12.4,0.7
2018/12/24,8,9,-1
2018/12/25,5.8,7.6,-1.3
2018/12/26,7.4,9.5,-0.7
2018/12/27,7.6,8.8,-5.4
2018/12/28,2.9,3.5,-3.8
2018/12/29,1.5,3.7,-3
2018/12/30,2.6,4.2,-0.6
2018/12/31,3.6,5,-2
2019/1/1,4.4,6.1,-4
