Date,Area_Ave,Area_Max,Area_Med,Area_Min,Area_Qt1,Area_Qt3,Area_count,Diameter_Ave,Diameter_Max,Diameter_Med,Diameter_Min,Diameter_Qt1,Diameter_Qt3,Diameter_count,LongDia_Ave,LongDia_Max,LongDia_Med,LongDia_Min,LongDia_Qt1,LongDia_Qt3,LongDia_count,Perimeter_Ave,Perimeter_Max,Perimeter_Med,Perimeter_Min,Perimeter_Qt1,Perimeter_Qt3,Perimeter_count,ShortDia_Ave,ShortDia_Max,ShortDia_Med,ShortDia_Min,ShortDia_Qt1,ShortDia_Qt3,ShortDia_count
201903140755,143.7064677,2696,56,5,18,163,603,10.89043085,58.588854,8.444016,2.523133,4.787307,14.406181,603,12.58977293,67.636513,9,2,4.24264,16.899852,603,45.83018242,333.756,33.796,9.414,17.656,62.057,603,9.088392163,53.87368,6.859943,0.6,3.535534,12.8485575,603
201903140756,162.592511,7014,61,5,19,169.25,1816,11.3122871,94.501334,8.812923,2.523133,4.918491,14.67976275,1816,12.98959967,150.333832,10,2,4.949747,17.46291175,1816,47.2830859,760.314,35.554,9.414,19.07,61.936,1816,9.587180236,105.391739,7,0.707107,3.535534,12.8933425,1816
201903140757,130.2778741,1624,54,5,18,156.5,1731,10.57889272,45.47242,8.29186,2.523133,4.787307,14.1160005,1731,11.99909609,73.416199,9.041945,2,4.24264,16.0929975,1731,43.90874061,440.66,33.898,9.414,18.242,58.108,1731,8.907431636,50.080017,6.666749,0.632455,3.535534,12,1731
201903140758,133.2613219,4335,54,5,18,148,1634,10.59618925,74.293293,8.29186,2.523133,4.787307,13.727325,1634,11.97485907,77.781738,9.1854795,1.414213,4.24264,15.261123,1634,43.61558262,374.304,34.14,9.414,17.7165,56.038,1634,8.917677767,72.124893,6.667349,0.894427,3.535534,12,1634
201903140759,126.2716361,7746,50,5,18,135.5,1583,10.20842055,99.310188,7.978846,2.523133,4.787307,13.134815,1583,11.58271221,103.379013,9,2,4.24264,15,1583,41.96055085,525.946,32.484,9.414,17.656,52.987,1583,8.464209113,98.429276,6.26099,0,3.130495,11,1583
201903140800,124.3432741,3286,53,5,18,137.25,1576,10.30065689,64.682804,8.214724,2.523133,4.787307,13.2193685,1576,11.59555955,86.163887,9,1.414213,4.24264,15,1576,41.90938198,466.138,32.968,9.414,17.656,53.2705,1576,8.572867891,67.535172,6.26099,0.447214,3.130495,11.18525525,1576
201903140801,129.4509673,4797,48,5,18,150.5,1499,10.32958132,78.151968,7.81764,2.523133,4.787307,13.8427605,1499,11.58893966,102.211174,8.930501,1.414213,4.24264,16,1499,42.44509273,403.756,31.796,9.414,17.656,55.331,1499,8.667818256,71.174347,6,0.894427,3.535534,12,1499
201903140802,121.6479182,3500,48,5,17,143,1369,10.07905742,66.755812,7.81764,2.523133,4.652426,13.493452,1369,11.39289683,79.992096,9,1.414213,4.110961,15.227017,1369,41.49555734,288.406,32.14,9.414,17.07,53.694,1369,8.381386346,68.589355,6,0,3,11.314047,1369
201903140803,123.0948958,7217,47,5,18,137,1391,10.08478513,95.859114,7.735778,2.523133,4.787307,13.20734,1391,11.44615943,129.410004,8.944272,1.414213,4.24264,15,1391,41.73916751,443.488,31.554,9.414,17.656,53.159,1391,8.393830239,75.797295,6,0,3.130495,11.342701,1391
201903140804,136.9102374,30614,44,5,18,136.25,1348,10.07945205,197.430888,7.484821,2.523133,4.787307,13.17112175,1348,11.27826304,240.210114,8.046499,2,4.24264,15,1348,40.81314985,903.002,29.898,9.414,17.656,53.452,1348,8.390414184,174.035614,6,0,3.535534,11.313707,1348
201903140805,110.9953668,4246,39,5,18,122.5,1295,9.592553674,73.526697,7.046726,2.523133,4.787307,12.4888425,1295,10.87234534,126.370255,8,1.414213,4,14.849241,1295,39.41100541,466.456,29.312,9.414,17.656,50.745,1295,7.92219789,73,5.656854,0.707107,3.1463865,10.606602,1295
201903140806,109.1488049,3895,45,5,19,125,1297,9.680888535,70.422071,7.569398,2.523133,4.918491,12.615663,1297,11.26301112,161.276093,8.485281,2,4.24264,14.208339,1297,40.216734,377.692,30.14,9.414,17.656,50.522,1297,7.944725765,69.181778,5.813777,0,3.577708,10.285913,1297
201903140807,126.3991935,10410,40,5,18,133,1240,9.85726561,115.127858,7.136496,2.523133,4.787307,13.013103,1240,10.91156995,132.396912,8,2,4,14.849241,1240,40.47001774,588.85,28.726,9.414,17.656,52.0985,1240,8.301227044,118.677017,5.5222005,0.894427,3.50052525,11,1240
201903140808,111.3868149,6571,41,5,18,115.5,1259,9.5775005,91.468339,7.225152,2.523133,4.787307,12.126767,1259,10.60327318,92,8,2,4,14,1259,39.02718189,488.876,29.312,9.414,17.656,48.745,1259,7.928365319,90,5.656854,0,3.535534,10.1352915,1259
201903140809,118.8193869,5708,41,5,18,129,1207,9.804233017,85.250521,7.225152,2.523133,4.787307,12.815924,1207,11.02052552,112.411469,8,1.414213,4,15.0445895,1207,39.65993869,445.284,29.07,9.414,17.07,51.745,1207,8.043597407,88.768036,5.656854,0.707107,3,10.5393035,1207
201903140810,105.7730496,1693,44,5,18,124.25,1128,9.59574309,46.428381,7.484821,2.523133,4.787307,12.57774,1128,10.68998579,79.506706,8,1.414213,4,14.15605275,1128,38.26294504,250.432,29.898,9.414,17.07,49.694,1128,7.860317015,50,6,0.707107,3,10,1128
201903140811,127.9065256,5377,40,5,18,125,1134,9.87795052,82.741822,7.136496,2.523133,4.787307,12.615663,1134,11.25465647,353.975159,7.952847,1.414213,4,14,1134,41.04637743,1246.948,28.382,9.414,17.07,50.038,1134,8.207362188,116.245293,5.366563,0,3,10.4939065,1134
201903140812,108.5507881,1343,38,5,17,123,1142,9.570636518,41.351671,6.955796,2.523133,4.652426,12.51433,1142,10.59944127,70.111755,7.60263,2,4,14,1142,38.65771103,244.814,28.14,9.414,17.07,49.694,1142,7.918358975,39.239658,5.491252,0.707107,3,10.606602,1142
201903140813,118.9714286,2787,43,5,18,137,1085,9.915562405,59.569444,7.399277,2.523133,4.787307,13.20734,1085,11.10325286,79.76609,8,2,4,15,1085,39.90807926,288.266,28.726,9.414,17.07,52.038,1085,8.184166484,52.238663,5.6921,0.727607,3,11,1085
201903140814,113.442029,3156,38,5,17,116,1104,9.574711144,63.390409,6.955796,2.523133,4.652426,12.153016,1104,10.71828249,80.282822,7.372375,2,4,14,1104,38.83866667,271.298,27.605,9.414,17.07,49.452,1104,7.889241018,58.523697,5,0,3,10.13946625,1104
201903140815,118.6619183,3138,38,5,18,129,1053,9.876367755,63.20938,6.955796,2.523133,4.787307,12.815924,1053,10.85617817,91.847115,7.808689,1.414213,4,14.285497,1053,39.73265907,631.092,28.484,9.414,17.07,50.968,1053,8.262551418,64,5.656854,0.707107,3,11,1053
201903140816,96.75071361,3640,37,5,17,109.5,1051,9.104590672,68.077837,6.863663,2.523133,4.652426,11.8075825,1051,10.02158994,71,7.488453,2,4,13.388126,1051,36.42155471,253.158,27.898,9.414,17.07,47.694,1051,7.454010957,64,5,0.707107,3,9.964282,1051
201903140817,101.2789416,2577,35,5,18,109,907,9.256525147,57.281221,6.675581,2.523133,4.787307,11.780624,907,10.25779929,113.210625,7.211102,2,4,13.210674,907,36.96464829,320.406,27.554,9.414,17.07,47.21,907,7.555787846,43.826927,5,0,3,10,907
201903140818,121.3107287,9406,35,5,18,115.5,988,9.501044415,109.435329,6.675581,2.523133,4.787307,12.12671025,988,10.68673397,168.309723,7,2,4,14,988,38.86031984,462.24,25.898,9.414,17.07,49.1335,988,7.799621583,84.162903,5,0.894427,3,10,988
201903140819,136.1513094,5771,38,5,18,133,1031,10.12103434,85.719691,6.955796,2.523133,4.787307,13.013103,1031,11.53014046,113.607681,8,1.414213,4,15.1324155,1031,41.54956741,425.182,28.14,9.414,17.07,53.331,1031,8.405193672,74,5.269652,0,3,11.1803395,1031
201903140820,138.1796165,20039,40,5,19,132.5,991,9.956953358,159.732424,7.136496,2.523133,4.918491,12.9885965,991,11.31393275,255.548111,8,1.414213,4,15,991,41.97214531,1673.43,29.554,9.414,17.656,51.038,991,8.25186349,171.635605,5.059644,0,3.535534,10.8758715,991
201903140821,111.4819773,6711,35,5,18,108,971,9.40226191,92.437604,6.675581,2.523133,4.787307,11.72646,971,10.33511935,106.333633,7.056423,2,4,13.620807,971,38.10074356,608.646,26.968,9.414,17.656,46.745,971,7.813367036,93.076637,5,0.894427,3.171136,9.9124465,971
201903140822,102.6124031,2649,34,5,18,111.5,903,9.267321801,58.075912,6.579525,2.523133,4.787307,11.9149275,903,10.27647491,74.115021,7.071068,2,4,13.169399,903,37.16355703,224.432,26.726,9.414,17.07,47.987,903,7.613806948,45.568531,5,0.632455,3.130495,10.5231145,903
201903140823,103.5561555,2007,31.5,5,18,104,926,9.196611073,50.550883,6.3328125,2.523133,4.787307,11.507255,926,10.34061216,67.358055,7,1.414213,4,13.33279575,926,37.9289676,237.26,26.14,9.414,17.4745,47.7355,926,7.544537446,51.547119,5,0.894427,3,9.5764,926
201903140824,108.6309524,3104,31,5,18,123.25,840,9.344795571,62.866013,6.282549,2.523133,4.787307,12.52702225,840,10.47798417,102.022324,7,2,4,14,840,38.35552857,717.588,25.312,9.414,17.07,49.5125,840,7.649564971,62.574364,5,0,3,10.16094425,840
201903140825,99.99648712,3466,30,5,18,104,854,9.08470869,66.430778,6.180387,2.523133,4.787307,11.507255,854,10.2152179,216.370468,7,1.414213,4,12.70821925,854,36.90887354,496.648,25.07,9.414,17.07,45.71,854,7.392617892,38.013153,4.949747,0.707107,3,9.4868325,854
201903140826,105.4519016,2645,34.5,5,17,110,894,9.309604801,58.032048,6.627553,2.523133,4.652426,11.834541,894,10.4588057,88.282288,7,1.414213,4,14,894,38.01077405,304.992,26.019,9.414,17.07,48.866,894,7.609071903,52.253895,5,1,3,9.822879,894
201903140827,109.4791667,3130,39,5,18,115.25,912,9.571322101,63.128756,7.046726,2.523133,4.787307,12.1136425,912,10.58125786,71.55632,7.155417,2,4,14,912,38.55272588,276.266,27.554,9.414,17.07,48.366,912,7.940265803,70.446922,5.366563,0.707107,3.110584,10,912
201903140828,123.3444181,8070,31,5,17,117.75,842,9.71196479,101.365887,6.282549,2.523133,4.652426,12.244323,842,10.86643087,133.323746,7,2,4,14.64764425,842,39.27130404,416.482,25.07,9.414,17.07,50.382,842,8.009962387,79.846252,4.817151,0.707107,3,10,842
201903140829,107.2361624,7577,31,5,18,113,813,9.137235859,98.220853,6.282549,2.523133,4.787307,11.994835,813,10.19236115,141.660431,7,2,4,13.096924,813,37.26263961,435.972,26.14,9.414,17.07,47.452,813,7.453692284,94,5,0.707107,3,10,813
201903140830,111.5189718,2925,34,5,18,109,817,9.481116109,61.026434,6.579525,2.523133,4.787307,11.780624,817,10.44623973,82.841934,7,2,4,13.914021,817,39.06151285,440.558,26.726,9.414,17.07,48.624,817,7.894405696,63.236008,5,0.83205,3,10,817
201903140831,108.5831266,4306,29,5,17,100.75,806,9.263691974,74.044375,6.076508,2.523133,4.652426,11.3260005,806,10.29460275,126.186417,6.7082035,1.414213,4,13,806,37.81868983,514.444,24.898,9.414,17.07,46.3565,806,7.618758146,61.20998,4.3493085,0,3,9.829789,806
201903140832,120.1340076,18433,27,5,17,111.5,791,9.187647836,153.197991,5.86323,2.523133,4.652426,11.9149275,791,10.15260605,168.233154,6.008327,2,4,14,791,37.25281163,676.404,23.898,9.414,16.828,48.624,791,7.552260059,164.754654,4.24264,0.707107,3,9.992302,791
201903140833,95.40920716,2733,22,5,17,99.5,782,8.741207552,58.989522,5.292567,2.523133,4.652426,11.25544,782,9.713392575,95.960548,5.941742,1.414213,4,12.727921,782,35.31490793,388.38,21.898,9.414,16.828,44.624,782,7.049860449,49.593735,4,0.707107,3,9.2616725,782
201903140834,131.4017972,15135,36,5,18,114.5,779,9.607575282,138.818156,6.770275,2.523133,4.787307,12.0741555,779,10.86927267,213.757507,7.155417,2,4,14,779,39.56640565,1019.166,26.484,10,17.07,48.917,779,7.87496547,141.816727,5,0.894427,3,10,779
201903140835,138.127295,7690,34,5,17,127,817,10.0095251,98.950554,6.579525,2.523133,4.652426,12.716187,817,11.41662697,120.282822,7,2,4,14,817,41.39746634,404.864,26.726,9.414,16.828,49.796,817,8.262353972,101.787491,5,0.707107,3,11,817
201903140836,133.7819083,8673,40,5,18,120.5,807,9.903176994,105.084759,7.136496,2.523133,4.787307,12.3864725,807,11.15618419,105.048332,7.905694,1.414213,4,15,807,40.15999257,446.316,28.484,9.414,17.07,50.624,807,8.124193663,101.58036,5.09902,0.707107,3,10,807
201903140837,114.9863693,4287,30,5,17,113,807,9.440411204,73.880836,6.180387,2.523133,4.652426,11.994835,807,10.64322362,95.548172,6.36396,2,4,14,807,38.9350632,307.718,23.898,9.414,17.07,48.866,807,7.737774682,73,4.743416,1,3,9.8817165,807
201903140838,129.1182654,7450,29,5,18,112,761,9.666715445,97.394223,6.076508,2.523133,4.787307,11.941643,761,10.96899178,118.707092,6.26099,1.414213,4,13.883551,761,39.97649934,477.908,23.898,9.414,17.07,47.796,761,7.959766837,84.214371,4.706788,0.707107,3,9.899494,761
201903140839,118.8917275,3680,34,5,18,134,822,9.8131468,68.450869,6.579525,2.523133,4.787307,13.061933,822,11.15803403,120.323044,7,1.414213,4,15.19867775,822,40.09188808,369.654,25.898,9.414,17.07,53.452,822,8.061716746,48.840668,5,0.894427,3,11,822
201903140840,110.3602015,5772,24,5,17,99,794,9.004732659,85.727117,5.527906,2.523133,4.652426,11.227231,794,10.96678709,432.533722,6,1.414213,4,13,794,39.40634005,1267.14,22.898,9.414,16.828,45.468,794,7.216668773,77.392365,4,1,3,9.3479785,794
201903140841,115.7219251,9693,25,5,18,100.25,748,9.054041365,111.092353,5.641896,2.523133,4.787307,11.2978615,748,10.19755772,116.384628,6,2,4,12.7001515,748,37.2659492,492.94,23.898,9.414,17.07,45.0285,748,7.361468134,108.461548,4.1170335,0.632455,3,9,748
201903140842,145.8232258,25472,27,5,18,111.5,775,9.482903141,180.088749,5.86323,2.523133,4.787307,11.9149275,775,10.9597632,347.26123,6,1.414213,4,14,775,39.02115097,1167.268,23.898,9.414,17.07,48.694,775,7.604882734,116.225151,4.24264,0,3,9.8994945,775
201903140843,116.2872629,5655,25,5,18,105.75,738,9.285092587,84.853813,5.641896,2.523133,4.787307,11.60364275,738,10.54497075,146.85495,6.001225,2,4,13.29059825,738,38.25840108,432.24,23.191,9.414,17.07,46.9775,738,7.528992774,77.043335,4,0.707107,3,9.192388,738
201903140844,90.11988304,1437,24,5,18,97,684,8.644098477,42.774352,5.527906,2.523133,4.787307,11.113246,684,9.64897255,71.936913,5.761526,1.414213,4,12.2324825,684,35.41260526,278.814,22.777,9.414,17.07,44.124,684,6.993388491,39.556759,4.024922,0,3,9,684
201903140845,111.1133231,4430,21,5,18,97,653,9.088906492,75.102937,5.170883,2.523133,4.787307,11.113246,653,10.04893242,79.230919,5.6921,2,4,12,653,36.71223277,327.03,21.312,9.414,16.828,45.21,653,7.430027199,72.562965,4,1,3,9,653
201903140846,111.7602941,1578,23,5,17,118.25,680,9.402354884,44.823788,5.411516,2.523133,4.652426,12.270292,680,10.60257379,79.246048,6,2,4,13.421062,680,38.70894412,221.846,22.363,9.414,16.828,47.78,680,7.671617176,40.305084,4,1,3,10.2676625,680
201903140847,136.1122685,12017,30.5,5,18,109.5,864,9.712278749,123.695269,6.231468,2.523133,4.787307,11.807521,864,11.2819451,166.091309,7,1.414213,4,14.05822025,864,41.6406875,726.2,25.898,9.414,17.07,50.28,864,7.970723419,115.440216,4.797064,0.707107,3,9.91944325,864
201903140848,153.5358362,37374,31,5,18,119,879,9.729631312,218.142281,6.282549,2.523133,4.787307,12.309163,879,11.15018775,258.646088,7,2,4,14.142136,879,41.07646871,1055.956,25.554,9.414,17.656,50.522,879,8.044099143,211.981186,4.91935,0.894427,3,10.025964,879
201903140849,119.2941847,3447,31,5,18,116,877,9.611904468,66.248447,6.282549,2.523133,4.787307,12.153016,877,11.11623124,80.994385,7,2,4,14.175829,877,40.65930217,314.47,25.312,9.414,17.414,52.038,877,7.85231271,61.591011,4.949747,0.707107,3,10.285913,877
201903140850,130.0641026,2353,32,5,18,133.5,858,10.03954007,54.735113,6.383076,2.523133,4.787307,13.03747225,858,11.63622319,98.914177,7.035534,2,4,15.443307,858,42.26808159,333.782,27.191,9.414,17.07,53.9775,858,8.288017828,56.626522,4.949747,0.632455,3,10.58733775,858
201903140851,153.7750309,24766,34,5,19,118,809,9.842328439,177.575479,6.579525,2.523133,4.918491,12.257335,809,11.30697886,239.839371,7.155417,2,4,14.142136,809,41.61073177,749.996,27.312,9.414,17.656,49.796,809,8.133914811,139.757339,5,0.894427,3.638034,10,809
201903140852,118.2336218,5764,30,5,19,98,809,9.44623078,85.667688,6.180387,2.523133,4.918491,11.170384,809,11.03390644,104.762741,7,2,4,13,809,40.26093943,376.928,25.554,9.414,17.656,46.866,809,7.726052731,78.028786,4.949747,0.5547,3.535534,9,809
201903140853,129.3024772,5294,29,5,19,116,767,9.83243888,82.100732,6.076508,2.523133,4.918491,12.153016,767,11.38408346,89.300766,7,2,4,14,767,41.46554368,311.438,25.07,10,17.656,49.917,767,8.09646973,82.312019,4.472136,0.707107,3.535534,10,767
201903140854,126.1795213,3885,29,5,18,118.25,752,9.760676301,70.331612,6.076508,2.523133,4.787307,12.269804,752,11.39168942,81.550659,7,2,4,14.7369765,752,41.18459043,300.126,24.898,9.414,17.414,50.038,752,8.007059652,70.505615,4.657482,0.707107,3,10,752
201903140855,140.1976593,10716,26,5,19,103,769,9.705190494,116.807684,5.753627,2.523133,4.918491,11.451798,769,11.49358481,179.748611,6.36396,2,4,14,769,42.4020104,663.958,24.14,9.414,17.656,48.866,769,7.92589758,92.118698,4.24264,0.894427,3.535534,9.058079,769
201903140856,139.8181293,5946,29.5,5,15,103,1732,9.537616024,87.009668,6.1284475,2.523133,4.370194,11.451798,1732,11.35890016,154.833527,6.640783,1.414213,4,13.139967,1732,42.9786455,704.722,25.312,9.414,17.07,48.0985,1732,7.820665863,84.686333,4.949747,0.5547,3,9.70146825,1732
201903140857,128.4685083,2356,32,5,18,131,905,9.992638929,54.769995,6.383076,2.523133,4.787307,12.91489,905,11.70424073,86.538475,7.155417,2,4,15.114278,905,42.6362674,310.304,26.968,9.414,17.656,53.452,905,8.198815166,49.016014,5,0.727607,3,11,905
201903140858,145.9377086,5580,31,5,18,118,899,10.05642799,84.289244,6.282549,2.523133,4.787307,12.257335,899,12.06926337,147.16983,7,2,4,14.4319425,899,44.82360845,821.244,25.898,9.414,17.656,50.987,899,8.26005116,80.709877,4.91935,0.707107,3,10.1953885,899
201903140859,158.6421826,14114,31,5,16,104,953,9.825805889,134.054105,6.282549,2.523133,4.513517,11.507255,953,11.60945097,163.139618,7,2,4,13.335897,953,42.54110388,809.664,25.312,9.414,16.242,47.108,953,7.980707787,112.870689,4.949747,0,3,9.899494,953
201903140900,139.489,4270,41.5,5,19,153.25,1000,10.40043714,73.734204,7.2689425,2.523133,4.918491,13.9686635,1000,12.43140883,102.94883,8.488746,2,4,16.886316,1000,45.380388,469.908,30.726,9.414,18.242,57.7195,1000,8.662773572,68.211685,5.399567,0.83205,3.577708,11.7035785,1000
201903140901,166.3092037,20614,37,5,19,131,967,10.40557762,162.007901,6.863663,2.523133,4.918491,12.91489,967,12.63894083,161.428009,8,2,4,15,967,46.20576422,720.378,29.312,9.414,18.242,53.108,967,8.56617301,160.741882,5,0,4,11,967
201903140902,193.4897388,12100,34,5,18,139,1072,11.06097632,124.121708,6.579525,2.523133,4.787307,13.303394,1072,13.94907863,217.290405,7.778174,1.414213,4,16.621149,1072,51.38823321,730.468,28.433,9.414,17.656,58.315,1072,9.129776775,94.826035,5,0,3,11,1072
201903140903,179.9644309,15256,33,5,19,128.25,984,10.50616054,139.371957,6.482045,2.523133,4.918491,12.77859575,984,13.12562862,229.351776,7.6026305,1.414213,4,16.16006425,984,48.50369309,866.326,27.312,9.414,18.242,55.936,984,8.59279955,130.016327,4.949747,0.707107,3.535534,10.683521,984
201903140904,139.6332958,17863,30,5,19,113,889,9.70501944,150.810736,6.180387,2.523133,4.918491,11.994835,889,11.7225355,192.600006,7,2,4,14.285756,889,42.68420472,666.85,25.898,9.414,17.656,51.21,889,7.898566182,124.800003,4.91935,0.707107,3.535534,9.841853,889
201903140905,153.6332958,8857,26,5,18,109,889,9.933268052,106.193609,5.753627,2.523133,4.787307,11.780624,889,12.00064801,109.098572,6.36396,1.414213,4,14,889,44.54468166,511.22,23.898,9.414,17.656,47.796,889,8.187713147,104.355156,4.24264,0,3,9.170604,889
201903140906,139.1871477,4778,31,5,19,109,887,9.836330716,77.997042,6.282549,2.523133,4.918491,11.780624,887,11.80692898,122.161095,7,2,4,14.422205,887,43.47453213,494.392,25.554,9.414,17.656,51.21,887,8.022145616,64.697754,4.743416,0.894427,3.535534,9.6555865,887
201903140907,152.8841463,11429,24.5,5,19,111,820,9.80047244,120.631069,5.584901,2.523133,4.918491,11.888212,820,11.73206992,163.124313,6.324555,2,4,14,820,44.01240976,880.288,23.312,9.414,17.898,49.8565,820,8.134536162,149.50943,4.110961,0.894427,3.535534,9.95797,820
201903140908,145.1615385,5828,24,5,19,111.5,780,9.908228046,86.141976,5.527906,2.523133,4.918491,11.91486775,780,11.96338161,117.286499,6,2,4,14.457537,780,44.10541026,539.156,23.191,9.414,17.656,52.866,780,8.110248238,77.93071,4.24264,0.707107,3.038139,10,780
201903140909,123.5199005,3716,27,5,19,120,804,9.713843614,68.784869,5.86323,2.523133,4.918491,12.360774,804,11.85960624,149.471176,6.978505,2,4,14.997863,804,42.87222139,651.958,25.554,9.414,17.656,51.9615,804,7.845646918,74.684227,4.24264,0.632456,3.52127675,10.435516,804
201903140910,130.9777778,11283,25,5,19,96,765,9.416976027,119.85809,5.641896,2.523133,4.918491,11.055813,765,11.47116117,135.016479,6.708203,2,4,13.863621,765,41.87800784,512.736,25.898,9.414,17.656,47.796,765,7.564722886,111.122345,4.24264,0,3.535534,9,765
201903140911,168.7225025,12869,35,5,17,128,991,10.32605644,128.005155,6.675581,2.523133,4.652426,12.766153,991,12.42897309,162.142136,7.242118,2,4,15.5923625,991,45.99629869,1192.286,27.312,9.414,17.07,54.694,991,8.571731485,133.477798,5,0.707107,3,10.700056,991
201903140912,156.6872197,13421,27,5,13,105.25,892,9.672560147,130.721643,5.86323,2.523133,4.068429,11.57617825,892,11.87779486,140.232758,7.0656245,2,4,14.097621,892,43.69518386,643.028,26.14,9.414,15.656,52.5125,892,7.891634085,127.062233,4.3692535,0,2.828427,9.58369725,892
201903140913,137.5178827,14031,19,5,12,101,699,9.128974449,133.659358,4.918491,2.523133,3.90882,11.34007,699,11.83788389,225.701477,6,2,3.535534,15.267,699,45.32032618,1319.814,23.898,9.414,15.07,55.452,699,7.376077433,147.832458,3.88057,0.707107,2.828427,8.923024,699
201903140914,136.6050553,14464,16,5,13,79,633,8.724952005,135.706068,4.513517,2.523133,4.068429,10.029253,633,11.15052647,144.200012,5,1.414213,3.535534,13,633,42.29392417,535.386,21.07,9.414,15.07,44.866,633,7.047056782,136.800003,3.130495,0,2.828427,7.90484,633
201903140915,104.0094937,7945,15,5,12,77,632,8.060727948,100.577772,4.370194,2.523133,3.90882,9.901487,632,10.34873269,153.437378,4.91935,2,3.535534,12.14514975,632,38.81777215,625.016,18.07,9.414,14.4235,46.624,632,6.404195867,92.944908,3,0.632455,2.683281,7.778174,632
201903140916,114.1776,5263,15,5,11,61,625,7.983814061,81.860001,4.370194,2.523133,3.74241,8.812923,625,9.915508757,114.361259,4.472136,2,3.535534,11.287161,625,38.1673472,707.066,17.07,9.414,14.484,40.624,625,6.373080837,85.670174,3,0,2.683281,7,625
201903140917,118.6765677,4438,16,5,12,74.75,606,8.540348569,75.17072,4.513517,2.523133,3.90882,9.75570875,606,10.422148,107.945595,4.949747,2,3.241334,12.683799,606,40.728033,560.086,18.484,9.414,14.242,47.0635,606,7.004656183,86.332672,3,0.447214,2.828427,8.12794625,606
201903140918,138.0291971,8442,15,5,12,63.75,548,8.546694485,103.675881,4.370194,2.523133,3.90882,9.008923,548,10.99292158,190.89006,4.24264,2,3.535534,11.45462925,548,40.41359489,730.62,16.242,9.414,15.07,42.7705,548,6.71023138,75.499138,3,0.632456,2.828427,7.1690295,548
201903140919,140.3297101,8544,15,5,12,75,552,8.786288976,104.300329,4.370194,2.523133,3.90882,9.77205,552,10.96543193,130.53299,4.472136,2,3.535534,12.99950425,552,41.69996014,504.596,16.656,9.414,14.828,44.8915,552,7.156707489,122.640495,3,0,2.828427,8.485281,552
201903140920,159.6289855,19650,16,5,8,93.75,690,9.09848673,158.174451,4.513517,2.523133,3.191538,10.92545525,690,11.42729235,194.820618,5.656854,1.414213,2.828427,14.3241105,690,44.40509565,653.194,20.484,9.414,12.828,52.28,690,7.495019578,144.978271,3,0.707107,2,9.16170375,690
201903140921,136.3032345,7034,16,5,11,85.75,742,8.801780527,94.635971,4.513517,2.523133,3.74241,10.448904,742,11.93805722,174.731049,5,2,3.535534,13.458588,742,47.42520485,1249.292,20.605,9.414,14.242,46.038,742,7.008496704,89.088181,3,0.894427,2.236068,8,742
201903140922,112.7248428,7919,14,5,11,62,636,7.973486568,100.413067,4.222008,2.523133,3.74241,8.884866,636,9.910992135,113.985161,4.472136,2,3,11.16256275,636,38.55254403,633.538,16.656,9.414,14.242,40.124,636,6.466419643,109.053528,3,0.5547,2.236068,7.040195,636
201903140923,153.8484848,7784,20,5,12,90,693,9.406143255,99.553486,5.046265,2.523133,3.90882,10.704745,693,11.94743657,171.186157,5.385165,2,3.535534,14,693,45.24728427,524.876,20.726,9.414,14.484,48.624,693,7.79423829,81.534767,4,0,2.828427,9.170604,693
201903140924,191.6085409,7984,31,5,21,130.5,843,10.97165454,100.824325,6.282549,2.523133,5.170883,12.890196,843,14.23571487,178.535355,7.071068,2,4.357388,16.256002,843,51.41515777,697.69,27.07,9.414,18.828,57.815,843,8.798382032,100.868835,4.743416,0,4,10.5714765,843
201903140925,160.3777209,5709,26,5,21,120,781,10.38155854,85.257988,5.753627,2.523133,5.170883,12.360774,781,13.15948234,158,6,1.414213,4.24264,16,781,47.93002305,746.314,23.898,9.414,18.828,54.28,781,8.389873466,81.771065,4.24264,0.707107,4,10.261953,781
201903140926,192.7726131,20937,27,5,21,118,796,10.47163943,163.272215,5.86323,2.523133,5.170883,12.257335,796,13.00573658,184.021622,6.674493,1.414213,4.24264,15.6413935,796,48.07523869,832.008,25.019,9.414,18.484,54.28,796,8.526265168,150.475174,4.24264,0.707107,4,9.838699,796
201903140927,169.2106568,13142,26,5,20,113.5,807,10.18170396,129.355766,5.753627,2.523133,5.046265,12.021314,807,12.75055715,209.741043,6.548462,2,4.24264,15,807,46.53087732,919.638,23.898,10.242,18.484,50.866,807,8.275536721,114.218369,4.24264,0.707107,4,9.835078,807
201903140928,205.6902778,11659,25,5,21,89.5,720,10.47649852,121.838827,5.641896,2.523133,5.170883,10.67484375,720,13.1512636,155.614655,6,2,4.427188,14,720,47.25654722,624.302,22.191,9.414,18.484,49.2545,720,8.473885569,117.485863,4.24264,0.447214,4,8.485281,720
201903140929,144.8250729,6089,24,5,21,91,686,9.716540051,88.049734,5.527906,2.523133,5.170883,10.764051,686,12.270972,135.103302,6,2,4.24264,14,686,44.46469388,586.188,22.14,9.414,18.484,48.5635,686,7.734429115,77.501305,4.24264,0.707107,4,8.7503905,686
201903140930,155.3530281,4927,24,5,21,105,677,9.929774821,79.203859,5.527906,2.523133,5.170883,11.562446,677,12.486575,143.434998,5.6921,2,4.24264,14,677,45.19478582,449.972,21.312,9.414,18.828,48.382,677,7.961700123,69.781403,4.24264,0.707107,4,9,677
201903140931,151.5714286,10925,23,5,20,90.5,679,9.743951567,117.941265,5.411516,2.523133,5.046265,10.734398,679,11.88648805,150.319946,6,2,4,13.8815435,679,43.8616701,744.658,22.484,9.414,18.242,47.866,679,7.915913807,103.999573,4.024922,0.894427,4,8.353603,679
201903140932,258.0637982,27896,24,5,20,112.5,674,11.16205867,188.462968,5.527906,2.523133,5.046265,11.96817925,674,14.11945854,194.454361,5.806888,2,4,14.848339,674,52.34302967,1511.94,21.312,9.414,18.242,52.2705,674,9.061785258,189.504593,4.133781,0.707107,4,9.3862995,674
201903140933,187.3764368,17435,22.5,5,20,89.25,696,9.980087763,148.993058,5.3520415,2.523133,5.046265,10.66001725,696,12.73822332,218.100983,5.656854,2,4,14,696,48.27778736,1479.954,21.191,9.414,18.242,48.4425,696,8.06550273,169.311264,4.024922,0.632456,3.794733,8.48822525,696
201903140934,253.2198732,19919,31,5,19,145.5,946,11.8149644,159.253441,6.282549,2.523133,4.918491,13.61083025,946,15.10166599,192.919708,7.2746535,2,4.427188,17.13154575,946,53.94113531,725.754,26.484,9.414,18.242,58.5985,946,9.587019154,156.202408,4.949747,0.894427,3.535534,11,946
201903140935,234.7222222,11356,37,5,25,144.75,1062,11.8564295,120.245201,6.863663,2.523133,5.641896,13.5757505,1062,14.96567568,167.954361,8,2,5.656854,17.25387225,1062,53.02626742,654.952,27.898,9.414,21.312,56.866,1062,9.662862175,106.853775,5,0.632455,4,10.733126,1062
201903140936,283.7719113,10855,30,5,23,138,947,12.08596921,117.562814,6.180387,2.523133,5.411516,13.255367,947,15.56704253,196.643768,7,1.414213,5.656854,16.918356,947,56.27492925,756.862,24.726,9.414,21.07,56.452,947,9.798769918,127.812363,4.949747,0.707107,4,10.2488785,947
201903140937,240.2062635,27615,34,5,24.25,131.75,926,11.62478053,187.51136,6.579525,2.523133,5.5564035,12.95179,926,14.48458982,197.496826,7.778174,2,5.656854,16.60386,926,51.55232181,676.29,27.312,9.414,21.312,56.2545,926,9.432199779,193.707809,4.996151,0.707107,4,11,926
201903140938,215.0125,9495,32,5,23,136.5,960,11.49895574,109.951851,6.383076,2.523133,5.411516,13.18315025,960,14.89014123,190.94342,7.071068,2,5.366563,16.995587,960,52.53934375,766.556,25.898,9.414,20.484,57.5125,960,9.225473464,107.142799,4.949747,0.707107,4,10.99163375,960
201903140939,189.9241803,21637,31,5,24,145,976,11.03317263,165.979167,6.282549,2.523133,5.527906,13.587484,976,14.16971968,178,7,2,5.656854,17.81631675,976,49.74640369,601.284,25.554,9.414,21.312,59.108,976,8.84556282,171,4.949747,0.707107,4,11,976
201903140940,247.3164693,26051,31,5,25,137,929,11.69505152,182.124033,6.282549,2.523133,5.641896,13.20734,929,14.9466843,195.779434,7.071068,1.414213,5.656854,16.71258,929,54.53970075,1380.616,25.898,9.414,21.312,57.108,929,9.425090005,172.696945,4.992302,0.707107,4.024922,10.435514,929
201903140941,220.3634361,29724,30,5,24,107,908,10.75135881,194.539899,6.180387,2.523133,5.527906,11.672045,908,13.79060862,220.476303,7,2,5.656854,14.30474175,908,49.78176432,1165.076,23.898,9.414,21.312,49.8565,908,8.613449285,176.202148,4.949747,0.632455,4,9.51188875,908
201903140942,253.6493799,20417,32,5,26,136,887,11.73518417,161.231919,6.383076,2.523133,5.753627,13.159049,887,15.01182863,291.102722,7,2,5.656854,16.13316,887,53.15163923,1603.572,26.14,9.414,21.312,55.452,887,9.496726714,166.51384,4.949747,0,4.24264,10.4892345,887
201903140943,168.5798883,6115,30,5,24,126,895,10.58899194,88.237519,6.180387,2.523133,5.527906,12.665925,895,13.44156279,106.869598,6,1.414213,5.656854,16.0498445,895,46.7055486,406.762,23.312,9.414,21.312,54.159,895,8.364526253,90.764023,4.949747,0,4,10,895
201903140944,221.8305489,24501,30,5,22,96,838,10.48752748,176.622881,6.180387,2.523133,5.292567,11.055813,838,13.43622575,299.843109,6,2,5.656854,13.97850525,838,48.06967303,1802.486,22.191,9.414,21.07,48.2195,838,8.302420216,168.328323,4.949747,0,3.577708,8.944271,838
201903140945,261.3898089,22249,30,5,26,115,785,11.49107853,168.31015,6.180387,2.523133,5.753627,12.100518,785,14.88288712,179.229095,6,2,5.656854,15.681278,785,53.44915414,698.136,22.484,9.414,21.312,52.866,785,9.317886583,167.018631,4.949747,0,4.24264,9.470462,785
201903140946,187.7919799,11021,30,5,26,101.5,798,10.56193453,118.458318,6.180387,2.523133,5.753627,11.36800125,798,13.43566706,201.830765,6.26099,1.414213,5.656854,14.14417525,798,47.07524812,707.538,23.484,9.414,21.312,48.9425,798,8.399580145,113,4.949747,0.707107,4.24264,9,798
201903140947,167.9547739,12126,30,5,24,91.5,796,9.908549253,124.254991,6.180387,2.523133,5.527906,10.793462,796,12.25050786,138.589432,6.0714955,2,5.656854,13.32828625,796,44.1791005,617.576,22.484,9.414,21.312,46.366,796,7.895163899,124.729874,4.949747,0.447214,4,8.46653625,796
201903140948,146.5790155,5780,30,5,23.75,90,772,9.786312867,85.786506,6.180387,2.523133,5.4988085,10.704745,772,12.22182092,115.292404,6,2,5.656854,13,772,43.19245596,497.934,22.484,9.414,21.312,45.8565,772,7.782155031,76.578842,4.949747,0.632455,4,8.49082425,772
201903140949,173.4299754,15251,30,5,23.25,85,814,10.13388518,139.349117,6.180387,2.523133,5.4406135,10.403142,814,12.78964057,180.243286,6,2,5.656854,13,814,46.98985995,1533.736,22.484,9.414,21.312,46.3565,814,8.14340757,131.053146,4.949747,0.6,4,8.94427175,814
201903140950,179.9003932,19170,30,5,25,82.5,763,10.04939418,156.230605,6.180387,2.523133,5.641896,10.2485895,763,12.6244542,195.723694,6,2,5.656854,13.2717585,763,44.62365138,819.804,21.898,9.414,21.312,44.745,763,7.89988417,154.29921,4.949747,0,4,8.049845,763
201903140951,215.5807128,7926,30,5,20,129,954,11.32620303,100.457437,6.180387,2.523133,5.046265,12.815924,954,14.73450275,213.556641,7.071068,1.414213,4.24264,16.8891205,954,52.24465828,693.856,26.14,9.414,18.242,56.401,954,9.080526412,83.546181,4.472136,0,4,10,954
201903140952,200.7354839,7813,26,5,21,118.5,775,10.71885344,99.738762,5.753627,2.523133,5.170883,12.283249,775,14.01052149,169.351669,6,2,5,16.3524225,775,49.86056516,645.958,22.484,9.414,19.656,54.159,775,8.613185821,106.473152,4.24264,0.5547,4,9,775
201903140953,209.148248,14594,28,5,22,96,742,10.49370037,136.314555,5.970821,2.523133,5.292567,11.055813,742,13.40122271,175.105774,6.194468,2,5,14.849242,742,47.75080863,750.722,23.605,9.414,19.656,48.3565,742,8.311627606,135.189667,4.24264,0,4,8.49411375,742
201903140954,191.1371951,13348,26,5,22,97.25,656,10.31089253,130.365645,5.753627,2.523133,5.292567,11.1275305,656,13.19122484,237.149094,5.813776,2,5,14.46665375,656,46.96178354,900.034,21.312,9.414,19.656,47.831,656,8.189814989,140.029419,4.24264,0.707107,4,8.485281,656
201903140955,142.6768212,8167,25,5,19.5,75.5,755,9.166376938,101.973268,5.641896,2.523133,4.982378,9.804516,755,11.99556847,201.977661,5.656854,2,4.992302,12.163881,755,42.78008477,973.282,21.312,9.414,19.07,42.089,755,7.241146407,94.841049,4.24264,0,3.535534,7.9223225,755
201903140956,174.3447332,12183,26,5,22,71,731,9.726106591,124.546688,5.753627,2.523133,5.292567,9.507892,731,12.42638677,194.939453,5.813777,1.414213,5,12.5519735,731,43.89371272,702.722,21.898,9.414,19.656,42.452,731,7.637532665,122.723015,4.24264,0.707107,4,7.4528265,731
201903140957,189.5790297,11443,26,5,22,104.5,639,10.51339895,120.70493,5.753627,2.523133,5.292567,11.5348505,639,13.11114029,208.136017,5.813776,1.414213,5,14.488558,639,47.46652895,884.874,21.312,9.414,19.656,49.21,639,8.465091407,117.117737,4.24264,0.727607,4,9.2630995,639
201903140958,137.4778626,7876,27,5,23,86,655,9.470628505,100.140075,5.86323,2.523133,5.411516,10.463981,655,11.87942056,149.001221,5.813776,2,5,14,655,42.07834809,639.704,21.312,9.414,19.656,45.21,655,7.508215573,100.738525,4.24264,0,4,8.046499,655
201903140959,171.2056807,14348,36,5,22,125,1021,10.52056296,135.160797,6.770275,2.523133,5.292567,12.615663,1021,12.76095455,170.414963,8,2,5,15,1021,44.94837806,699.882,28.14,9.414,19.656,52.624,1021,8.383639667,115.550346,5,0,4,10.733126,1021
201903141000,186.4262014,13963,53,5,22,161.25,1748,11.43517816,133.335081,8.214724,2.523133,5.292567,14.32862575,1748,13.51969637,248.460678,9.192389,2,5,17.006762,1748,49.02249771,1183.076,34.624,9.414,19.656,58.764,1748,9.574511116,161.878113,6.363961,0,4,12.074767,1748
201903141001,234.4947059,26643,51,5,21,159.25,1700,11.76397498,184.181761,8.058239,2.523133,5.170883,14.23948825,1700,14.27017253,222.615753,9.049536,1.414213,5,17,1700,51.98352118,1180.044,33.261,9.414,19.656,58.522,1700,9.824741631,177.976044,6.26099,0.447214,4,12,1700
201903141002,180.9082408,18830,44,5,21,148,1711,10.95375275,154.838951,7.484821,2.523133,5.170883,13.727325,1711,13.19586238,283.307709,8.485281,1.414213,4.949747,16,1711,48.02798831,1266.158,31.312,9.414,19.07,56.624,1711,9.051740179,121.341049,6,0.707107,4,11.313707,1711
201903141003,191.1083388,13358,43,5,21,128,1523,10.97123686,130.414469,7.399277,2.523133,5.170883,12.766153,1523,13.10403438,177.405151,8.432994,1.414213,5,15,1523,47.97101248,1054.236,30.484,9.414,19.07,52.866,1523,9.086162922,103.094482,5.813776,0.707107,4,11,1523
201903141004,163.0698138,11295,44,5,21,136,1504,10.66143176,119.921811,7.484821,2.523133,5.170883,13.159049,1504,12.78132645,196.59761,8.497058,1.414213,5,15.5104565,1504,45.76847473,771.868,30.726,9.414,19.312,54.022,1504,8.738017977,107.984612,6,0.707107,4,11,1504
201903141005,217.2930857,13176,42,5,21,135,969,11.1636127,129.522987,7.312733,2.523133,5.170883,13.110581,969,13.75083839,199.631897,8.049845,1.414213,4.949747,15.617377,969,49.47634262,845.664,30.14,9.414,19.07,55.108,969,9.154208822,112.354965,5.656854,0.894427,4,10.975909,969
201903141013,192.7305586,13691,37,5,22,109,913,10.65899853,132.030006,6.863663,2.523133,5.292567,11.780624,913,12.80537875,191.985077,7.778174,1.414213,5,14,913,46.20276451,708.124,28.484,9.414,19.656,48.14,913,8.73864208,120.805298,5,0,4,9.838698,913
201903141014,149.2209738,23702,30,5,21,102.25,1068,9.749134007,173.719094,6.180387,2.523133,5.170883,11.41000275,1068,11.72592906,182.238815,7.071068,1.414213,4.949747,13.64079725,1068,42.01677903,736.378,26.019,9.414,19.07,47.21,1068,7.872635219,167.25914,4.472136,0,4,9.192389,1068
201903141015,196.1578431,12327,35,5,22,115,1020,10.72948323,125.280581,6.675581,2.523133,5.292567,12.100518,1020,12.79470331,129.977936,7.1987675,2,5,14.3401355,1020,45.85103922,659.41,26.726,9.414,19.656,50.831,1020,8.744006813,119.707787,5,0,4,10,1020
201903141016,192.0188492,24154,31,5,22,98.25,1008,10.27936896,175.367694,6.282549,2.523133,5.292567,11.18459575,1008,12.47007993,261.690338,7,2,5,13.435027,1008,45.01654563,889.358,25.312,9.414,19.57,46.6845,1008,8.32578099,144.420578,4.7577715,0.894427,4,9,1008
201903141017,127.4115347,9061,28,5,22,90.5,1023,9.352781673,107.409606,5.970821,2.523133,5.292567,10.734398,1023,11.20335605,166.220337,7,2,5,12.984597,1023,40.08964614,562.43,25.07,9.414,19.656,44.624,1023,7.5020682,100.621536,4.472136,0,4,8.854376,1023
201903141018,168.9574689,15085,30.5,5,22,111,964,10.2515974,138.588667,6.231468,2.523133,5.292567,11.888212,964,12.39133433,150.607635,7.0282115,2,5,14,964,44.21009959,795.384,25.898,9.414,19.656,47.4775,964,8.277132228,130.490372,4.797064,0.707107,4,10,964
201903141019,185.2211111,18523,28,5,22,100.25,900,10.05661444,153.571534,5.970821,2.523133,5.292567,11.2978615,900,12.1789453,303.136505,6.708203,2,5,13,900,43.25809778,980.682,23.898,9.414,19.656,46.624,900,8.08031901,155,4.472136,0.632455,4,9.55019375,900
201903141020,194.4190283,10457,35,5,22,114.25,988,10.94537826,115.38746,6.675581,2.523133,5.292567,12.06097425,988,13.38682068,253.541748,7.763471,2,5,15,988,48.22954453,744.888,27.312,9.414,19.656,51.78,988,8.903482757,98.198502,5,0.447214,4,10,988
201903141021,251.7548839,40400,44,5,17,151,2713,11.67161242,226.801406,7.484821,2.523133,4.652426,13.865755,2713,14.44009589,353.212555,8.485281,1.414213,4.24264,16.617121,2713,53.1020199,1087.74,30.382,9.414,18.242,57.21,2713,9.628872238,210.51561,5.824352,0,3.050851,11.411195,2713
201903141022,197.73297,12248,35,5,21,131,1101,10.9644281,124.878493,6.675581,2.523133,5.170883,12.91489,1101,13.5446056,147.219116,8,1.414213,4.91935,16,1101,48.32449228,551.08,28.14,9.414,18.828,54.28,1101,8.98040576,118.537758,5,0.5547,4,10.915054,1101
201903141023,199.6873315,21143,36,5,22,133,1113,11.08486978,164.07347,6.770275,2.523133,5.292567,13.013103,1113,13.74369749,179.909546,8,2,5,16.526886,1113,48.75347889,743.346,28.484,9.414,19.07,55.694,1113,9.000358603,161.351486,5,0,4,10.683218,1113
201903141024,297.7493062,30469,43,5,21,155,1081,12.37203217,196.962777,7.399277,2.523133,5.170883,14.048207,1081,15.33263335,267.558044,8.485281,1.414213,4.91935,17,1081,54.84887142,1101.434,30.14,9.414,18.828,58.866,1081,10.20549535,179.642593,5.589566,0,4,11.884246,1081
201903141025,250.8575581,35901,46,5,21,159,1032,11.93442116,213.800311,7.65304,2.523133,5.170883,14.22832,1032,15.04748289,278.8526,8.497058,2,4.9980755,18,1032,54.00386434,943.256,31.261,9.414,19.656,60.9265,1032,9.782975582,186.878098,5.8173155,1,4,11.89469825,1032
201903141026,159.9736585,5406,36,5,21,131,1025,10.57861287,82.964649,6.770275,2.523133,5.170883,12.91489,1025,12.80936539,114.929825,7.778174,2,5,15.522279,1025,45.68616585,464.036,27.898,9.414,19.07,52.866,1025,8.646206319,81.317276,5,0,4,10.733126,1025
201903141027,202.1987382,11991,31,5,21,120.5,951,10.85051586,123.561383,6.282549,2.523133,5.170883,12.3864725,951,13.41612009,201.487198,7.071068,1.414213,5,15.0041015,951,48.5200673,826.2,26.726,9.414,19.07,52.573,951,8.826240191,115.238487,4.949747,0.707107,4,10.230977,951
201903141028,183.2785433,7329,29,5,21,120,1016,10.63491325,96.600065,6.076508,2.523133,5.170883,12.360774,1016,13.22500987,129.601974,7,2,4.949747,15,1016,47.61580118,675.5,25.07,9.414,19.57,52.4425,1016,8.659994798,102.465645,4.472136,0.707107,4,9.899494,1016
201903141029,254.3226837,45489,30,5,22,123.5,939,11.09015431,240.662406,6.180387,2.523133,5.292567,12.5397145,939,13.4923205,276.28244,7,2,5,15,939,48.64702023,1105.93,26.484,9.414,19.656,51.21,939,9.047010948,218.305481,4.510671,0.707107,4,10.606602,939
201903141030,156.4777416,7281,28,5,21,121,921,10.2530605,96.283213,5.970821,2.523133,5.170883,12.412171,921,12.59265974,144.440628,7,2,4.949747,15.556349,921,44.53440825,472.138,24.726,9.414,19.312,52.382,921,8.185749566,82.329437,4.456688,0.6,4,9.838699,921
201903141031,217.4205496,31292,27,5,21,105,837,10.27095026,199.60514,5.86323,2.523133,5.170883,11.562446,837,12.58317935,214.778244,6.2,2,4.949747,13.863621,837,45.56696296,1171.942,23.898,9.414,19.07,48.038,837,8.263729833,190.076462,4.24264,0.707107,4,9,837
201903141032,215.0316456,26509,29,5,22,108,790,10.69429123,183.71801,6.076508,2.523133,5.292567,11.72646,790,12.93386819,267.97934,7,2,5,13.96590525,790,47.05414684,884.67,25.019,9.414,19.656,48.038,790,8.695845358,140.179306,4.472136,0,4,9.899494,790
201903141033,167.1416256,10943,27,5,22,104,812,10.18301363,118.038385,5.86323,2.523133,5.292567,11.507255,812,12.54067833,126.863205,6.26099,2,5,14,812,44.80920443,623.716,23.898,9.414,19.312,47.7195,812,8.159801766,109.793259,4.24264,0,4,9.391485,812
201903141034,138.7157773,5660,27,5,21,91.75,862,9.6841197,84.891318,5.86323,2.523133,5.170883,10.8082875,862,11.86497291,116.373695,6.4562115,1.414213,5,13,862,42.71703248,450.66,23.898,9.414,19.07,45.796,862,7.764506427,72.269569,4.24264,0.5547,4,8.79024525,862
201903141035,172.7819083,10501,27,5,22,111.5,807,10.40434799,115.629964,5.86323,2.523133,5.292567,11.9149275,807,12.90066109,198.530548,6.471832,2,5,15,807,46.33796778,857.206,23.898,9.414,19.312,51.745,807,8.364679105,108.851288,4.24264,0.894427,4,9.8947265,807
201903141036,207.6961178,40810,26,5,21,89,747,10.16893548,227.949349,5.753627,2.523133,5.170883,10.645108,747,12.54436112,237,6,2,5,14,747,45.73594913,947.014,21.312,9.414,19.07,46.675,747,8.226225465,232,4.24264,0.707107,4,9,747
201903141037,203.0711462,31170,26,5,21,87,759,9.975216182,199.215654,5.753627,2.523133,5.170883,10.52482,759,12.38238258,234.33992,6,1.414213,5,13.0118235,759,44.12207378,749.678,21.898,9.414,19.07,46.675,759,7.951841509,177.543777,4.24264,0.707107,4,8.538148,759
201903141038,243.6209877,30887,27.5,5,22,113.75,810,10.90722949,198.309228,5.9170255,2.523133,5.292567,12.0345535,810,13.86725905,234.7845,6.36396,2,5,15.4481215,810,48.84854815,906.912,24.726,9.414,19.656,51.0985,810,8.6209807,170.310532,4.24264,0.727607,4,9.50950375,810
201903141039,233.8255208,23567,26,5,22,90,768,10.34342675,173.22366,5.753627,2.523133,5.292567,10.704745,768,12.95793113,195.470398,6,2,4.949747,13.435027,768,46.13501042,1229.598,22.242,9.414,19.07,45.452,768,8.145625402,157.165421,4.24264,0.632455,4,8.485281,768
201903141040,206.435591,10035,25,5,21,92,753,10.48440972,113.035211,5.641896,2.523133,5.170883,10.823033,753,13.0170242,197.775208,5.813776,2,4.24264,14.000001,753,47.49157238,798.684,21.312,9.414,18.828,48.28,753,8.506076843,109.930588,4.24264,0.707107,4,8.944272,753
201903141041,213.0387597,13888,30.5,5,22,111,1032,10.90992181,132.976505,6.231468,2.523133,5.292567,11.888212,1032,14.07921124,176.100739,6.36396,1.414213,5,15.556349,1032,52.96853101,1237.05,24.019,9.414,20.4235,53.694,1032,8.908210338,142,4.949747,0,4,9.61940675,1032
201903141042,226.9763682,13654,28,5,19,130.25,804,11.18477563,131.85148,5.970821,2.523133,4.918491,12.877849,804,14.8017811,244.375061,7.194486,2,4,16.921511,804,54.68952985,834.976,25.898,9.414,18.242,58.21,804,9.184179049,110.706413,4.472136,0.5547,3.19056925,10.24173675,804
201903141043,224.6534018,10220,28,5,19,116,779,11.15445852,114.072381,5.970821,2.523133,4.918491,12.153016,779,14.68757707,181.999512,6.379052,2,4.24264,16.3634455,779,54.07382542,826.874,23.898,9.414,18.242,57.108,779,9.020358098,104.275139,4.24264,0.707107,3.535534,10,779
201903141044,228.800578,16147,27,5,21,116,692,10.97594569,143.384096,5.86323,2.523133,5.170883,12.153016,692,14.35386768,155.563492,6,1.414213,4.949747,15.68382275,692,54.34990751,1023.446,22.484,9.414,19.898,57.678,692,8.870229686,134.350281,4.24264,0.632456,4,10,692
201903141045,158.4905386,5908,27,5,21,90.5,687,9.953874639,86.731189,5.86323,2.523133,5.170883,10.734398,687,12.75218235,143.253448,5.813776,1.414213,4.949747,13.871646,687,47.73287336,680.786,21.898,9.414,19.656,49.573,687,8.042791757,83.626801,4.24264,0,4,8.4690615,687
201903141046,200.0144928,6954,29,5,19,131,897,10.9331948,94.096269,6.076508,2.523133,4.918491,12.91489,897,13.91753028,124.067734,7,2,4,16.263456,897,50.42239911,535.348,25.898,9.414,18.242,56.382,897,8.814095427,85.298164,4.477668,0.6,3.478505,10.113544,897
201903141047,255.7911227,25479,26.5,5,19,110.75,766,11.08493411,180.113493,5.8084285,2.523133,4.918491,11.87479425,766,14.56876422,207.983063,6,1.414213,4.160252,15.57464325,766,54.30803916,1266.26,22.14,9.414,18.242,54.28,766,8.905580057,167.687988,4.24264,0.948683,3.61367175,9.1824295,766
201903141048,238.3259972,12648,30,5,25,89.5,727,11.01408602,126.901276,6.180387,2.523133,5.641896,10.6749265,727,14.56753331,218.146194,6.00245,2,5.656854,14.452071,727,54.44696286,970.352,23.312,9.414,21.312,50.573,727,9.024079598,114.968056,4.949747,0.707107,4.24264,8.538148,727
201903141049,217.5828313,12137,27,5,21,97,664,10.74345059,124.311336,5.86323,2.523133,5.170883,11.113246,664,13.5328719,125.600006,5.656854,2,4.949747,15.07261175,664,50.10393675,630.71,21.898,9.414,19.07,51.3055,664,8.889529497,124.000008,4.24264,0.707107,4,9,664
201903141050,181.4786207,10389,26,5,21,91,725,10.12543637,115.011676,5.753627,2.523133,5.170883,10.764051,725,13.11127018,266.72406,5.656854,1.414213,4.949747,14.212094,725,49.02015724,824.734,21.312,9.414,19.898,51.452,725,8.284733484,93.49704,4.24264,0,4,9,725
201903141051,247.285521,13052,26,5,22,84.5,739,10.93217535,128.912073,5.753627,2.523133,5.292567,10.372454,739,13.95953725,155.127869,5.813777,2,4.949747,14.226485,739,54.18182138,1023.79,22.14,9.414,19.898,49.745,739,9.112710057,122.572594,4.24264,0,4,8.6485225,739
201903141052,250.0689127,21273,27,5,23,92,653,10.8951713,164.577109,5.86323,2.523133,5.411516,10.823033,653,14.19821987,204.407028,5.656854,2,4.949747,14.283557,653,52.9084196,922.606,21.898,10,19.898,48.624,653,8.820361403,142.306381,4.24264,0.632455,4,8.629012,653
201903141053,200.0627871,9135,27,5,23,117,653,10.74631219,107.847314,5.86323,2.523133,5.411516,12.205287,653,13.88226252,146.856201,5.824352,1.414213,4.949747,16,653,51.88777335,889.6,21.898,9.414,19.898,55.21,653,8.716756798,95.135361,4.24264,0,4,9.214252,653
201903141054,232.7434312,21303,28,5,22,102,647,10.86546835,164.693115,5.970821,2.523133,5.292567,11.395934,647,13.6898253,169.866165,6,2,5,15.294153,647,50.78007728,641.296,22.484,9.414,19.898,53.987,647,8.781641178,159.032028,4.472136,0,4,8.9442725,647
201903141055,168.5241058,11064,28,5,21,67,643,9.581675159,118.689184,5.970821,2.523133,5.170883,9.236182,643,12.30589738,138.408264,5.656854,2,5,11.7873795,643,45.92166719,616.698,21.898,9.414,20.484,40.917,643,7.665816325,113.592255,4.24264,0,3.8829015,7.0384785,643
201903141056,263.0166667,18936,29,5,22,119,660,11.259984,155.274158,6.076508,2.523133,5.292567,12.309163,660,14.4571163,223.7034,5.735315,1.414213,5.226994,16.02492225,660,53.41205758,827.524,21.898,9.414,20.484,56.866,660,9.252909345,156.08609,4.91935,0.707107,4,9.67523025,660
201903141057,170.3439306,11031,28,5,19,89.25,692,9.835974244,118.512048,5.970821,2.523133,4.918491,10.66001725,692,12.49847863,180.705124,5.656854,1.414213,4.949747,14.21027875,692,45.52736416,575.398,21.898,9.414,19.656,51.452,692,7.92653786,124.45079,4.24264,0.447213,3.535534,8.486745,692
201903141058,182.1558074,8115,26,5,20,73.75,706,9.877463626,101.648113,5.753627,2.523133,5.046265,9.69023275,706,12.90287771,183,5.656854,2,4.949747,13.28266675,706,48.03268839,692.098,21.898,9.414,19.07,46.5635,706,7.899477176,102.281174,4.24264,0.707107,3.7433385,8,706
201903141059,141.5098039,2033,31,5,22.5,126.75,102,10.27870904,50.877264,6.282549,2.523133,5.35140175,12.7021365,102,13.46633347,101.044434,6,3,5.014911,16.8305275,102,49.92507843,352.202,23.605,11.414,20.484,61.7895,102,8.227246029,36.511929,5,0.632456,4.0793515,10.19393425,102
201903141107,229.0896465,12270,32,5,20.75,84,792,10.56242169,124.990597,6.383076,2.523133,5.1397285,10.341766,792,13.51139225,206.206451,6,1.414213,5.656854,13.43935125,792,49.82089141,684.34,23.07,9.414,21.312,46.866,792,8.43474559,134.031509,5,0.447214,3.535534,8.007987,792
201903141108,239.4678161,16774,31,5,10.25,68,870,10.27177923,146.141439,6.282549,2.523133,3.6117885,9.304853,870,13.43480011,196.461777,6,1.414213,4.91935,12.644598,870,49.23889425,765.04,23.07,9.414,17.656,44.7355,870,8.111432214,135.186142,5,0,2.5549625,7.6771065,870
201903141109,213.2583732,12281,32,5,17,72.25,836,10.20008723,125.046611,6.383076,2.523133,4.652426,9.59118025,836,12.96175506,188.009262,6,2,5.366563,12.777669,836,47.37335167,691.308,23.07,9.414,20.4235,44.3055,836,8.101552632,119.534081,5,0.707107,3.09787125,7.794792,836
201903141110,235.6653696,13051,32,5,18,77,771,10.66673597,128.907134,6.383076,2.523133,4.787307,9.901487,771,13.76187445,178.797028,6,1.414213,5.656854,13.435027,771,50.08314137,778.824,23.07,9.414,21.898,46.624,771,8.531840075,139.730118,5,0,3.331088,7.958981,771
201903141111,195.9152745,18092,32,5,12,59,838,9.379790841,151.774339,6.383076,2.523133,3.90882,8.667245,838,11.66182776,169.948471,6,1.414213,4.91935,10.78521225,838,45.58550119,1511.902,23.07,9.414,18.484,40.296,838,7.531265132,157.207733,5,0,2.69886725,6.70820375,838
201903141112,242.0528402,31042,32,5,16,82,757,10.11441055,198.806192,6.383076,2.523133,4.513517,10.217908,757,12.67378486,266.471558,6,1.414213,5.375872,13.416408,757,48.49112021,1686.818,23.07,9.414,21.07,46.14,757,8.117419889,197.320511,5,0,3,8,757
201903141113,177.5564738,9212,32,5,18.25,107.75,726,10.21926128,108.30089,6.383076,2.523133,4.820103,11.71285625,726,13.38760087,476.478119,6,1.414213,5.656854,14,726,48.47727273,1165.434,22.484,9.414,21.312,51.0635,726,8.030392569,73.428398,5,0.447214,3.46392325,8.6541455,726
201903141114,191.370565,11162,32,5,17,76,761,9.798466235,119.213673,6.383076,2.523133,4.652426,9.836982,761,12.1413659,194.103165,6,1.414213,5.366563,12.480755,761,44.74952957,631.958,23.07,9.414,20.484,43.796,761,7.829525754,112.843452,5,0.632455,3,8,761
201903141115,205.0599251,19844,32,5,12,71,801,9.881852265,158.953344,6.383076,2.523133,3.90882,9.507892,801,12.6769857,188.724136,6,1.414213,4.949747,12.020815,801,46.63938577,678.404,22.484,9.414,18.484,43.21,801,7.798993348,135.505722,5,0.447214,2.667892,7.536632,801
201903141116,197.0634715,30821,32,5,14,71.5,772,9.39585789,198.097239,6.383076,2.523133,4.222008,9.541138,772,11.60563219,215.262146,6,1.414213,4.9980755,13,772,42.53746632,1144.63,23.07,9.414,18.484,44.382,772,7.387327356,211.688934,5,0,3,7.07106725,772
201903141117,182.2422744,12036,32,5,13,61,809,9.378723743,123.793017,6.383076,2.523133,4.068429,8.812923,809,12.1398274,294.92218,6,1.414213,4.91935,11.700427,809,45.12170828,1477.418,22.484,9.414,18.484,39.312,809,7.258213061,119.387909,5,0.632455,2.910428,6.599751,809
201903141118,220.2478528,16248,32,5,12,65.5,815,10.00196235,143.831833,6.383076,2.523133,3.90882,9.13214,815,13.04587592,159.367233,6,2,4.91935,12,815,48.36071166,779.524,22.484,9.414,18.484,43.917,815,7.960105957,143.753113,5,0.707107,2.828427,7,815
201903141119,165.1411609,10528,32,5,15,65.75,758,9.326308768,115.778521,6.383076,2.523133,4.370194,9.149568,758,11.67713639,168.768524,6,1.414213,4.94974725,12.30051325,758,41.95095778,641.818,22.484,9.414,19.07,43.124,758,7.288949868,104.065117,5,0.894427,3,7,758
201903141120,177.9814126,13729,32,5,14,78,807,9.683436145,132.213107,6.383076,2.523133,4.222008,9.965575,807,12.39798681,137.639648,6,1.414213,4.831383,13.425717,807,44.91540273,577.436,22.726,9.414,18.484,46.331,807,7.650829233,132.006012,5,0.707107,3,7.763471,807
201903141121,199.4973684,16647,31,5,11.75,62,760,9.74660382,145.587152,6.282549,2.523133,3.8672175,8.884866,760,12.33482038,254.017303,6,1.414213,4.472136,12.284684,760,44.10511579,836.836,22.484,9.414,17.656,41.21,760,7.550199441,104.67926,4.949747,0.5547,2.236068,7,760
201903141122,196.7761966,16072,32,5,16,70,773,9.918796867,143.050711,6.383076,2.523133,4.513517,9.440697,773,13.00545168,169.577789,6,1.414213,5,13,773,47.58304269,1102.656,23.07,9.414,19.312,44.038,773,7.672407793,130.784821,5,0,3,7,773
201903141123,240.9385848,21638,32,5,12,77,749,10.11440859,165.983003,6.383076,2.523133,3.90882,9.901487,749,13.21484394,214.02948,6,1.414213,4.743416,12.255892,749,50.17171162,1907.734,22.484,9.414,17.898,45.452,749,7.878024559,149.199539,5,0,2.828427,7.442083,749
201903141124,165.4681754,7827,32,5,18,63.5,707,9.506854379,99.828082,6.383076,2.523133,4.787307,8.9916325,707,12.10693051,217.436554,6,1.414213,5.3678915,12,707,42.96576238,668.264,22.484,9.414,21.019,38.917,707,7.372426707,102.853951,5,0.948683,3,7,707
201903141125,200.4947644,11417,32,5,15,66,764,9.834483407,120.567723,6.383076,2.523133,4.370194,9.166996,764,12.88220462,271.30957,6,1.414213,5.09902,12.016655,764,45.2490733,753.83,22.484,9.414,19.898,43.796,764,7.666768013,93.131844,5,0.894427,3,7.31914725,764
201903141126,278.3751617,48800,32,5,16,82,773,10.61994247,249.267105,6.383076,2.523133,4.513517,10.217908,773,13.53358792,296.705261,6,1.414213,5.656854,14,773,49.09595602,1159.102,22.484,9.414,20.484,48.038,773,8.46316756,256.495514,5,0.707107,3,7.958798,773
201903141127,236.0731343,10692,31,5,24,94.75,670,11.0029991,116.676807,6.282549,2.523133,5.527906,10.9835705,670,14.58392945,211.73143,6,2,5.656854,15,670,52.27993433,876.288,22.484,9.414,21.312,49.7705,670,8.655201736,104.943108,4.949747,0.6,4,8.21250925,670
201903141128,162.4667674,7631,32,5,25,71.75,662,9.642818511,98.570234,6.383076,2.523133,5.641896,9.55793425,662,11.96222455,134.705414,6,2,5.656854,12.54545175,662,44.54823867,663.844,23.07,9.414,21.312,44.831,662,7.792658801,120.11911,5,0,4.024922,7.6019725,662
201903141129,284.2721713,23287,32,5,25,83.75,654,11.1692219,172.191548,6.383076,2.523133,5.641896,10.32633025,654,14.03357323,210.092636,6,2,5.656854,13.90024325,654,52.3393578,853.218,23.07,9.414,21.312,47.9775,654,8.952604528,148.831711,5,0.784465,4.24264,8.06220425,654
201903141130,184.3212209,10416,33,5,24,83.5,688,9.963313597,115.161031,6.482045,2.523133,5.527906,10.30971475,688,12.57136656,144.397781,6,2,5.656854,14.03009025,688,46.64991279,1865.632,23.07,9.414,21.898,46.624,688,7.862394653,143.19838,5,0,4,7.8253585,688
201903141131,206.1993818,17787,32,5,21,66,647,10.07262836,150.489574,6.383076,2.523133,5.170883,9.166996,647,12.85136996,237.241348,6,1.414213,5.656854,12,647,46.57892427,745.83,23.07,9.414,21.898,41.089,647,7.944974686,104.241379,5,0.707107,4,7.1233455,647
201903141132,184.0752533,12047,32,5,22.5,68,691,10.04951019,123.849573,6.383076,2.523133,5.3520415,9.3046015,691,13.51103103,224.978897,6,2,5.656854,13.7448415,691,47.88111143,923.638,23.07,9.414,21.898,47.159,691,7.889738797,94.374702,5,0,4,7.1524475,691
201903141133,384.7963801,46414,33,5,29,86,663,11.6505673,243.096977,6.482045,2.523133,6.076508,10.464158,663,15.57752194,398.7948,6,1.414213,5.656854,13.962123,663,58.66657617,2172.344,23.07,9.414,21.898,48.987,663,9.292743158,218.646469,5,0.894427,4.24264,8.418552,663
201903141134,194.347032,11999,32,5,27,85,657,10.39354539,123.602594,6.383076,2.523133,5.86323,10.403142,657,13.18722687,207.234222,6,2,5.656854,13.281565,657,47.86170776,744.034,23.07,9.414,21.898,49.21,657,8.254608353,100.212685,5,0.707107,4.24264,8.278344,657
201903141135,395.467075,33355,30,5,26,75,653,11.62745149,206.079851,6.180387,2.523133,5.753627,9.77205,653,15.0036698,250.68988,6,1.414213,5.656854,13,653,53.01834609,842.314,22.242,9.414,21.312,44.624,653,9.074464309,170.789108,4.949747,0.707107,4.024922,8,653
201903141136,305.8878049,42360,30,5,25,66,615,10.81924274,232.237868,6.180387,2.523133,5.641896,9.166733,615,13.82995305,333.891205,6,1.414213,5.656854,12,615,50.88155122,1435.38,22.484,9.414,21.312,41.089,615,8.536999667,202.330322,4.949747,0,4.22132,7,615
201903141137,227.6197655,12924,30,5,27,75,597,10.40833902,128.2784,6.180387,2.523133,5.86323,9.77205,597,13.18786061,172.101852,5.656854,1.414213,5.656854,12.727922,597,47.09739028,608.99,21.898,9.414,21.312,43.554,597,8.172097363,115.446953,4.949747,0.447214,4.24264,7.778176,597
201903141138,219.0470588,9588,30,5,25.5,82,595,10.76833099,110.489007,6.180387,2.523133,5.6977615,10.217718,595,13.69450123,203.044174,5.656854,2,5.656854,13.9239425,595,49.99918319,675.474,21.898,9.414,21.312,47.159,595,8.467862375,86.399284,4.949747,0,4.24264,8.385308,595
201903141139,153.6841294,5833,30,5,25,66,649,9.579047906,86.17892,6.180387,2.523133,5.641896,9.166996,649,12.06800252,132.152298,5.656854,2,5.656854,12.126781,649,43.92249615,523.87,21.898,9.414,21.312,44.624,649,7.520655855,75.82457,4.949747,0.83205,4,7.60263,649
201903141140,252.519263,34255,30,5,26,67,597,10.14851896,208.841616,6.180387,2.523133,5.753627,9.236182,597,12.43157306,217.83194,5.813776,2,5.656854,12,597,46.00535008,1109.242,21.898,9.414,21.312,40.968,597,8.035166188,201.206696,4.949747,0.707107,4,7.071068,597
201903141141,174.0909091,7720,30,5,25,60,605,9.679145714,99.143377,6.180387,2.523133,5.641896,8.740387,605,12.57284517,142.128464,5.656854,2,5.656854,11.327415,605,45.58999339,608.302,21.898,9.414,21.312,41.452,605,7.552114154,90.033279,4.949747,0,4.024922,6.904757,605
201903141142,143.0635659,18464,30,5,23,68,645,9.126487408,153.326759,6.180387,2.523133,5.411516,9.304853,645,11.58414508,237.180237,5.656854,2,5.656854,12.800001,645,42.56153488,1183.84,21.898,9.414,21.312,44.624,645,7.084213377,117.707863,4.949747,0.707107,4,7.117411,645
201903141143,191.9651669,10410,30,5,17,62,689,9.693556991,115.127858,6.180387,2.523133,4.652426,8.884866,689,12.71779771,175.724243,5.656854,1.414213,5.366563,11.741012,689,45.83767199,800.836,21.898,9.414,21.07,40.624,689,7.482945244,118.114838,4.949747,0.83205,3.162277,6.708204,689
201903141144,329.7151899,56218,30,5,22,68,632,10.63597016,267.542484,6.180387,2.523133,5.292567,9.304853,632,13.63719257,277.071808,5.656854,2,5.656854,12.97689475,632,50.28757278,1276.974,21.898,9.414,21.312,44.745,632,8.491668543,270.798004,4.949747,0.5547,3.8048545,7,632
201903141145,195.7924217,25468,30,5,21,61.5,607,9.73660299,180.074609,6.180387,2.523133,5.170883,8.8483095,607,12.37262811,192.301849,5.656854,2,5.656854,11.679846,607,44.88139374,937.918,21.898,9.414,21.312,40.503,607,7.554922048,174.4133,4.949747,0.5547,4,7.035534,607
201903141146,285.9229422,30719,22,5,15,58,571,10.16717548,197.769172,5.292567,2.523133,4.370194,8.5931605,571,13.03361655,383.818237,5.656854,2,4,11.0893095,571,50.2200035,1940.218,20.484,9.414,16.242,40.503,571,8.084515886,149.478073,4,0.83205,2.84605,6.923378,571
201903141147,211.9169884,15538,21,5,16,62.75,518,9.825226228,140.654172,5.170883,2.523133,4.513517,8.9383905,518,13.03888255,289.641052,4.996151,2,4,12.19608275,518,49.36309653,1244.948,19.07,9.414,16.828,43.7705,518,7.765633004,133.397842,4,0.707107,3,7.146964,518
201903141148,146.5497835,4358,22,5,18,47,462,8.78508013,74.49012,5.292567,2.523133,4.787307,7.735778,462,11.17106908,170.802902,4.992302,1.414213,4,9.4629945,462,45.02386147,1371.546,19.656,9.414,17.414,34.64,462,7.005738608,67.926666,4,0.83205,3,6,462
201903141149,186.6192385,15100,20,5,16,40,499,8.896083038,138.657553,5.046265,2.523133,4.513517,7.136496,499,11.28430834,166.795624,4.949747,2,4,8.986909,499,43.76508617,1133,19.07,9.414,16.828,32.968,499,6.961211731,135.793945,4,0,3,5.8190645,499
201903141150,221.1805792,13796,23,5,19,96.5,587,10.48943663,132.535326,5.411516,2.523133,4.918491,11.0845295,587,13.64519368,133.003632,5,2,4.024922,15.708025,587,52.04934242,767.142,19.898,9.414,18.242,53.694,587,8.496729387,132.768066,4.24264,0.894427,3.535534,8.461917,587
201903141151,288.3495327,18505,23,5,20,62,535,10.75743788,153.496898,5.411516,2.523133,5.046265,8.8845775,535,14.27999544,205.962418,5,2,4.91935,11.508911,535,54.71029907,998.784,19.898,9.414,18.484,43.452,535,8.616121899,156.252731,4.24264,0.5547,3.535534,7,535
201903141152,231,14197,24,5,21,68,527,10.32004958,134.447692,5.527906,2.523133,5.170883,9.3038465,527,13.79769147,184.445328,5.269652,2,4.949747,13.0000005,527,54.84429222,1047.548,20.484,10.828,19.07,49.331,527,8.393538116,121.288635,4.24264,0.727607,4,7.7489645,527
201903141153,153.0831858,7757,23,5,18,48,565,8.867403961,99.380678,5.411516,2.523133,4.787307,7.81764,565,11.48060568,126.677254,5,2,4.743416,11,565,44.8224708,835.906,19.898,9.414,18.242,37.796,565,7.009352419,87.230782,4.085298,0.707107,3.53009,6,565
201903141154,263.6334012,20611,23,5,20,54.5,491,10.24015762,161.996112,5.411516,2.523133,5.046265,8.330072,491,13.46964253,242.859253,5,2,4.91935,11.3030315,491,51.41067617,1040.822,19.898,9.414,19.07,41.503,491,8.081939666,125.688629,4.24264,0.784465,4,6.8326065,491
201903141155,220.1984127,9769,24,5,21,64.25,504,10.28978575,111.527024,5.527906,2.523133,5.170883,9.04459575,504,13.50216525,257.20816,5,2,4.949747,11.44852575,504,51.64429762,1057.93,19.898,9.414,19.07,43.5985,504,8.316419893,108.37973,4.24264,0.707107,4,7.071068,504
201903141156,262.5189873,18206,23,5,20,61,553,10.39764984,152.251762,5.411516,2.523133,5.046265,8.812923,553,13.68666964,219.278931,5,2,4.949747,11,553,51.95734177,1131.586,19.898,9.414,19.07,42.038,553,8.264961047,137.559082,4.24264,0.632455,3.535534,7,553
201903141157,218.0662768,19389,23,5,21,55,513,9.828063478,157.120468,5.411516,2.523133,5.170883,8.368284,513,12.88709024,240.34079,5,2,4.949747,11.661903,513,47.17619493,717.41,19.898,9.414,19.07,41.796,513,7.678114694,112.330612,4.24264,0.707107,4,6.697875,513
201903141158,229.455516,13173,23,5,20,71.25,562,10.24646378,129.508241,5.411516,2.523133,5.046265,9.5242165,562,13.59335123,251.515015,5,2,4.7873995,12.96823,562,52.5022242,948.504,19.898,9.414,18.484,46.1495,562,8.222013299,97.274811,4.24264,0.707107,3.535534,6.96185575,562
201903141159,144.5413534,4894,23,5,20,50,532,8.914837508,78.938168,5.411516,2.523133,5.046265,7.978846,532,11.72396291,140.935577,5,2,4.91935,11,532,43.46545865,613.474,19.898,9.414,19.07,38.0985,532,6.868035004,68.864304,4.201446,0.707107,4,6,532
201903141200,329.4036364,17504,23,5,20,61.75,550,10.86343793,149.287592,5.411516,2.523133,5.046265,8.86688025,550,14.6413918,304.764496,5,2,4.91935,12,550,60.52029818,3419.674,19.898,9.414,19.07,42.296,550,8.814011022,147.411911,4.24264,0.707107,3.577708,7,550
201903141201,144.0145719,8148,23,5,19,50,549,8.660943253,101.854582,5.411516,2.523133,4.918491,7.978846,549,10.97810246,164.197189,5,2,4.91935,10,549,42.28253552,742.072,19.898,9.414,18.484,36.968,549,6.936672362,91.43399,4.24264,0.632455,3.535534,6,549
201903141202,228.3352273,11604,23,5,20,53.75,528,9.900973352,121.551107,5.411516,2.523133,5.046265,8.272047,528,13.06552255,244.263733,5,2,4.8753665,11.14545,528,48.48140909,758.862,19.898,9.414,18.484,40.8565,528,7.721450752,114.486679,4.24264,0.894427,3.7474375,6.367733,528
201903141203,305.5886403,15175,19,5,13,97,581,10.81672615,139.001475,4.918491,2.523133,4.068429,11.113246,581,14.0428035,163.382172,4.949747,2,4,14.546476,581,52.01425129,910.364,19.07,9.414,15.656,49.35,581,8.60979564,138.227859,3.535534,0,2.828427,8.411656,581
201903141204,222.3567663,17446,15,5,12,67,569,9.523354982,149.040052,4.370194,2.523133,3.90882,9.236182,569,12.24915154,204.185989,4.24264,2,3.577708,12.203403,569,44.48546573,1069.828,16.484,9.414,15.07,42.382,569,7.312828072,119.332291,3,0,2.828427,7,569
201903141205,280.4163636,37305,15,5,12,55,550,9.554321582,217.94082,4.370194,2.523133,3.90882,8.368284,550,12.72729193,240.860657,4.24264,1.414213,3.577708,11,550,45.16685455,1227.292,16.242,9.414,15.07,38.175,550,7.188425038,202.260162,3,0.894427,2.828427,6.0953625,550
201903141206,209.3149466,6389,15,5,12,86.75,562,9.854471772,90.192724,4.370194,2.523133,3.90882,10.5096545,562,13.11659583,147.345734,4.24264,2,3.535534,13.797164,562,45.83191459,585.628,16.242,9.414,15.07,47.8915,562,7.439562943,103.645836,3,0.6,2.828427,7.73428825,562
201903141207,308.9059829,26566,16,5,13,102,585,11.19600041,183.91542,4.513517,2.523133,4.068429,11.396071,585,14.55603751,184.698776,4.472136,1.414213,4,15.20526,585,50.74053333,705.028,17.07,9.414,15.07,50.866,585,8.652166844,182.253754,3,0,2.828427,9,585
201903141208,253.6467391,24058,15,5,13,75.25,552,9.723154373,175.018847,4.370194,2.523133,4.068429,9.788283,552,13.05359086,278.466461,4.472136,2,4,13.16547225,552,46.21600362,1319.05,16.242,9.414,15.07,44.624,552,7.329397424,186.386322,3,0,2.828427,7.32007075,552
201903141209,197.332737,9700,15,5,13,74,559,9.44268625,111.13246,4.370194,2.523133,4.068429,9.706685,559,13.0307397,286.911377,4.24264,2,3.577708,12.6885155,559,43.4702254,767.244,16.242,9.414,15.07,43.382,559,6.870166335,89.614601,3,0,2.828427,7.6361405,559
201903141210,231.6723485,13604,15,5,12,71.25,528,9.700074782,131.609843,4.370194,2.523133,3.90882,9.52457275,528,12.93945453,210.499725,4.24264,2,3.535534,12.31900325,528,46.33297348,710.518,15.777,9.414,15.07,43.2705,528,7.250424208,111.566383,3,0.707107,2.828427,7.01776675,528
201903141211,195.4905009,9068,15,5,13,75.5,579,9.547625244,107.451087,4.370194,2.523133,4.068429,9.804516,579,12.69069851,222.2715,4.472136,2,4,13.069891,579,46.3285734,746.9,17.07,9.414,15.07,43.503,579,7.319667718,101.674263,3,1,2.800964,7.093193,579
201903141212,279.4925373,35694,15,5,12,56.25,536,9.709544332,213.183049,4.370194,2.523133,3.90882,8.462781,536,13.08832998,257.72403,4.24264,2,3.535534,11.354479,536,45.53829104,816.136,16.242,9.414,15.07,38.2005,536,7.201578086,167.651611,3,0,2.828427,6.12240275,536
201903141213,273.7621723,25265,15,5,13,84.75,534,10.34655016,179.355505,4.370194,2.523133,4.068429,10.387798,534,13.5677409,254.873199,4.24264,2,3.535534,13.918051,534,47.6678764,1326.782,16.242,9.414,15.07,46.3215,534,7.732668522,136.858688,3,1,2.828427,8,534
201903141214,246.2892977,22468,15,5,12,62.75,598,9.664328734,169.136472,4.370194,2.523133,3.90882,8.9383905,598,13.17795292,320.629303,4.24264,1.414213,3.577708,11.18034,598,46.668,1551.94,16.363,9.414,15.07,38.968,598,7.240534358,176.294464,3,0,2.828427,6.791509,598
201903141215,272.6636197,11866,15,5,12,83.5,547,10.59958928,122.915664,4.370194,2.523133,3.90882,10.3108945,547,14.10141607,185.200027,4.24264,1.414213,3.535534,14.071068,547,49.51361974,572.468,16.242,9.414,15.07,48.28,547,8.122368995,119.124962,3,0.707107,2.828427,8.055139,547
201903141216,194.2062392,13588,15,5,12,70,577,9.357884321,131.532425,4.370194,2.523133,3.90882,9.440697,577,12.41214193,175.895599,4.608177,2,3.577708,13,577,44.72758752,644.646,17.656,9.414,15.07,45.452,577,7.176098671,119.136803,3,0.632456,2.683281,7.211102,577
201903141217,259.529304,15322,15,5,12,51,546,9.511930894,139.673105,4.370194,2.523133,3.90882,8.058239,546,12.20317497,192.501129,4.24264,2,3.535534,9.95076475,546,46.03520147,806.938,15.656,9.414,14.828,35.796,546,7.451549035,127.572701,2.828427,0.707107,2.21835175,6.0755475,546
201903141218,256.2513863,19478,15,5,12,72,541,9.960118863,157.480665,4.370194,2.523133,3.90882,9.574615,541,13.20463363,189.922638,4.24264,2,3.535534,12.527508,541,45.11957486,611.36,16.242,9.414,15.07,43.554,541,7.523824,135.906937,3,0,2.683281,7.276069,541
201903141219,238.7195572,17101,15,5,12,75.75,542,9.718575913,147.559037,4.370194,2.523133,3.90882,9.820749,542,12.64989779,232.659622,4.24264,2,3.535534,12.99133475,542,43.66993358,1015.408,16.242,9.414,15.07,42.8565,542,7.383002982,130.744446,3,0.447214,2.828427,7.71144275,542
201903141220,283.6224678,26928,15,5,11,69,543,9.994735295,185.164236,4.370194,2.523133,3.74241,9.373021,543,13.07452249,203.347946,4.24264,2,3.535534,12.0109705,543,46.00605525,756.862,16.242,9.414,14.242,42.159,543,7.631057401,190.960205,3,0,2.167457,7.071067,543
201903141221,253.284658,19328,15,5,12,73,541,9.84812293,156.873114,4.370194,2.523133,3.90882,9.640876,541,12.85331128,205.076813,4.24264,2,3.535534,13,541,46.47761922,763.792,16.242,9.414,14.828,44.624,541,7.60462829,125.962524,3,0.447214,2.683281,7.273239,541
201903141222,289.7504621,18595,15,5,11,82,541,10.37472852,153.869715,4.370194,2.523133,3.74241,10.217908,541,13.48089591,254.077408,4.24264,2,3.535534,13,541,49.87228466,1243.534,15.656,9.414,14.484,46.038,541,8.12444595,157,3,0.894427,2.236068,7.8,541
201903141223,256.2686567,24789,15,5,12,95.25,536,10.27452261,177.657916,4.370194,2.523133,3.90882,11.01251325,536,13.7698641,239.926514,4.427188,2,3.535534,14.529453,536,47.93306716,1273.33,16.242,9.414,14.828,50.624,536,7.726812306,147.660278,3,0.894427,2.683281,8,536
201903141224,185.1263941,15459,14.5,5,11,66.75,538,9.042875242,140.296151,4.296101,2.523133,3.74241,9.2188855,538,11.82739787,195.096558,4.24264,2,3.130495,12.48274425,538,42.31228996,842.53,15.656,9.414,14.242,42.5635,538,6.871508796,130.741516,3,0.707107,2.67173925,7.11656275,538
201903141225,362.7748227,23201,15,5,12,98.25,564,11.12054098,171.873298,4.370194,2.523133,3.90882,11.18459575,564,14.56534612,318.688049,4.24264,1.414213,3.535534,14.9826795,564,49.95812057,994.886,16.242,9.656,14.484,51.694,564,8.525250807,169.31778,3,0,2.683281,8.890782,564
201903141226,279.125,22055,15,5,12,98,536,10.85973907,167.574754,4.370194,2.523133,3.90882,11.170384,536,14.72921129,279.798828,4.472136,2,3.535534,14,536,51.88216045,1043.154,16.242,9.414,14.828,51.0125,536,8.212096715,130.804321,3,0.5547,2.683281,8.944272,536
201903141227,181.4629295,16513,15,5,12,63,553,8.783270231,145.000016,4.370194,2.523133,3.90882,8.956232,553,11.23830958,219.929352,4.472136,2,3.535534,11.981085,553,39.76814828,1021.064,16.242,9.414,14.828,39.452,553,6.582371966,114.462608,3,0.894427,2.683281,7.071068,553
201903141228,317.5109091,22314,15,5,11,73,550,10.50242839,168.555828,4.370194,2.523133,3.74241,9.640876,550,13.54879147,184.675888,4.472136,1.414213,3.535534,13.335897,550,51.29525091,1201.318,16.242,9.414,14.242,43.9775,550,8.24545996,167.51947,3,0.707107,2.12132,7.3994885,550
201903141229,200.0351759,8720,14,5,11,70,597,9.409863017,105.369108,4.222008,2.523133,3.74241,9.440697,597,12.52604137,239.730164,4.24264,2,3.535534,12.969194,597,45.36907873,1000.236,16.242,9.414,14.484,43.796,597,7.159258424,80.838112,2.828427,0,2,7,597
201903141230,158.595941,8843,14,5,11,53.75,542,8.617505906,106.109648,4.222008,2.523133,3.74241,8.272576,542,10.80407237,128.452438,4.24264,2,3.49276225,11.813186,542,38.1907048,506.29,15.656,9.414,14.242,37.4075,542,6.489482011,103.554062,3,0.894427,2.12132,6,542
201903141231,207.5345794,9074,15,5,11,89.5,535,9.76626326,107.48663,4.370194,2.523133,3.74241,10.674593,535,12.76170161,185.745682,4.24264,2,3.535534,13.479796,535,45.3528972,494.252,16.242,9.414,14.242,46.745,535,7.487685275,102,3,0,2.683281,8,535
201903141232,161.6815742,14417,14,5,11,67,559,8.615313174,135.485403,4.222008,2.523133,3.74241,9.2359245,559,11.16707325,245.238708,4.24264,2,3.320391,12,559,40.17590698,1331.47,15.656,9.414,14.242,42.14,559,6.359965326,87.10527,2.828427,0.632456,2.12132,6.904042,559
201903141233,194.2137546,9354,14,5,10,67.25,538,9.483441913,109.132409,4.222008,2.523133,3.568248,9.25296075,538,12.66064396,134.454407,4.24264,2,3,12.47470575,538,45.5548513,643.754,15.656,9.414,13.414,42.538,538,7.123487245,98.024017,2.828427,0.707107,2,7.04231725,538
201903141234,401.2356115,54538,14.5,5,11,93,556,11.43027355,263.514588,4.296101,2.523133,3.74241,10.881695,556,15.00415303,326.191315,4.472136,2,3.535534,14.035534,556,54.28909712,1751.404,17.656,9.414,14.242,49.2545,556,8.989409025,276.737366,3,0.707107,2.12132,8,556
201903141235,247.9168207,19582,14,5,11,70,541,9.706837852,157.900528,4.222008,2.523133,3.74241,9.440697,541,12.53541775,222,4.24264,2,3.130495,12.611853,541,46.01928651,1105.51,15.656,9.414,14.242,41.21,541,7.614821288,141.18869,2.84605,0.707107,2.12132,7,541
201903141236,227.3916968,15066,14,5,11,65,554,9.807324478,138.501361,4.222008,2.523133,3.74241,9.097284,554,12.99138815,182.84877,4.24264,2,3.162277,13.40286025,554,45.85927076,863.804,15.656,9.414,14.242,42.831,554,7.378784177,141.46431,2.902616,0.707107,2.12132,7.31054875,554
201903141237,156.0577933,13321,14,5,11,69.5,571,8.603368226,130.233728,4.222008,2.523133,3.74241,9.406859,571,11.19180311,141.039642,4.24264,1.414213,3.130495,12.0104075,571,40.42165324,682.238,15.656,9.414,14.242,42.261,571,6.541534886,120.51754,2.828427,0.894427,2.06066,7.035534,571
201903141238,193.7342007,12987,14,5,11,68,538,9.149964652,128.590676,4.222008,2.523133,3.74241,9.304853,538,11.6189862,183.710068,4.24264,1.414213,3.03262375,12.880495,538,41.85738662,641.92,16.242,9.414,14.242,42.5635,538,7.00733197,110.310677,2.8372385,1,2.12132,7.13432975,538
201903141239,226.661597,10829,14,5,11,77,526,9.652043426,117.421936,4.222008,2.523133,3.74241,9.901487,526,12.53767565,201.934357,4.24264,2,3,12.9913345,526,44.42986692,654.404,15.656,9.414,14.242,43.6495,526,7.464505173,118.400002,2.828427,0,2.12132,7.366775,526
201903141240,230.4595588,15786,14,5,10,66,544,9.537379535,141.77221,4.222008,2.523133,3.568248,9.166996,544,12.81862601,214.840942,4.24264,2,3,12.2431915,544,44.79009926,781.422,15.656,9.414,14.242,41.21,544,7.077552783,97.482834,2.828427,0.447214,2.12132,7,544
201903141241,280.7557252,31040,14,5,11,71,524,10.03157054,198.799787,4.222008,2.523133,3.74241,9.507892,524,13.60193061,244.640045,4.24264,2,3.44221975,12.70042925,524,49.2670229,1516.488,15.656,9.414,14.242,44.003,524,7.657118208,178.014221,2.828427,0,2.12132,7.7645005,524
201903141242,306.0137525,23570,14,5,10,81,509,10.41827066,173.234685,4.222008,2.523133,3.568248,10.155413,509,14.08645804,273.091583,4.24264,2,3,13.435027,509,49.19449902,1044.516,15.656,9.414,13.656,45.452,509,7.71520701,136.194992,2.828427,0.632455,2,7.071068,509
201903141243,194.287594,16937,14,5,10,56.5,532,9.072194707,146.849781,4.222008,2.523133,3.568248,8.481382,532,11.30935677,157.688004,4.24264,1.414213,3,11.16385875,532,39.9006203,613.258,15.656,9.414,13.656,36.968,532,6.952714744,149.86496,2.828427,0.707107,2,6.78145775,532
201903141244,251.0274725,14428,14,5,10,77.75,546,9.676182626,135.53708,4.222008,2.523133,3.568248,9.949553,546,12.63806732,244.19191,4.24264,1.414213,3,13.55777725,546,45.66781319,966.542,16.242,9.414,13.656,45.6495,546,7.424540476,128,2.828427,0,2,7.52845225,546
201903141245,278.0469012,12902,13,5,10,65,597,9.845548275,128.169172,4.068429,2.523133,3.568248,9.097284,597,13.34833997,302.062622,4.24264,2,3,12.020815,597,49.87666332,1289.432,15.656,9.414,13.656,40.382,597,7.382256023,120.057892,2.828427,0.707107,2,7,597
201903141246,274.8957265,10483,15,5,11,79,585,10.37014843,115.530819,4.370194,2.523133,3.74241,10.029253,585,14.04383373,251.075302,4.24264,1.414213,3,13.597793,585,49.50304274,900.708,17.07,9.414,13.656,46.038,585,7.897465499,100.080101,3,0,2,7.778174,585
201903141247,250.9628433,30860,14,5,10,77,619,9.835681296,198.222532,4.222008,2.523133,3.568248,9.901487,619,12.99387123,204.999969,4.24264,2,3,13.863621,619,46.99600969,1370.922,16.242,9.414,13.656,46.624,619,7.478282759,196.999969,2.910428,0.707107,2,7.9999995,619
201903141248,354.7107584,28890,14,5,10,79,567,10.74240132,191.791268,4.222008,2.523133,3.568248,10.029253,567,13.84225652,221,4.24264,1.414213,3,14,567,49.88550265,899.434,16.242,9.414,13.656,45.675,567,8.280130402,182.510895,3,0.707107,2,7.60263,567
201903141249,221.2289562,17478,13,5,10,77.75,594,9.41281868,149.176676,4.068429,2.523133,3.568248,9.949553,594,12.78229844,260.38092,4.24264,1.414213,3,12,594,46.38353872,1165.904,16.242,9.414,13.656,43.3915,594,7.096767746,100.215347,3,0.707107,2,7.525429,594
201903141250,207.7669173,10169,13,5,10,82.5,532,9.604584374,113.787402,4.068429,2.523133,3.568248,10.2488725,532,12.90779239,188.428421,4.24264,2,3,14.310834,532,45.71872556,801.524,15.656,9.414,13.656,46.952,532,7.291153878,91.15638,3,0.632455,2,8,532
201903141251,327.8828829,14749,13,5,10,83,555,10.76754774,137.036528,4.068429,2.523133,3.568248,10.2792775,555,14.20280034,254.061264,4.24264,1.414213,3,13.3646065,555,51.68397117,926.81,15.656,9.414,13.414,46.503,555,8.15773542,125.288452,2.828427,0.894427,2,8,555
201903141252,314.9727428,25571,14,5,10,85,587,10.71124094,180.438378,4.222008,2.523133,3.568248,10.403142,587,14.54938335,205.414703,4.743416,2,3,14,587,49.32908688,854.39,17.898,9.414,13.656,46.038,587,8.086640174,176.270004,3,0.894427,2,8,587
201903141253,318.5395948,19517,13,5,9,84,543,10.75834434,157.638245,4.068429,2.523133,3.385138,10.341033,543,14.99102885,289.323303,4.024922,1.414213,3,13.684664,543,50.72041621,983.918,16.242,9.414,12.828,45.331,543,7.957978352,149.514465,2.828427,0,2,7.7170555,543
201903141254,401.232381,27671,11,5,8,99,525,11.06538974,187.701389,3.74241,2.523133,3.191538,11.227231,525,14.99098423,249.608688,4,2,2,15,525,51.13243048,849.664,15.656,9.414,11.414,49.452,525,8.2398698,175.353256,2.12132,0.707107,2,8.103639,525
201903141255,288.8180147,32023,10,5,8,65.25,544,9.680710708,201.923129,3.568248,2.523133,3.191538,9.114712,544,12.66106029,350.361847,4,1.414213,2,13.00579575,544,45.91928676,1363.266,15.07,9.414,11.414,41.882,544,7.366798342,156.208679,2.12132,0,2,6.935494,544
201903141256,295.9004065,21625,10,5,8,72.25,492,9.919437028,165.933135,3.568248,2.523133,3.191538,9.59118025,492,12.86279337,273.264954,3.535534,1.414213,2,12.377856,492,47.30554065,1166.872,14.242,9.414,11.414,42.089,492,7.628526654,120.431328,2.12132,0,2,7.49042425,492
201903141257,288.8844133,27519,13,5,8,75.5,571,9.971498907,187.185146,4.068429,2.523133,3.191538,9.804516,571,13.16636333,259.877045,4.472136,2,2.828427,12.020815,571,50.25282312,1765.098,16.484,9.414,12.242,43.331,571,7.59231663,163.690887,2.828427,0.894427,2,7.7696565,571
201903141258,324.4540441,33887,14,5,10,86.25,544,10.13358084,207.716799,4.222008,2.523133,3.568248,10.4793235,544,13.18153604,254.179306,4.24264,1.414213,3,13.1430845,544,47.37620956,1151.42,15.656,9.414,13.414,45.21,544,7.710157283,192.155365,3,0,2,8.00091875,544
201903141259,244.7702479,18239,12,5,9,62,605,9.587118086,152.389685,3.90882,2.523133,3.385138,8.884866,605,12.54773928,187.244019,4.024922,2,2.828427,11.926054,605,48.79572562,1261.33,15.656,9.414,12.828,40.14,605,7.375144372,167.908829,2.828427,0,2,6.708204,605
201903141300,211.1669725,15811,13,5,10,67,545,9.446560261,141.884426,4.068429,2.523133,3.568248,9.236182,545,12.49187059,197.675095,4.24264,2,3,12,545,43.99893945,581.016,15.656,9.414,13.07,41.796,545,7.085986422,105.430542,2.828427,0,2,7,545
201903141301,234.7382298,11639,13,5,9,61,531,9.580467143,121.734281,4.068429,2.523133,3.385138,8.812923,531,11.97984066,190.275238,4.24264,2,3,12,531,42.83248964,572.124,15.656,9.414,12.828,39.675,531,7.331937544,100.409149,2.828427,0.632455,2,6.640783,531
201903141302,255.3993506,15384,18,5,15,83.25,616,10.34349634,139.955411,4.787307,2.523133,4.370194,10.29545875,616,13.87046021,319.725586,4.24264,2,4,13.34708225,616,49.47260065,968.402,18.242,9.414,16.242,47.347,616,7.943775367,98.711708,3.535534,0.632456,3,8,616
201903141303,230.516129,16022,19,5,17,65,527,9.926700917,142.828022,4.918491,2.523133,4.652426,9.0970145,527,12.72902206,187.931946,4.743416,2,4,12.020815,527,47.10874383,755.588,18.242,9.414,16.828,40.796,527,7.631424112,141.037552,4,0.707107,3,7.236733,527
201903141304,276.4204545,8971,21,5,18,58.75,528,10.57323513,106.874842,5.170883,2.523133,4.787307,8.64834075,528,13.71447823,184.041397,4.949747,2,4,12,528,53.15857197,818.492,19.07,9.414,17.414,40.038,528,8.31929982,101.001343,4,0.6,3,6.36396,528
201903141305,232.1988304,11112,21,5,19,58,513,10.15657128,118.946365,5.170883,2.523133,4.918491,8.59348,513,12.98230802,159.117096,5,2,4,11.700427,513,50.46469396,1246.184,19.07,9.414,17.656,41.554,513,7.986277901,122.640129,4,0.707107,3,6.80973,513
201903141306,156.6457143,11264,21,5,18,44,525,8.643835636,119.75713,5.170883,2.523133,4.787307,7.484821,525,11.21339883,229.294159,5,1.414213,4,10,525,42.04884571,724.48,19.07,9.414,17.656,37.452,525,6.621558762,76.235306,4,0.5547,3,5.824352,525
201903141307,235.4378819,11768,21,5,18,52.5,491,9.680755157,122.407038,5.170883,2.523133,4.787307,8.175791,491,12.15300639,169.120712,4.949747,2,4,11,491,47.31878615,831.116,19.07,9.414,17.414,39.261,491,7.68274567,126.062263,4,0.632455,3,6.26099,491
201903141308,295.55625,25511,21,5,18.75,70.5,480,10.59229615,180.226563,5.170883,2.523133,4.885695,9.4741765,480,13.19780361,296.360535,4.949747,2,4,12.01030675,480,48.63451667,911.422,19.07,10.828,17.656,45.21,480,8.34663165,133.628616,4,0,3,7.1301775,480
201903141309,340.8643725,30902,20,5,18,63.25,494,10.88578289,198.357375,5.046265,2.523133,4.787307,8.9735055,494,13.81914068,346.4823,4.949747,2,4,13.01773525,494,52.81565587,1103.968,19.07,9.414,17.414,44.5985,494,8.640524887,191.186249,4,0.5547,3,6.82200825,494
201903141310,174.4565217,9615,20,5,18,48,506,9.037671202,110.644468,5.046265,2.523133,4.787307,7.81764,506,11.66932648,168.012421,4.949747,2,4,10.606602,506,44.32700395,1149.458,19.07,9.414,17.414,37.21,506,6.904838725,108.491768,4,0,3,5.81564125,506
201903141311,235.2770398,19213,20,5,18,50,527,9.809072298,156.405727,5.046265,2.523133,4.787307,7.978846,527,12.90032037,183.067032,4.949747,2,4,11,527,47.33610626,724.48,19.07,9.414,17.414,39.675,527,7.545482514,139.507782,4,0.894427,3,6.36396,527
201903141312,216.0315399,17707,20,5,18,66.5,539,9.710229369,150.150766,5.046265,2.523133,4.787307,9.2010685,539,12.69059156,212.339233,4.949747,2,4,12.514044,539,47.74460111,1049.484,19.07,9.414,17.414,44.159,539,7.677877952,141.834991,4,0.632455,3,7.0710675,539
201903141313,169.3953975,7543,21,5,18.25,48.75,478,9.32691201,98.000234,5.170883,2.523133,4.820103,7.8784005,478,12.14606345,293.865662,4.949747,2,4,11.2852805,478,44.79131381,1073.102,19.07,9.414,17.414,39.21,478,7.109183929,73.011063,4,0.707107,3,6.3541095,478
201903141314,218.2105263,9307,20,5,18,48,532,9.636777462,108.857891,5.046265,2.523133,4.787307,7.81639325,532,12.42051597,216.247757,4.949747,2,4,10.6216285,532,49.42814662,1378.82,18.949,9.414,17.414,37.554,532,7.753697752,100.38224,4,0.894427,3,6.17855225,532
201903141315,385.8905109,21310,20,5,16,50.25,548,11.09140354,164.720171,5.046265,2.523133,4.513517,7.9969555,548,14.94807389,356.38855,4.91935,2,4,10.986878,548,57.2939708,1450.31,18.656,9.414,17.07,41.8565,548,8.668360911,126.976547,4,0,3,6.73058725,548
201903141316,231.4368932,16450,21,5,19,59.5,515,9.836131117,144.723151,5.170883,2.523133,4.918491,8.703816,515,12.7313521,191.419235,4.949747,2,4,12.1950655,515,49.62529709,1902.218,19.07,9.414,17.656,44.159,515,7.775575266,157.044495,4,0.707107,3,7,515
201903141317,242.3004032,12951,21,5,18,52,496,10.0363871,128.412326,5.170883,2.523133,4.787307,8.13575025,496,13.21411324,194.550262,4.949747,2,4,10.7498445,496,49.8417379,967.166,19.07,9.414,17.656,39.5635,496,7.73205654,109.218216,4,0.707107,3,6.472877,496
201903141318,226.4731801,22701,21,5,18,62.75,522,9.492647716,170.011208,5.170883,2.523133,4.787307,8.9383905,522,12.15489336,200.704102,4.949747,2,4,12.0736245,522,46.74659387,1196.082,19.07,9.414,17.4745,41.417,522,7.529001577,152.363022,4,0.707107,3,6.6765295,522
201903141319,370.171875,17382,21,5,18,59.5,512,11.65981344,148.766427,5.170883,2.523133,4.787307,8.7036645,512,15.78977712,273.658722,4.949747,2,4,12.5537625,512,59.46231641,976.746,19.07,9.414,17.656,42.917,512,9.054160922,142.489868,4,0.707107,3,7.0992255,512
201903141320,489.0364026,40819,21,5,18,72,467,11.91830259,227.974483,5.170883,2.523133,4.787307,9.573691,467,15.12014818,307.70343,4.949747,1.414213,4,11.371355,467,58.37620985,1389.444,19.07,9.414,17.414,41.089,467,9.613320587,184.222351,4,0.632455,3,7.136619,467
201903141321,273.7371429,9347,20,5,18,56,525,10.25301719,109.091567,5.046265,2.523133,4.787307,8.444016,525,12.83157267,177.419556,4.949747,2,4,11.384199,525,52.50046857,1853.9,18.828,9.414,17.414,41.21,525,8.228627787,133.329254,4,0.632456,3,6.36396,525
201903141322,267.8727273,15340,21,5,19,68,495,10.44459457,139.755124,5.170883,2.523133,4.918491,9.3046015,495,13.32240587,241.100647,4.992302,2,4,11.8819485,495,48.85495354,765.652,19.07,9.414,17.656,40.675,495,8.133596087,116.228081,4,0.707107,3,7.137004,495
201903141323,252.6,33709,20,5,18,40,530,9.188871262,207.170538,5.046265,2.523133,4.787307,7.136496,530,11.3813139,222.591797,4.593544,2,4,9,530,46.49398491,2117.644,18.363,9.414,17.07,35.21,530,7.411451638,220.630615,4,0.5547,3,5.656854,530
201903141324,213.1928839,18119,21,5,18,60.75,534,9.445811197,151.887548,5.170883,2.523133,4.787307,8.794789,534,12.1534357,182.575119,5,2,4,11.152908,534,46.62871161,1100.07,19.07,9.414,17.414,42.382,534,7.430276659,140.776459,4,0.894427,3,7,534
201903141325,217.1263736,13230,20,5,18,64,546,9.844938082,129.788132,5.046265,2.523133,4.787307,9.02619375,546,12.98737875,191.603149,4.949747,2,4,12.12175675,546,47.18214286,623.678,19.07,9.414,17.414,44.952,546,7.541759104,101.824509,4,0.707107,3,6.9740325,546
201903141326,234.5862069,15234,20,5,17,53,551,9.766392381,139.27143,5.046265,2.523133,4.652426,8.214724,551,12.98043737,195,4.743416,2,4,11.627554,551,50.03278403,1152.452,18.484,9.414,17.191,40.917,551,7.645128922,128.762787,4,0,3,5.906888,551
201903141327,249.4615385,12638,20,5,18,62,507,10.31526584,126.851099,5.046265,2.523133,4.787307,8.8845775,507,13.62428649,190.948608,4.91935,2,4,12.752964,507,52.01925444,1095.064,19.07,9.414,17.414,44.452,507,8.107275339,175.131714,4,0,3,7.0355335,507
201903141328,221.5153846,17687,21,5,18,64.5,520,10.06985607,150.065945,5.170883,2.523133,4.787307,9.06202375,520,12.89406502,171.56781,4.949747,2,4,12,520,48.35097692,790.11,19.07,9.414,17.5955,43.2705,520,7.911726338,147.208038,4,0.707107,3,7.4505115,520
201903141329,241.5058366,10793,21,5,18,86.5,514,10.66471185,117.226594,5.170883,2.523133,4.787307,10.4944005,514,13.74013545,205.645309,4.9345485,2,4,13.85384825,514,50.62022957,690.62,19.07,9.414,17.414,49.3915,514,8.359424253,125.047974,4,0,3,8.18641025,514
201903141330,272.0890538,21034,20,5,15,40,539,9.785802542,163.649994,5.046265,2.523133,4.370194,7.136496,539,12.82627104,259.181519,4.24264,2,4,9.662889,539,50.86512801,1245.088,18.242,9.414,16.828,34.554,539,7.806700046,164.601929,4,0.632456,3,5.0455845,539
201903141331,228.522449,13315,20,5,18,40.75,490,9.496332033,130.204395,5.046265,2.523133,4.787307,7.202988,490,11.76335202,174.808563,4.91935,2,4,10.18257375,490,46.37454286,801.282,18.484,9.414,17.07,37.1495,490,7.417926427,125.157898,4,0.707107,3,5.7740335,490
201903141332,328.3533835,14277,20,5,15,73.5,532,11.09612632,134.825966,5.046265,2.523133,4.370194,9.6736695,532,14.70044023,221.503128,4.91935,2,4,13.0349455,532,56.17367293,921.88,18.484,9.414,16.242,44.14,532,8.725166944,122.365555,4,0.707107,2.828427,7.57923775,532
201903141333,277.739479,48197,19,5,17,44.5,499,9.546290723,247.722277,4.918491,2.523133,4.652426,7.5271095,499,11.91124494,258.98349,4.24264,2,4,10.0961055,499,46.00032465,1348.922,18.242,9.414,16.828,34.847,499,7.493916168,256.766418,4,0,3,5.4188255,499
201903141334,193.0584795,12486,20,5,18,71,513,9.716342127,126.085959,5.046265,2.523133,4.787307,9.507892,513,12.69619594,228.498535,4.949747,2,4,12.074767,513,47.010577,948.058,19.07,9.414,17.414,44.866,513,7.520481458,82.037231,4,0.707107,3,7.778174,513
201903141335,230.9778189,10175,20,5,17,50,541,9.737216787,113.820966,5.046265,2.523133,4.652426,7.978846,541,12.23039773,133.488235,4,2,4,11,541,49.15001109,813.04,18.242,9.414,16.828,38.382,541,7.728271928,106.299431,4,0,3,6.26099,541
201903141336,362.6944908,22183,20,5,17,56,599,10.87586574,168.060325,5.046265,2.523133,4.652426,8.444016,599,13.95699527,228.065918,4.472136,2,4,11.301179,599,54.37912521,2023.402,18.484,9.414,17.07,38.847,599,8.684362232,182.988983,4,0.6,3,6.37879,599
201903141337,278.2147002,19740,20,5,18,71,517,10.33785361,158.536269,5.046265,2.523133,4.787307,9.507892,517,13.28399889,207.360474,4.472136,2,4,12.400002,517,51.02926499,1022.924,18.242,9.414,16.828,43.694,517,8.095571273,141.453674,4,0.707107,3,7,517
201903141338,259.0471092,14528,20,5,18,57,467,10.08728537,136.005971,5.046265,2.523133,4.787307,8.518748,467,12.91705308,268.454742,4.24264,1.414213,4,10.0009625,467,48.98918201,1109.242,18.242,9.414,17.07,39.503,467,7.854996726,122.964806,4,0,3,6.9527135,467
201903141339,216.4880952,13267,20,5,18,68,504,10.05472901,129.969493,5.046265,2.523133,4.787307,9.3041095,504,12.74045318,183.43837,4.24264,2,4,11.632841,504,48.38439286,632.06,18.242,9.414,16.828,41.21,504,7.975374462,135,4,0,3,7.34549025,504
201903141340,239.3206413,13192,20,5,18,54.5,499,9.992692535,129.601605,5.046265,2.523133,4.787307,8.330072,499,13.07848443,224.178253,4.24264,2,4,11.0470025,499,47.63579559,635.742,18.242,9.414,16.828,39.796,499,7.667482798,95.227692,4,0.707107,3,7,499
201903141341,189.0192678,17972,19,5,18,34.5,519,8.854850738,151.270159,4.918491,2.523133,4.787307,6.627553,519,11.69218866,270.564209,4.24264,2,4,9.293942,519,47.28787669,1921.364,18.242,9.414,16.828,35.917,519,6.90845375,142.988602,4,0.5547,3,5.2724145,519
201903141342,272.4285714,16927,20,5,18,58,525,10.41288709,146.806423,5.046265,2.523133,4.787307,8.59348,525,13.67959794,181.835068,4.91935,2,4,12,525,54.14581714,1836.448,18.484,9.414,17.07,41.452,525,8.188056891,157.735809,4,0,3,7,525
201903141343,206.625,9602,20,5,18,72,496,9.78209879,110.569644,5.046265,2.523133,4.787307,9.574615,496,12.2445875,129.9991,4.91935,2,4,12.16931175,496,45.46890323,593.054,18.242,9.414,17.3885,42.261,496,7.582983655,95,4,0.5547,3,7.071068,496
201903141344,190.3572816,12315,20,5,18,49,515,9.391633666,125.219587,5.046265,2.523133,4.787307,7.898654,515,12.58918425,177.581024,4.472136,1.414213,4,11.342531,515,48.29126214,1481.826,18.242,9.656,16.828,38.331,515,7.226864635,122.294853,4,0,3,6,515
201903141345,230.1799629,15218,20,5,18,81.5,539,10.24777518,139.198274,5.046265,2.523133,4.787307,10.1866605,539,13.73820953,208.62767,4.743416,1.414213,4,13,539,52.8720705,1158.376,18.242,9.414,17.414,46.038,539,8.046329985,163.700226,4,0.632456,3,7.99245,539
201903141346,220.0725389,20611,20,5,16,67,579,9.57559443,161.996112,5.046265,2.523133,4.513517,9.236182,579,12.42999808,186.652161,4.743416,2,4,12.0881095,579,49.27205181,1882.422,19.07,9.414,16.828,42.21,579,7.647392694,169.648865,4,0.707107,3,7.035534,579
201903141347,156.7509804,10503,24,5,18,78,510,9.327988659,115.640974,5.527906,2.523133,4.787307,9.965575,510,12.12773917,193.207657,5.656854,2,4.24264,12.727922,510,42.41034902,656.786,20.484,9.414,18.242,42.968,510,7.114034967,78.687515,4.24264,0,3.17755675,7.233555,510
