datetime,stockprice,price
2018/1/10,openingprice,7555
2018/1/10,closingprice,7706
2018/1/10,highprice,7721
2018/1/10,lowprice,7549
2018/1/10,tradevolum,9036800
2018/1/11,openingprice,7572
2018/1/11,closingprice,7629
2018/1/11,highprice,7631
2018/1/11,lowprice,7551
2018/1/11,tradevolum,8857000
2018/1/12,openingprice,7599
2018/1/12,closingprice,7578
2018/1/12,highprice,7625
2018/1/12,lowprice,7561
2018/1/12,tradevolum,7652400
2018/1/15,openingprice,7619
2018/1/15,closingprice,7653
2018/1/15,highprice,7688
2018/1/15,lowprice,7610
2018/1/15,tradevolum,5035800
2018/1/16,openingprice,7665
2018/1/16,closingprice,7733
2018/1/16,highprice,7737
2018/1/16,lowprice,7644
2018/1/16,tradevolum,5603700
2018/1/17,openingprice,7700
2018/1/17,closingprice,7782
2018/1/17,highprice,7784
2018/1/17,lowprice,7688
2018/1/17,tradevolum,6575600
2018/1/18,openingprice,7800
2018/1/18,closingprice,7698
2018/1/18,highprice,7806
2018/1/18,lowprice,7670
2018/1/18,tradevolum,8646900
2018/1/19,openingprice,7735
2018/1/19,closingprice,7739
2018/1/19,highprice,7746
2018/1/19,lowprice,7671
2018/1/19,tradevolum,6237300
2018/1/22,openingprice,7700
2018/1/22,closingprice,7679
2018/1/22,highprice,7706
2018/1/22,lowprice,7663
2018/1/22,tradevolum,6180900
2018/1/23,openingprice,7700
2018/1/23,closingprice,7740
2018/1/23,highprice,7755
2018/1/23,lowprice,7695
2018/1/23,tradevolum,6031300
2018/1/24,openingprice,7690
2018/1/24,closingprice,7673
2018/1/24,highprice,7723
2018/1/24,lowprice,7666
2018/1/24,tradevolum,5893500
2018/1/25,openingprice,7580
2018/1/25,closingprice,7594
2018/1/25,highprice,7621
2018/1/25,lowprice,7549
2018/1/25,tradevolum,5046000
2018/1/26,openingprice,7624
2018/1/26,closingprice,7608
2018/1/26,highprice,7656
2018/1/26,lowprice,7605
2018/1/26,tradevolum,5372100
2018/1/29,openingprice,7560
2018/1/29,closingprice,7643
2018/1/29,highprice,7687
2018/1/29,lowprice,7547
2018/1/29,tradevolum,5170600
2018/1/30,openingprice,7674
2018/1/30,closingprice,7629
2018/1/30,highprice,7722
2018/1/30,lowprice,7599
2018/1/30,tradevolum,7712900
2018/1/31,openingprice,7599
2018/1/31,closingprice,7480
2018/1/31,highprice,7633
2018/1/31,lowprice,7455
2018/1/31,tradevolum,8239800
2018/1/4,openingprice,7300
2018/1/4,closingprice,7413
2018/1/4,highprice,7413
2018/1/4,lowprice,7293
2018/1/4,tradevolum,9355400
2018/1/5,openingprice,7450
2018/1/5,closingprice,7552
2018/1/5,highprice,7555
2018/1/5,lowprice,7448
2018/1/5,tradevolum,8616400
2018/1/9,openingprice,7572
2018/1/9,closingprice,7541
2018/1/9,highprice,7582
2018/1/9,lowprice,7486
2018/1/9,tradevolum,7063800
2018/10/1,openingprice,7054
2018/10/1,closingprice,7060
2018/10/1,highprice,7084
2018/10/1,lowprice,7022
2018/10/1,tradevolum,5387000
2018/10/10,openingprice,6815
2018/10/10,closingprice,6760
2018/10/10,highprice,6826
2018/10/10,lowprice,6724
2018/10/10,tradevolum,7178100
2018/10/11,openingprice,6538
2018/10/11,closingprice,6597
2018/10/11,highprice,6607
2018/10/11,lowprice,6521
2018/10/11,tradevolum,9656400
2018/10/12,openingprice,6622
2018/10/12,closingprice,6608
2018/10/12,highprice,6645
2018/10/12,lowprice,6567
2018/10/12,tradevolum,8390900
2018/10/15,openingprice,6571
2018/10/15,closingprice,6450
2018/10/15,highprice,6591
2018/10/15,lowprice,6450
2018/10/15,tradevolum,8448900
2018/10/16,openingprice,6460
2018/10/16,closingprice,6522
2018/10/16,highprice,6527
2018/10/16,lowprice,6456
2018/10/16,tradevolum,6357300
2018/10/17,openingprice,6630
2018/10/17,closingprice,6612
2018/10/17,highprice,6634
2018/10/17,lowprice,6565
2018/10/17,tradevolum,6112400
2018/10/18,openingprice,6645
2018/10/18,closingprice,6641
2018/10/18,highprice,6674
2018/10/18,lowprice,6612
2018/10/18,tradevolum,6212000
2018/10/19,openingprice,6581
2018/10/19,closingprice,6577
2018/10/19,highprice,6593
2018/10/19,lowprice,6543
2018/10/19,tradevolum,5031500
2018/10/2,openingprice,7136
2018/10/2,closingprice,7175
2018/10/2,highprice,7257
2018/10/2,lowprice,7123
2018/10/2,tradevolum,10122900
2018/10/22,openingprice,6535
2018/10/22,closingprice,6549
2018/10/22,highprice,6589
2018/10/22,lowprice,6478
2018/10/22,tradevolum,5668400
2018/10/23,openingprice,6608
2018/10/23,closingprice,6544
2018/10/23,highprice,6678
2018/10/23,lowprice,6529
2018/10/23,tradevolum,8340600
2018/10/24,openingprice,6605
2018/10/24,closingprice,6578
2018/10/24,highprice,6623
2018/10/24,lowprice,6522
2018/10/24,tradevolum,6485500
2018/10/25,openingprice,6450
2018/10/25,closingprice,6402
2018/10/25,highprice,6478
2018/10/25,lowprice,6396
2018/10/25,tradevolum,8161700
2018/10/26,openingprice,6461
2018/10/26,closingprice,6534
2018/10/26,highprice,6565
2018/10/26,lowprice,6405
2018/10/26,tradevolum,10300700
2018/10/29,openingprice,6524
2018/10/29,closingprice,6426
2018/10/29,highprice,6545
2018/10/29,lowprice,6426
2018/10/29,tradevolum,7248000
2018/10/3,openingprice,7160
2018/10/3,closingprice,6964
2018/10/3,highprice,7161
2018/10/3,lowprice,6964
2018/10/3,tradevolum,7893400
2018/10/30,openingprice,6449
2018/10/30,closingprice,6485
2018/10/30,highprice,6559
2018/10/30,lowprice,6437
2018/10/30,tradevolum,19326200
2018/10/31,openingprice,6501
2018/10/31,closingprice,6615
2018/10/31,highprice,6623
2018/10/31,lowprice,6473
2018/10/31,tradevolum,7902000
2018/10/4,openingprice,7040
2018/10/4,closingprice,7005
2018/10/4,highprice,7115
2018/10/4,lowprice,6991
2018/10/4,tradevolum,8502800
2018/10/5,openingprice,6950
2018/10/5,closingprice,7002
2018/10/5,highprice,7082
2018/10/5,lowprice,6935
2018/10/5,tradevolum,6982500
2018/10/9,openingprice,6884
2018/10/9,closingprice,6786
2018/10/9,highprice,6888
2018/10/9,lowprice,6758
2018/10/9,tradevolum,10221300
2018/11/1,openingprice,6628
2018/11/1,closingprice,6576
2018/11/1,highprice,6640
2018/11/1,lowprice,6549
2018/11/1,tradevolum,5884900
2018/11/12,openingprice,6679
2018/11/12,closingprice,6709
2018/11/12,highprice,6731
2018/11/12,lowprice,6661
2018/11/12,tradevolum,4042900
2018/11/13,openingprice,6599
2018/11/13,closingprice,6545
2018/11/13,highprice,6599
2018/11/13,lowprice,6498
2018/11/13,tradevolum,6170800
2018/11/14,openingprice,6589
2018/11/14,closingprice,6667
2018/11/14,highprice,6677
2018/11/14,lowprice,6559
2018/11/14,tradevolum,6051700
2018/11/15,openingprice,6666
2018/11/15,closingprice,6640
2018/11/15,highprice,6666
2018/11/15,lowprice,6608
2018/11/15,tradevolum,4194900
2018/11/16,openingprice,6642
2018/11/16,closingprice,6591
2018/11/16,highprice,6653
2018/11/16,lowprice,6561
2018/11/16,tradevolum,4153700
2018/11/19,openingprice,6591
2018/11/19,closingprice,6612
2018/11/19,highprice,6638
2018/11/19,lowprice,6541
2018/11/19,tradevolum,6924800
2018/11/2,openingprice,6585
2018/11/2,closingprice,6557
2018/11/2,highprice,6596
2018/11/2,lowprice,6428
2018/11/2,tradevolum,9896600
2018/11/20,openingprice,6612
2018/11/20,closingprice,6717
2018/11/20,highprice,6762
2018/11/20,lowprice,6611
2018/11/20,tradevolum,8667600
2018/11/21,openingprice,6632
2018/11/21,closingprice,6715
2018/11/21,highprice,6736
2018/11/21,lowprice,6595
2018/11/21,tradevolum,8050100
2018/11/22,openingprice,6721
2018/11/22,closingprice,6821
2018/11/22,highprice,6825
2018/11/22,lowprice,6720
2018/11/22,tradevolum,7695000
2018/11/26,openingprice,6818
2018/11/26,closingprice,6805
2018/11/26,highprice,6830
2018/11/26,lowprice,6770
2018/11/26,tradevolum,6202500
2018/11/27,openingprice,6835
2018/11/27,closingprice,6927
2018/11/27,highprice,6946
2018/11/27,lowprice,6830
2018/11/27,tradevolum,7430500
2018/11/28,openingprice,6928
2018/11/28,closingprice,6866
2018/11/28,highprice,6939
2018/11/28,lowprice,6795
2018/11/28,tradevolum,7896800
2018/11/29,openingprice,6870
2018/11/29,closingprice,6894
2018/11/29,highprice,6932
2018/11/29,lowprice,6859
2018/11/29,tradevolum,7205800
2018/11/30,openingprice,6939
2018/11/30,closingprice,6803
2018/11/30,highprice,7034
2018/11/30,lowprice,6800
2018/11/30,tradevolum,18787000
2018/11/5,openingprice,6510
2018/11/5,closingprice,6494
2018/11/5,highprice,6529
2018/11/5,lowprice,6446
2018/11/5,tradevolum,5799600
2018/11/6,openingprice,6532
2018/11/6,closingprice,6630
2018/11/6,highprice,6728
2018/11/6,lowprice,6514
2018/11/6,tradevolum,9475200
2018/11/7,openingprice,6684
2018/11/7,closingprice,6639
2018/11/7,highprice,6797
2018/11/7,lowprice,6600
2018/11/7,tradevolum,10601900
2018/11/8,openingprice,6772
2018/11/8,closingprice,6686
2018/11/8,highprice,6775
2018/11/8,lowprice,6663
2018/11/8,tradevolum,6508700
2018/11/9,openingprice,6697
2018/11/9,closingprice,6696
2018/11/9,highprice,6706
2018/11/9,lowprice,6653
2018/11/9,tradevolum,4920600
2018/12/10,openingprice,6720
2018/12/10,closingprice,6820
2018/12/10,highprice,6839
2018/12/10,lowprice,6720
2018/12/10,tradevolum,5380200
2018/12/11,openingprice,6800
2018/12/11,closingprice,6745
2018/12/11,highprice,6812
2018/12/11,lowprice,6738
2018/12/11,tradevolum,6559300
2018/12/12,openingprice,6800
2018/12/12,closingprice,6895
2018/12/12,highprice,6917
2018/12/12,lowprice,6776
2018/12/12,tradevolum,7932900
2018/12/13,openingprice,6910
2018/12/13,closingprice,6870
2018/12/13,highprice,6931
2018/12/13,lowprice,6854
2018/12/13,tradevolum,6603800
2018/12/14,openingprice,6822
2018/12/14,closingprice,6829
2018/12/14,highprice,6919
2018/12/14,lowprice,6812
2018/12/14,tradevolum,8176400
2018/12/17,openingprice,6794
2018/12/17,closingprice,6840
2018/12/17,highprice,6882
2018/12/17,lowprice,6789
2018/12/17,tradevolum,5162400
2018/12/18,openingprice,6751
2018/12/18,closingprice,6775
2018/12/18,highprice,6840
2018/12/18,lowprice,6744
2018/12/18,tradevolum,6068100
2018/12/19,openingprice,6775
2018/12/19,closingprice,6762
2018/12/19,highprice,6852
2018/12/19,lowprice,6743
2018/12/19,tradevolum,6868600
2018/12/20,openingprice,6760
2018/12/20,closingprice,6629
2018/12/20,highprice,6809
2018/12/20,lowprice,6607
2018/12/20,tradevolum,7156800
2018/12/21,openingprice,6489
2018/12/21,closingprice,6416
2018/12/21,highprice,6497
2018/12/21,lowprice,6401
2018/12/21,tradevolum,9602200
2018/12/25,openingprice,6175
2018/12/25,closingprice,6079
2018/12/25,highprice,6206
2018/12/25,lowprice,6056
2018/12/25,tradevolum,6961800
2018/12/26,openingprice,6129
2018/12/26,closingprice,6146
2018/12/26,highprice,6235
2018/12/26,lowprice,6045
2018/12/26,tradevolum,5505500
2018/12/27,openingprice,6394
2018/12/27,closingprice,6415
2018/12/27,highprice,6442
2018/12/27,lowprice,6338
2018/12/27,tradevolum,6694100
2018/12/28,openingprice,6365
2018/12/28,closingprice,6406
2018/12/28,highprice,6444
2018/12/28,lowprice,6316
2018/12/28,tradevolum,5048300
2018/12/3,openingprice,7000
2018/12/3,closingprice,7032
2018/12/3,highprice,7097
2018/12/3,lowprice,6970
2018/12/3,tradevolum,9283200
2018/12/4,openingprice,7049
2018/12/4,closingprice,6911
2018/12/4,highprice,7069
2018/12/4,lowprice,6907
2018/12/4,tradevolum,7465100
2018/12/5,openingprice,6844
2018/12/5,closingprice,6910
2018/12/5,highprice,6931
2018/12/5,lowprice,6820
2018/12/5,tradevolum,6383900
2018/12/6,openingprice,6947
2018/12/6,closingprice,6876
2018/12/6,highprice,7007
2018/12/6,lowprice,6817
2018/12/6,tradevolum,7798100
2018/12/7,openingprice,6927
2018/12/7,closingprice,6858
2018/12/7,highprice,6939
2018/12/7,lowprice,6814
2018/12/7,tradevolum,7562500
2018/2/1,openingprice,7520
2018/2/1,closingprice,7618
2018/2/1,highprice,7627
2018/2/1,lowprice,7500
2018/2/1,tradevolum,6382600
2018/2/13,openingprice,7480
2018/2/13,closingprice,7276
2018/2/13,highprice,7490
2018/2/13,lowprice,7250
2018/2/13,tradevolum,10105600
2018/2/14,openingprice,7282
2018/2/14,closingprice,7122
2018/2/14,highprice,7286
2018/2/14,lowprice,7080
2018/2/14,tradevolum,10693500
2018/2/15,openingprice,7194
2018/2/15,closingprice,7142
2018/2/15,highprice,7237
2018/2/15,lowprice,7121
2018/2/15,tradevolum,6726200
2018/2/16,openingprice,7193
2018/2/16,closingprice,7208
2018/2/16,highprice,7320
2018/2/16,lowprice,7160
2018/2/16,tradevolum,7113300
2018/2/19,openingprice,7254
2018/2/19,closingprice,7379
2018/2/19,highprice,7380
2018/2/19,lowprice,7250
2018/2/19,tradevolum,5301700
2018/2/2,openingprice,7562
2018/2/2,closingprice,7626
2018/2/2,highprice,7652
2018/2/2,lowprice,7526
2018/2/2,tradevolum,6804100
2018/2/20,openingprice,7345
2018/2/20,closingprice,7291
2018/2/20,highprice,7346
2018/2/20,lowprice,7276
2018/2/20,tradevolum,5913200
2018/2/21,openingprice,7347
2018/2/21,closingprice,7300
2018/2/21,highprice,7360
2018/2/21,lowprice,7270
2018/2/21,tradevolum,5460400
2018/2/22,openingprice,7250
2018/2/22,closingprice,7235
2018/2/22,highprice,7271
2018/2/22,lowprice,7217
2018/2/22,tradevolum,4976300
2018/2/23,openingprice,7269
2018/2/23,closingprice,7283
2018/2/23,highprice,7294
2018/2/23,lowprice,7236
2018/2/23,tradevolum,3156200
2018/2/26,openingprice,7317
2018/2/26,closingprice,7323
2018/2/26,highprice,7359
2018/2/26,lowprice,7300
2018/2/26,tradevolum,3301700
2018/2/27,openingprice,7369
2018/2/27,closingprice,7379
2018/2/27,highprice,7411
2018/2/27,lowprice,7350
2018/2/27,tradevolum,3950100
2018/2/28,openingprice,7348
2018/2/28,closingprice,7235
2018/2/28,highprice,7379
2018/2/28,lowprice,7235
2018/2/28,tradevolum,5709300
2018/2/5,openingprice,7526
2018/2/5,closingprice,7501
2018/2/5,highprice,7575
2018/2/5,lowprice,7501
2018/2/5,tradevolum,8301800
2018/2/6,openingprice,7225
2018/2/6,closingprice,7286
2018/2/6,highprice,7310
2018/2/6,lowprice,7125
2018/2/6,tradevolum,12388800
2018/2/7,openingprice,7600
2018/2/7,closingprice,7372
2018/2/7,highprice,7704
2018/2/7,lowprice,7350
2018/2/7,tradevolum,12986500
2018/2/8,openingprice,7455
2018/2/8,closingprice,7551
2018/2/8,highprice,7596
2018/2/8,lowprice,7451
2018/2/8,tradevolum,8289000
2018/2/9,openingprice,7333
2018/2/9,closingprice,7465
2018/2/9,highprice,7478
2018/2/9,lowprice,7310
2018/2/9,tradevolum,9426800
2018/3/1,openingprice,7197
2018/3/1,closingprice,7084
2018/3/1,highprice,7198
2018/3/1,lowprice,7076
2018/3/1,tradevolum,7207400
2018/3/12,openingprice,6930
2018/3/12,closingprice,6958
2018/3/12,highprice,6969
2018/3/12,lowprice,6902
2018/3/12,tradevolum,5203200
2018/3/13,openingprice,6901
2018/3/13,closingprice,6969
2018/3/13,highprice,6972
2018/3/13,lowprice,6869
2018/3/13,tradevolum,4562500
2018/3/14,openingprice,6920
2018/3/14,closingprice,6939
2018/3/14,highprice,6977
2018/3/14,lowprice,6917
2018/3/14,tradevolum,4127200
2018/3/15,openingprice,6902
2018/3/15,closingprice,6931
2018/3/15,highprice,6960
2018/3/15,lowprice,6897
2018/3/15,tradevolum,4006200
2018/3/16,openingprice,6950
2018/3/16,closingprice,6884
2018/3/16,highprice,6950
2018/3/16,lowprice,6883
2018/3/16,tradevolum,6079600
2018/3/19,openingprice,6870
2018/3/19,closingprice,6827
2018/3/19,highprice,6922
2018/3/19,lowprice,6817
2018/3/19,tradevolum,3605600
2018/3/2,openingprice,6960
2018/3/2,closingprice,6916
2018/3/2,highprice,6977
2018/3/2,lowprice,6886
2018/3/2,tradevolum,8015200
2018/3/20,openingprice,6800
2018/3/20,closingprice,6853
2018/3/20,highprice,6857
2018/3/20,lowprice,6765
2018/3/20,tradevolum,4289500
2018/3/22,openingprice,6809
2018/3/22,closingprice,6846
2018/3/22,highprice,6894
2018/3/22,lowprice,6805
2018/3/22,tradevolum,4697400
2018/3/23,openingprice,6700
2018/3/23,closingprice,6603
2018/3/23,highprice,6711
2018/3/23,lowprice,6586
2018/3/23,tradevolum,8729400
2018/3/26,openingprice,6576
2018/3/26,closingprice,6642
2018/3/26,highprice,6643
2018/3/26,lowprice,6531
2018/3/26,tradevolum,6361000
2018/3/27,openingprice,6722
2018/3/27,closingprice,6891
2018/3/27,highprice,6893
2018/3/27,lowprice,6706
2018/3/27,tradevolum,7890200
2018/3/28,openingprice,6727
2018/3/28,closingprice,6862
2018/3/28,highprice,6862
2018/3/28,lowprice,6684
2018/3/28,tradevolum,7136500
2018/3/29,openingprice,6939
2018/3/29,closingprice,6842
2018/3/29,highprice,6945
2018/3/29,lowprice,6763
2018/3/29,tradevolum,6205100
2018/3/30,openingprice,6876
2018/3/30,closingprice,6825
2018/3/30,highprice,6892
2018/3/30,lowprice,6791
2018/3/30,tradevolum,4744500
2018/3/5,openingprice,6887
2018/3/5,closingprice,6816
2018/3/5,highprice,6904
2018/3/5,lowprice,6793
2018/3/5,tradevolum,5304700
2018/3/6,openingprice,6930
2018/3/6,closingprice,6882
2018/3/6,highprice,6993
2018/3/6,lowprice,6881
2018/3/6,tradevolum,5232100
2018/3/7,openingprice,6806
2018/3/7,closingprice,6797
2018/3/7,highprice,6911
2018/3/7,lowprice,6767
2018/3/7,tradevolum,6565800
2018/3/8,openingprice,6859
2018/3/8,closingprice,6815
2018/3/8,highprice,6862
2018/3/8,lowprice,6791
2018/3/8,tradevolum,4010000
2018/3/9,openingprice,6900
2018/3/9,closingprice,6791
2018/3/9,highprice,6953
2018/3/9,lowprice,6772
2018/3/9,tradevolum,8114800
2018/4/10,openingprice,6746
2018/4/10,closingprice,6838
2018/4/10,highprice,6908
2018/4/10,lowprice,6709
2018/4/10,tradevolum,6951200
2018/4/11,openingprice,6890
2018/4/11,closingprice,6845
2018/4/11,highprice,6914
2018/4/11,lowprice,6845
2018/4/11,tradevolum,3609100
2018/4/12,openingprice,6834
2018/4/12,closingprice,6873
2018/4/12,highprice,6886
2018/4/12,lowprice,6740
2018/4/12,tradevolum,4390000
2018/4/13,openingprice,6931
2018/4/13,closingprice,6910
2018/4/13,highprice,6962
2018/4/13,lowprice,6903
2018/4/13,tradevolum,4553800
2018/4/16,openingprice,6917
2018/4/16,closingprice,6936
2018/4/16,highprice,6941
2018/4/16,lowprice,6885
2018/4/16,tradevolum,3065900
2018/4/17,openingprice,6896
2018/4/17,closingprice,6892
2018/4/17,highprice,6939
2018/4/17,lowprice,6882
2018/4/17,tradevolum,3297200
2018/4/18,openingprice,6912
2018/4/18,closingprice,6937
2018/4/18,highprice,6975
2018/4/18,lowprice,6896
2018/4/18,tradevolum,3893400
2018/4/19,openingprice,6980
2018/4/19,closingprice,6923
2018/4/19,highprice,7008
2018/4/19,lowprice,6923
2018/4/19,tradevolum,3938900
2018/4/2,openingprice,6833
2018/4/2,closingprice,6779
2018/4/2,highprice,6870
2018/4/2,lowprice,6779
2018/4/2,tradevolum,2966000
2018/4/20,openingprice,6931
2018/4/20,closingprice,6957
2018/4/20,highprice,6984
2018/4/20,lowprice,6915
2018/4/20,tradevolum,3310300
2018/4/23,openingprice,6995
2018/4/23,closingprice,6970
2018/4/23,highprice,7008
2018/4/23,lowprice,6960
2018/4/23,tradevolum,2607900
2018/4/24,openingprice,7039
2018/4/24,closingprice,7110
2018/4/24,highprice,7115
2018/4/24,lowprice,7035
2018/4/24,tradevolum,4631400
2018/4/25,openingprice,7090
2018/4/25,closingprice,7168
2018/4/25,highprice,7170
2018/4/25,lowprice,7054
2018/4/25,tradevolum,4575700
2018/4/26,openingprice,7195
2018/4/26,closingprice,7169
2018/4/26,highprice,7243
2018/4/26,lowprice,7156
2018/4/26,tradevolum,4506800
2018/4/27,openingprice,7220
2018/4/27,closingprice,7181
2018/4/27,highprice,7241
2018/4/27,lowprice,7158
2018/4/27,tradevolum,4591900
2018/4/3,openingprice,6705
2018/4/3,closingprice,6730
2018/4/3,highprice,6751
2018/4/3,lowprice,6687
2018/4/3,tradevolum,4826000
2018/4/4,openingprice,6750
2018/4/4,closingprice,6739
2018/4/4,highprice,6770
2018/4/4,lowprice,6704
2018/4/4,tradevolum,5303100
2018/4/5,openingprice,6785
2018/4/5,closingprice,6750
2018/4/5,highprice,6809
2018/4/5,lowprice,6737
2018/4/5,tradevolum,5784700
2018/4/6,openingprice,6765
2018/4/6,closingprice,6728
2018/4/6,highprice,6817
2018/4/6,lowprice,6725
2018/4/6,tradevolum,4857900
2018/4/9,openingprice,6720
2018/4/9,closingprice,6741
2018/4/9,highprice,6762
2018/4/9,lowprice,6693
2018/4/9,tradevolum,3798600
2018/5/1,openingprice,7181
2018/5/1,closingprice,7195
2018/5/1,highprice,7218
2018/5/1,lowprice,7156
2018/5/1,tradevolum,3363500
2018/5/10,openingprice,7490
2018/5/10,closingprice,7592
2018/5/10,highprice,7609
2018/5/10,lowprice,7486
2018/5/10,tradevolum,14684300
2018/5/11,openingprice,7592
2018/5/11,closingprice,7543
2018/5/11,highprice,7686
2018/5/11,lowprice,7520
2018/5/11,tradevolum,7947100
2018/5/14,openingprice,7492
2018/5/14,closingprice,7560
2018/5/14,highprice,7581
2018/5/14,lowprice,7435
2018/5/14,tradevolum,5679700
2018/5/15,openingprice,7589
2018/5/15,closingprice,7514
2018/5/15,highprice,7600
2018/5/15,lowprice,7480
2018/5/15,tradevolum,5821000
2018/5/16,openingprice,7500
2018/5/16,closingprice,7551
2018/5/16,highprice,7608
2018/5/16,lowprice,7494
2018/5/16,tradevolum,5838500
2018/5/17,openingprice,7597
2018/5/17,closingprice,7555
2018/5/17,highprice,7619
2018/5/17,lowprice,7555
2018/5/17,tradevolum,4343500
2018/5/18,openingprice,7589
2018/5/18,closingprice,7571
2018/5/18,highprice,7600
2018/5/18,lowprice,7542
2018/5/18,tradevolum,3993500
2018/5/2,openingprice,7201
2018/5/2,closingprice,7165
2018/5/2,highprice,7205
2018/5/2,lowprice,7138
2018/5/2,tradevolum,3143000
2018/5/21,openingprice,7600
2018/5/21,closingprice,7562
2018/5/21,highprice,7626
2018/5/21,lowprice,7555
2018/5/21,tradevolum,5037100
2018/5/22,openingprice,7563
2018/5/22,closingprice,7527
2018/5/22,highprice,7578
2018/5/22,lowprice,7508
2018/5/22,tradevolum,4023100
2018/5/23,openingprice,7555
2018/5/23,closingprice,7435
2018/5/23,highprice,7571
2018/5/23,lowprice,7427
2018/5/23,tradevolum,6625200
2018/5/24,openingprice,7371
2018/5/24,closingprice,7208
2018/5/24,highprice,7379
2018/5/24,lowprice,7190
2018/5/24,tradevolum,8562700
2018/5/25,openingprice,7158
2018/5/25,closingprice,7115
2018/5/25,highprice,7198
2018/5/25,lowprice,7106
2018/5/25,tradevolum,6081700
2018/5/28,openingprice,7115
2018/5/28,closingprice,7052
2018/5/28,highprice,7138
2018/5/28,lowprice,7015
2018/5/28,tradevolum,5135100
2018/5/29,openingprice,7021
2018/5/29,closingprice,6976
2018/5/29,highprice,7048
2018/5/29,lowprice,6976
2018/5/29,tradevolum,5250000
2018/5/30,openingprice,6856
2018/5/30,closingprice,6841
2018/5/30,highprice,6886
2018/5/30,lowprice,6825
2018/5/30,tradevolum,8857000
2018/5/31,openingprice,6920
2018/5/31,closingprice,6921
2018/5/31,highprice,6994
2018/5/31,lowprice,6913
2018/5/31,tradevolum,34476900
2018/5/7,openingprice,7197
2018/5/7,closingprice,7201
2018/5/7,highprice,7209
2018/5/7,lowprice,7145
2018/5/7,tradevolum,3132300
2018/5/8,openingprice,7189
2018/5/8,closingprice,7155
2018/5/8,highprice,7209
2018/5/8,lowprice,7120
2018/5/8,tradevolum,4215700
2018/5/9,openingprice,7120
2018/5/9,closingprice,7424
2018/5/9,highprice,7426
2018/5/9,lowprice,7081
2018/5/9,tradevolum,16844400
2018/6/1,openingprice,6950
2018/6/1,closingprice,7122
2018/6/1,highprice,7166
2018/6/1,lowprice,6941
2018/6/1,tradevolum,12928000
2018/6/11,openingprice,7477
2018/6/11,closingprice,7492
2018/6/11,highprice,7516
2018/6/11,lowprice,7431
2018/6/11,tradevolum,5477100
2018/6/12,openingprice,7526
2018/6/12,closingprice,7397
2018/6/12,highprice,7529
2018/6/12,lowprice,7395
2018/6/12,tradevolum,6780100
2018/6/13,openingprice,7459
2018/6/13,closingprice,7496
2018/6/13,highprice,7524
2018/6/13,lowprice,7453
2018/6/13,tradevolum,6062700
2018/6/14,openingprice,7443
2018/6/14,closingprice,7429
2018/6/14,highprice,7503
2018/6/14,lowprice,7420
2018/6/14,tradevolum,5995600
2018/6/15,openingprice,7510
2018/6/15,closingprice,7562
2018/6/15,highprice,7568
2018/6/15,lowprice,7505
2018/6/15,tradevolum,10035000
2018/6/18,openingprice,7525
2018/6/18,closingprice,7530
2018/6/18,highprice,7606
2018/6/18,lowprice,7505
2018/6/18,tradevolum,7387600
2018/6/19,openingprice,7500
2018/6/19,closingprice,7470
2018/6/19,highprice,7588
2018/6/19,lowprice,7461
2018/6/19,tradevolum,8106100
2018/6/20,openingprice,7497
2018/6/20,closingprice,7448
2018/6/20,highprice,7518
2018/6/20,lowprice,7391
2018/6/20,tradevolum,7581700
2018/6/21,openingprice,7446
2018/6/21,closingprice,7396
2018/6/21,highprice,7478
2018/6/21,lowprice,7395
2018/6/21,tradevolum,5748400
2018/6/22,openingprice,7271
2018/6/22,closingprice,7199
2018/6/22,highprice,7298
2018/6/22,lowprice,7156
2018/6/22,tradevolum,10416200
2018/6/25,openingprice,7230
2018/6/25,closingprice,7091
2018/6/25,highprice,7240
2018/6/25,lowprice,7091
2018/6/25,tradevolum,5529800
2018/6/26,openingprice,7050
2018/6/26,closingprice,7081
2018/6/26,highprice,7110
2018/6/26,lowprice,6993
2018/6/26,tradevolum,5388100
2018/6/27,openingprice,7120
2018/6/27,closingprice,7039
2018/6/27,highprice,7124
2018/6/27,lowprice,7004
2018/6/27,tradevolum,5324700
2018/6/28,openingprice,7098
2018/6/28,closingprice,7116
2018/6/28,highprice,7128
2018/6/28,lowprice,7062
2018/6/28,tradevolum,6049300
2018/6/29,openingprice,7130
2018/6/29,closingprice,7170
2018/6/29,highprice,7197
2018/6/29,lowprice,7063
2018/6/29,tradevolum,7184000
2018/6/4,openingprice,7199
2018/6/4,closingprice,7401
2018/6/4,highprice,7410
2018/6/4,lowprice,7192
2018/6/4,tradevolum,10315300
2018/6/5,openingprice,7401
2018/6/5,closingprice,7345
2018/6/5,highprice,7408
2018/6/5,lowprice,7322
2018/6/5,tradevolum,7521500
2018/6/6,openingprice,7371
2018/6/6,closingprice,7474
2018/6/6,highprice,7478
2018/6/6,lowprice,7371
2018/6/6,tradevolum,7765600
2018/6/7,openingprice,7530
2018/6/7,closingprice,7527
2018/6/7,highprice,7615
2018/6/7,lowprice,7505
2018/6/7,tradevolum,11112900
2018/6/8,openingprice,7473
2018/6/8,closingprice,7480
2018/6/8,highprice,7544
2018/6/8,lowprice,7460
2018/6/8,tradevolum,9000600
2018/7/10,openingprice,7221
2018/7/10,closingprice,7151
2018/7/10,highprice,7255
2018/7/10,lowprice,7151
2018/7/10,tradevolum,7462200
2018/7/11,openingprice,7113
2018/7/11,closingprice,7132
2018/7/11,highprice,7183
2018/7/11,lowprice,7057
2018/7/11,tradevolum,5667000
2018/7/12,openingprice,7157
2018/7/12,closingprice,7234
2018/7/12,highprice,7266
2018/7/12,lowprice,7150
2018/7/12,tradevolum,6240800
2018/7/13,openingprice,7274
2018/7/13,closingprice,7278
2018/7/13,highprice,7299
2018/7/13,lowprice,7220
2018/7/13,tradevolum,6268000
2018/7/17,openingprice,7273
2018/7/17,closingprice,7373
2018/7/17,highprice,7452
2018/7/17,lowprice,7267
2018/7/17,tradevolum,6244100
2018/7/18,openingprice,7476
2018/7/18,closingprice,7473
2018/7/18,highprice,7526
2018/7/18,lowprice,7445
2018/7/18,tradevolum,5537900
2018/7/19,openingprice,7454
2018/7/19,closingprice,7457
2018/7/19,highprice,7503
2018/7/19,lowprice,7419
2018/7/19,tradevolum,5644200
2018/7/2,openingprice,7150
2018/7/2,closingprice,7068
2018/7/2,highprice,7210
2018/7/2,lowprice,7057
2018/7/2,tradevolum,7850000
2018/7/20,openingprice,7450
2018/7/20,closingprice,7440
2018/7/20,highprice,7510
2018/7/20,lowprice,7406
2018/7/20,tradevolum,5803300
2018/7/23,openingprice,7332
2018/7/23,closingprice,7311
2018/7/23,highprice,7385
2018/7/23,lowprice,7308
2018/7/23,tradevolum,5421100
2018/7/24,openingprice,7374
2018/7/24,closingprice,7365
2018/7/24,highprice,7405
2018/7/24,lowprice,7346
2018/7/24,tradevolum,4232600
2018/7/25,openingprice,7364
2018/7/25,closingprice,7323
2018/7/25,highprice,7388
2018/7/25,lowprice,7319
2018/7/25,tradevolum,4682800
2018/7/26,openingprice,7450
2018/7/26,closingprice,7384
2018/7/26,highprice,7470
2018/7/26,lowprice,7384
2018/7/26,tradevolum,6178700
2018/7/27,openingprice,7400
2018/7/27,closingprice,7456
2018/7/27,highprice,7465
2018/7/27,lowprice,7385
2018/7/27,tradevolum,4362200
2018/7/3,openingprice,7103
2018/7/3,closingprice,7075
2018/7/3,highprice,7154
2018/7/3,lowprice,7023
2018/7/3,tradevolum,6783900
2018/7/30,openingprice,7433
2018/7/30,closingprice,7493
2018/7/30,highprice,7499
2018/7/30,lowprice,7432
2018/7/30,tradevolum,3873100
2018/7/31,openingprice,7495
2018/7/31,closingprice,7305
2018/7/31,highprice,7523
2018/7/31,lowprice,7305
2018/7/31,tradevolum,8975400
2018/7/4,openingprice,7059
2018/7/4,closingprice,7098
2018/7/4,highprice,7145
2018/7/4,lowprice,7037
2018/7/4,tradevolum,5241100
2018/7/5,openingprice,7123
2018/7/5,closingprice,7086
2018/7/5,highprice,7164
2018/7/5,lowprice,7055
2018/7/5,tradevolum,6147100
2018/7/6,openingprice,7145
2018/7/6,closingprice,7162
2018/7/6,highprice,7226
2018/7/6,lowprice,7130
2018/7/6,tradevolum,7129200
2018/7/9,openingprice,7196
2018/7/9,closingprice,7210
2018/7/9,highprice,7243
2018/7/9,lowprice,7174
2018/7/9,tradevolum,5416500
2018/8/1,openingprice,7422
2018/8/1,closingprice,7399
2018/8/1,highprice,7428
2018/8/1,lowprice,7363
2018/8/1,tradevolum,5801000
2018/8/10,openingprice,6999
2018/8/10,closingprice,6951
2018/8/10,highprice,7025
2018/8/10,lowprice,6950
2018/8/10,tradevolum,4963500
2018/8/13,openingprice,6900
2018/8/13,closingprice,6805
2018/8/13,highprice,6917
2018/8/13,lowprice,6805
2018/8/13,tradevolum,5822300
2018/8/14,openingprice,6865
2018/8/14,closingprice,6864
2018/8/14,highprice,6885
2018/8/14,lowprice,6813
2018/8/14,tradevolum,4296800
2018/8/15,openingprice,6880
2018/8/15,closingprice,6815
2018/8/15,highprice,6909
2018/8/15,lowprice,6793
2018/8/15,tradevolum,4577700
2018/8/16,openingprice,6770
2018/8/16,closingprice,6775
2018/8/16,highprice,6791
2018/8/16,lowprice,6700
2018/8/16,tradevolum,5862600
2018/8/17,openingprice,6864
2018/8/17,closingprice,6803
2018/8/17,highprice,6866
2018/8/17,lowprice,6771
2018/8/17,tradevolum,4665900
2018/8/2,openingprice,7379
2018/8/2,closingprice,7282
2018/8/2,highprice,7383
2018/8/2,lowprice,7251
2018/8/2,tradevolum,6190300
2018/8/20,openingprice,6770
2018/8/20,closingprice,6760
2018/8/20,highprice,6786
2018/8/20,lowprice,6727
2018/8/20,tradevolum,3938100
2018/8/21,openingprice,6750
2018/8/21,closingprice,6724
2018/8/21,highprice,6758
2018/8/21,lowprice,6696
2018/8/21,tradevolum,4620300
2018/8/22,openingprice,6769
2018/8/22,closingprice,6879
2018/8/22,highprice,6898
2018/8/22,lowprice,6735
2018/8/22,tradevolum,5681400
2018/8/23,openingprice,6861
2018/8/23,closingprice,6802
2018/8/23,highprice,6869
2018/8/23,lowprice,6791
2018/8/23,tradevolum,4300300
2018/8/24,openingprice,6814
2018/8/24,closingprice,6830
2018/8/24,highprice,6842
2018/8/24,lowprice,6781
2018/8/24,tradevolum,3713200
2018/8/27,openingprice,6895
2018/8/27,closingprice,6966
2018/8/27,highprice,6983
2018/8/27,lowprice,6882
2018/8/27,tradevolum,5043900
2018/8/28,openingprice,7100
2018/8/28,closingprice,7026
2018/8/28,highprice,7125
2018/8/28,lowprice,7026
2018/8/28,tradevolum,6175900
2018/8/29,openingprice,6987
2018/8/29,closingprice,7070
2018/8/29,highprice,7091
2018/8/29,lowprice,6981
2018/8/29,tradevolum,4349200
2018/8/3,openingprice,7310
2018/8/3,closingprice,7220
2018/8/3,highprice,7410
2018/8/3,lowprice,7200
2018/8/3,tradevolum,9080300
2018/8/30,openingprice,7130
2018/8/30,closingprice,7003
2018/8/30,highprice,7130
2018/8/30,lowprice,7002
2018/8/30,tradevolum,5826900
2018/8/31,openingprice,6973
2018/8/31,closingprice,6930
2018/8/31,highprice,6984
2018/8/31,lowprice,6922
2018/8/31,tradevolum,5930600
2018/8/6,openingprice,7258
2018/8/6,closingprice,7133
2018/8/6,highprice,7271
2018/8/6,lowprice,7107
2018/8/6,tradevolum,5729500
2018/8/7,openingprice,7168
2018/8/7,closingprice,7146
2018/8/7,highprice,7168
2018/8/7,lowprice,7053
2018/8/7,tradevolum,5252200
2018/8/8,openingprice,7145
2018/8/8,closingprice,7061
2018/8/8,highprice,7153
2018/8/8,lowprice,7060
2018/8/8,tradevolum,4294900
2018/8/9,openingprice,7051
2018/8/9,closingprice,6990
2018/8/9,highprice,7054
2018/8/9,lowprice,6979
2018/8/9,tradevolum,5009500
2018/9/10,openingprice,6565
2018/9/10,closingprice,6594
2018/9/10,highprice,6644
2018/9/10,lowprice,6556
2018/9/10,tradevolum,4735300
2018/9/11,openingprice,6612
2018/9/11,closingprice,6700
2018/9/11,highprice,6728
2018/9/11,lowprice,6597
2018/9/11,tradevolum,5704700
2018/9/12,openingprice,6682
2018/9/12,closingprice,6661
2018/9/12,highprice,6710
2018/9/12,lowprice,6622
2018/9/12,tradevolum,5317300
2018/9/13,openingprice,6705
2018/9/13,closingprice,6783
2018/9/13,highprice,6805
2018/9/13,lowprice,6694
2018/9/13,tradevolum,6310600
2018/9/14,openingprice,6845
2018/9/14,closingprice,6848
2018/9/14,highprice,6859
2018/9/14,lowprice,6798
2018/9/14,tradevolum,7650100
2018/9/18,openingprice,6837
2018/9/18,closingprice,6960
2018/9/18,highprice,6968
2018/9/18,lowprice,6811
2018/9/18,tradevolum,7027400
2018/9/19,openingprice,7017
2018/9/19,closingprice,7019
2018/9/19,highprice,7075
2018/9/19,lowprice,6991
2018/9/19,tradevolum,7104100
2018/9/20,openingprice,7065
2018/9/20,closingprice,6979
2018/9/20,highprice,7066
2018/9/20,lowprice,6954
2018/9/20,tradevolum,7161200
2018/9/21,openingprice,7051
2018/9/21,closingprice,7000
2018/9/21,highprice,7054
2018/9/21,lowprice,6997
2018/9/21,tradevolum,10446100
2018/9/25,openingprice,7004
2018/9/25,closingprice,7122
2018/9/25,highprice,7126
2018/9/25,lowprice,7001
2018/9/25,tradevolum,8661800
2018/9/26,openingprice,7055
2018/9/26,closingprice,7030
2018/9/26,highprice,7060
2018/9/26,lowprice,6947
2018/9/26,tradevolum,7999900
2018/9/27,openingprice,7110
2018/9/27,closingprice,7008
2018/9/27,highprice,7134
2018/9/27,lowprice,7002
2018/9/27,tradevolum,8039100
2018/9/28,openingprice,7083
2018/9/28,closingprice,7095
2018/9/28,highprice,7114
2018/9/28,lowprice,7020
2018/9/28,tradevolum,8082700
2018/9/3,openingprice,6851
2018/9/3,closingprice,6816
2018/9/3,highprice,6885
2018/9/3,lowprice,6805
2018/9/3,tradevolum,4812800
2018/9/4,openingprice,6808
2018/9/4,closingprice,6773
2018/9/4,highprice,6811
2018/9/4,lowprice,6758
2018/9/4,tradevolum,4265800
2018/9/5,openingprice,6763
2018/9/5,closingprice,6721
2018/9/5,highprice,6791
2018/9/5,lowprice,6711
2018/9/5,tradevolum,6024000
2018/9/6,openingprice,6681
2018/9/6,closingprice,6667
2018/9/6,highprice,6702
2018/9/6,lowprice,6646
2018/9/6,tradevolum,5451500
2018/9/7,openingprice,6610
2018/9/7,closingprice,6596
2018/9/7,highprice,6626
2018/9/7,lowprice,6552
2018/9/7,tradevolum,6639700